<?xml version='1.0' encoding='utf-8'?>
<osm attribution="https://www.openstreetmap.org/copyright" copyright="OpenStreetMap and contributors" generator="OSMnx 2.0.7" license="https://opendatacommons.org/licenses/odbl/1-0/" version="0.6"><bounds minlon="-3.725143" minlat="40.4218358" maxlon="-3.7108128" maxlat="40.4350563" /><node uid="1" lon="-3.7149592" id="25935515" timestamp="2026-05-13T09:37:55Z" lat="40.4289237" changeset="1" visible="true" version="1" user="OSMnx" /><node uid="1" lon="-3.7150989" id="25935516" timestamp="2026-05-13T09:37:55Z" lat="40.4288591" changeset="1" visible="true" version="1" user="OSMnx" /><node uid="1" lon="-3.7162136" id="25935521" timestamp="2026-05-13T09:37:55Z" lat="40.430667" changeset="1" visible="true" version="1" user="OSMnx" /><node uid="1" lon="-3.7161447" id="25935522" timestamp="2026-05-13T09:37:55Z" lat="40.4305604" changeset="1" visible="true" version="1" user="OSMnx" /><node uid="1" lon="-3.7163298" id="25935523" timestamp="2026-05-13T09:37:55Z" lat="40.4306489" changeset="1" visible="true" version="1" user="OSMnx" /><node uid="1" lon="-3.7162708" id="25935524" timestamp="2026-05-13T09:37:55Z" lat="40.4305519" changeset="1" visible="true" version="1" user="OSMnx" /><node uid="1" lon="-3.717063" id="25935531" timestamp="2026-05-13T09:37:55Z" lat="40.4316681" changeset="1" visible="true" version="1" user="OSMnx" /><node uid="1" lon="-3.7169074" id="25935532" timestamp="2026-05-13T09:37:55Z" lat="40.4316461" changeset="1" visible="true" version="1" user="OSMnx" /><node uid="1" lon="-3.7191171" id="25935534" timestamp="2026-05-13T09:37:55Z" lat="40.4307846" changeset="1" visible="true" version="1" user="OSMnx" /><node uid="1" lon="-3.7157125" id="25935540" timestamp="2026-05-13T09:37:55Z" lat="40.4297103" changeset="1" visible="true" version="1" user="OSMnx" /><node uid="1" lon="-3.7200824" id="25935554" timestamp="2026-05-13T09:37:55Z" lat="40.4303837" changeset="1" visible="true" version="1" user="OSMnx" /><node uid="1" lon="-3.7117116" id="26067257" timestamp="2026-05-13T09:37:55Z" lat="40.4244003" changeset="1" visible="true" version="1" user="OSMnx" /><node uid="1" lon="-3.7112116" id="26067836" timestamp="2026-05-13T09:37:55Z" lat="40.4231942" changeset="1" visible="true" version="1" user="OSMnx" /><node uid="1" lon="-3.7127393" id="26067863" timestamp="2026-05-13T09:37:55Z" lat="40.4224377" changeset="1" visible="true" version="1" user="OSMnx" /><node uid="1" lon="-3.7118081" id="26067866" timestamp="2026-05-13T09:37:55Z" lat="40.4243672" changeset="1" visible="true" version="1" user="OSMnx" /><node uid="1" lon="-3.7132546" id="26067881" timestamp="2026-05-13T09:37:55Z" lat="40.426356" changeset="1" visible="true" version="1" user="OSMnx" /><node uid="1" lon="-3.7136282" id="26067884" timestamp="2026-05-13T09:37:55Z" lat="40.4270654" changeset="1" visible="true" version="1" user="OSMnx" /><node uid="1" lon="-3.7138322" id="26067885" timestamp="2026-05-13T09:37:55Z" lat="40.4271671" changeset="1" visible="true" version="1" user="OSMnx" /><node uid="1" lon="-3.7138485" id="26067887" timestamp="2026-05-13T09:37:55Z" lat="40.427511" changeset="1" visible="true" version="1" user="OSMnx"><tag k="highway" v="traffic_signals" /></node><node uid="1" lon="-3.7129554" id="26068003" timestamp="2026-05-13T09:37:55Z" lat="40.4237704" changeset="1" visible="true" version="1" user="OSMnx" /><node uid="1" lon="-3.7123967" id="26068006" timestamp="2026-05-13T09:37:55Z" lat="40.425163" changeset="1" visible="true" version="1" user="OSMnx" /><node uid="1" lon="-3.7124784" id="26068010" timestamp="2026-05-13T09:37:55Z" lat="40.4240308" changeset="1" visible="true" version="1" user="OSMnx" /><node uid="1" lon="-3.7167587" id="26080658" timestamp="2026-05-13T09:37:55Z" lat="40.4255872" changeset="1" visible="true" version="1" user="OSMnx" /><node uid="1" lon="-3.7164065" id="26080659" timestamp="2026-05-13T09:37:55Z" lat="40.4252028" changeset="1" visible="true" version="1" user="OSMnx" /><node uid="1" lon="-3.7166983" id="26080661" timestamp="2026-05-13T09:37:55Z" lat="40.4253701" changeset="1" visible="true" version="1" user="OSMnx" /><node uid="1" lon="-3.7167375" id="26080662" timestamp="2026-05-13T09:37:55Z" lat="40.4253641" changeset="1" visible="true" version="1" user="OSMnx" /><node uid="1" lon="-3.7172006" id="26080663" timestamp="2026-05-13T09:37:55Z" lat="40.4252498" changeset="1" visible="true" version="1" user="OSMnx" /><node uid="1" lon="-3.7167268" id="26080664" timestamp="2026-05-13T09:37:55Z" lat="40.4251443" changeset="1" visible="true" version="1" user="OSMnx" /><node uid="1" lon="-3.7164578" id="26080665" timestamp="2026-05-13T09:37:55Z" lat="40.4250282" changeset="1" visible="true" version="1" user="OSMnx" /><node uid="1" lon="-3.7154971" id="26080667" timestamp="2026-05-13T09:37:55Z" lat="40.4241005" changeset="1" visible="true" version="1" user="OSMnx" /><node uid="1" lon="-3.7159496" id="26080688" timestamp="2026-05-13T09:37:55Z" lat="40.4247524" changeset="1" visible="true" version="1" user="OSMnx" /><node uid="1" lon="-3.7156188" id="26080738" timestamp="2026-05-13T09:37:55Z" lat="40.4241284" changeset="1" visible="true" version="1" user="OSMnx" /><node uid="1" lon="-3.7184579" id="26080754" timestamp="2026-05-13T09:37:55Z" lat="40.425469" changeset="1" visible="true" version="1" user="OSMnx" /><node uid="1" lon="-3.7182799" id="26080755" timestamp="2026-05-13T09:37:55Z" lat="40.4254769" changeset="1" visible="true" version="1" user="OSMnx" /><node uid="1" lon="-3.7184524" id="26080756" timestamp="2026-05-13T09:37:55Z" lat="40.4255719" changeset="1" visible="true" version="1" user="OSMnx" /><node uid="1" lon="-3.7186775" id="26080757" timestamp="2026-05-13T09:37:55Z" lat="40.425781" changeset="1" visible="true" version="1" user="OSMnx" /><node uid="1" lon="-3.7196945" id="26080763" timestamp="2026-05-13T09:37:55Z" lat="40.4268249" changeset="1" visible="true" version="1" user="OSMnx" /><node uid="1" lon="-3.7146265" id="26080778" timestamp="2026-05-13T09:37:55Z" lat="40.4282605" changeset="1" visible="true" version="1" user="OSMnx" /><node uid="1" lon="-3.714219" id="26080779" timestamp="2026-05-13T09:37:55Z" lat="40.4277051" changeset="1" visible="true" version="1" user="OSMnx" /><node uid="1" lon="-3.7142826" id="26080781" timestamp="2026-05-13T09:37:55Z" lat="40.4266075" changeset="1" visible="true" version="1" user="OSMnx" /><node uid="1" lon="-3.7171105" id="26578942" timestamp="2026-05-13T09:37:55Z" lat="40.4319228" changeset="1" visible="true" version="1" user="OSMnx" /><node uid="1" lon="-3.7173983" id="26578943" timestamp="2026-05-13T09:37:55Z" lat="40.4322992" changeset="1" visible="true" version="1" user="OSMnx"><tag k="highway" v="traffic_signals" /></node><node uid="1" lon="-3.7179129" id="26578944" timestamp="2026-05-13T09:37:55Z" lat="40.4330227" changeset="1" visible="true" version="1" user="OSMnx" /><node uid="1" lon="-3.7185671" id="26578945" timestamp="2026-05-13T09:37:55Z" lat="40.4339433" changeset="1" visible="true" version="1" user="OSMnx"><tag k="highway" v="traffic_signals" /></node><node uid="1" lon="-3.7187427" id="26578946" timestamp="2026-05-13T09:37:55Z" lat="40.4341818" changeset="1" visible="true" version="1" user="OSMnx" /><node uid="1" lon="-3.7196737" id="26578950" timestamp="2026-05-13T09:37:55Z" lat="40.4314157" changeset="1" visible="true" version="1" user="OSMnx" /><node uid="1" lon="-3.7206561" id="26578951" timestamp="2026-05-13T09:37:55Z" lat="40.4309988" changeset="1" visible="true" version="1" user="OSMnx" /><node uid="1" lon="-3.7180218" id="26578954" timestamp="2026-05-13T09:37:55Z" lat="40.4329844" changeset="1" visible="true" version="1" user="OSMnx" /><node uid="1" lon="-3.7202608" id="26578956" timestamp="2026-05-13T09:37:55Z" lat="40.4320699" changeset="1" visible="true" version="1" user="OSMnx"><tag k="highway" v="traffic_signals" /></node><node uid="1" lon="-3.7212525" id="26578957" timestamp="2026-05-13T09:37:55Z" lat="40.4316438" changeset="1" visible="true" version="1" user="OSMnx" /><node uid="1" lon="-3.7178537" id="26578958" timestamp="2026-05-13T09:37:55Z" lat="40.432752" changeset="1" visible="true" version="1" user="OSMnx"><tag k="highway" v="crossing" /></node><node uid="1" lon="-3.7195061" id="26578960" timestamp="2026-05-13T09:37:55Z" lat="40.4349856" changeset="1" visible="true" version="1" user="OSMnx" /><node uid="1" lon="-3.7195778" id="26578961" timestamp="2026-05-13T09:37:55Z" lat="40.4349394" changeset="1" visible="true" version="1" user="OSMnx" /><node uid="1" lon="-3.7216644" id="26578963" timestamp="2026-05-13T09:37:55Z" lat="40.4340388" changeset="1" visible="true" version="1" user="OSMnx" /><node uid="1" lon="-3.7233905" id="26578974" timestamp="2026-05-13T09:37:55Z" lat="40.4324159" changeset="1" visible="true" version="1" user="OSMnx" /><node uid="1" lon="-3.7228178" id="26578975" timestamp="2026-05-13T09:37:55Z" lat="40.4318256" changeset="1" visible="true" version="1" user="OSMnx" /><node uid="1" lon="-3.716866" id="55138143" timestamp="2026-05-13T09:37:55Z" lat="40.4255068" changeset="1" visible="true" version="1" user="OSMnx"><tag k="highway" v="crossing" /></node><node uid="1" lon="-3.7158819" id="55138155" timestamp="2026-05-13T09:37:55Z" lat="40.4248129" changeset="1" visible="true" version="1" user="OSMnx"><tag k="highway" v="crossing" /></node><node uid="1" lon="-3.7153842" id="55138166" timestamp="2026-05-13T09:37:55Z" lat="40.4253544" changeset="1" visible="true" version="1" user="OSMnx" /><node uid="1" lon="-3.714876" id="55138174" timestamp="2026-05-13T09:37:55Z" lat="40.4259357" changeset="1" visible="true" version="1" user="OSMnx" /><node uid="1" lon="-3.7175377" id="55138197" timestamp="2026-05-13T09:37:55Z" lat="40.4323222" changeset="1" visible="true" version="1" user="OSMnx" /><node uid="1" lon="-3.7136301" id="55138206" timestamp="2026-05-13T09:37:55Z" lat="40.4256383" changeset="1" visible="true" version="1" user="OSMnx" /><node uid="1" lon="-3.7227494" id="55161023" timestamp="2026-05-13T09:37:55Z" lat="40.431755" changeset="1" visible="true" version="1" user="OSMnx" /><node uid="1" lon="-3.7161226" id="55161030" timestamp="2026-05-13T09:37:55Z" lat="40.4261356" changeset="1" visible="true" version="1" user="OSMnx" /><node uid="1" lon="-3.7154954" id="55161034" timestamp="2026-05-13T09:37:55Z" lat="40.4266525" changeset="1" visible="true" version="1" user="OSMnx" /><node uid="1" lon="-3.7191775" id="55161040" timestamp="2026-05-13T09:37:55Z" lat="40.4325245" changeset="1" visible="true" version="1" user="OSMnx" /><node uid="1" lon="-3.7143761" id="55161044" timestamp="2026-05-13T09:37:55Z" lat="40.426505" changeset="1" visible="true" version="1" user="OSMnx" /><node uid="1" lon="-3.7139989" id="55161046" timestamp="2026-05-13T09:37:55Z" lat="40.4250146" changeset="1" visible="true" version="1" user="OSMnx" /><node uid="1" lon="-3.7144124" id="55161049" timestamp="2026-05-13T09:37:55Z" lat="40.4242996" changeset="1" visible="true" version="1" user="OSMnx" /><node uid="1" lon="-3.7148919" id="55161051" timestamp="2026-05-13T09:37:55Z" lat="40.4271531" changeset="1" visible="true" version="1" user="OSMnx" /><node uid="1" lon="-3.7154109" id="55161055" timestamp="2026-05-13T09:37:55Z" lat="40.4277862" changeset="1" visible="true" version="1" user="OSMnx" /><node uid="1" lon="-3.7161126" id="55161059" timestamp="2026-05-13T09:37:55Z" lat="40.4273542" changeset="1" visible="true" version="1" user="OSMnx" /><node uid="1" lon="-3.71684" id="55161064" timestamp="2026-05-13T09:37:55Z" lat="40.4269087" changeset="1" visible="true" version="1" user="OSMnx" /><node uid="1" lon="-3.7176075" id="55161067" timestamp="2026-05-13T09:37:55Z" lat="40.426452" changeset="1" visible="true" version="1" user="OSMnx"><tag k="highway" v="traffic_signals" /></node><node uid="1" lon="-3.7185012" id="55161074" timestamp="2026-05-13T09:37:55Z" lat="40.4273851" changeset="1" visible="true" version="1" user="OSMnx" /><node uid="1" lon="-3.7176403" id="55161078" timestamp="2026-05-13T09:37:55Z" lat="40.4277617" changeset="1" visible="true" version="1" user="OSMnx" /><node uid="1" lon="-3.7168093" id="55161082" timestamp="2026-05-13T09:37:55Z" lat="40.4281253" changeset="1" visible="true" version="1" user="OSMnx" /><node uid="1" lon="-3.7159749" id="55161088" timestamp="2026-05-13T09:37:55Z" lat="40.4284856" changeset="1" visible="true" version="1" user="OSMnx" /><node uid="1" lon="-3.7166476" id="55161091" timestamp="2026-05-13T09:37:55Z" lat="40.4293142" changeset="1" visible="true" version="1" user="OSMnx" /><node uid="1" lon="-3.7175179" id="55161094" timestamp="2026-05-13T09:37:55Z" lat="40.4289351" changeset="1" visible="true" version="1" user="OSMnx" /><node uid="1" lon="-3.718385" id="55161100" timestamp="2026-05-13T09:37:55Z" lat="40.4285608" changeset="1" visible="true" version="1" user="OSMnx" /><node uid="1" lon="-3.7192718" id="55161108" timestamp="2026-05-13T09:37:55Z" lat="40.4281743" changeset="1" visible="true" version="1" user="OSMnx" /><node uid="1" lon="-3.7203175" id="55161119" timestamp="2026-05-13T09:37:55Z" lat="40.4292591" changeset="1" visible="true" version="1" user="OSMnx"><tag k="highway" v="traffic_signals" /></node><node uid="1" lon="-3.719334" id="55161124" timestamp="2026-05-13T09:37:55Z" lat="40.4295748" changeset="1" visible="true" version="1" user="OSMnx" /><node uid="1" lon="-3.7183351" id="55161130" timestamp="2026-05-13T09:37:55Z" lat="40.4299035" changeset="1" visible="true" version="1" user="OSMnx"><tag k="highway" v="traffic_signals" /></node><node uid="1" lon="-3.7173652" id="55161135" timestamp="2026-05-13T09:37:55Z" lat="40.4302182" changeset="1" visible="true" version="1" user="OSMnx"><tag k="highway" v="traffic_signals" /></node><node uid="1" lon="-3.7184152" id="55161145" timestamp="2026-05-13T09:37:55Z" lat="40.4299848" changeset="1" visible="true" version="1" user="OSMnx"><tag k="highway" v="traffic_signals" /></node><node uid="1" lon="-3.7194743" id="55161154" timestamp="2026-05-13T09:37:55Z" lat="40.4296443" changeset="1" visible="true" version="1" user="OSMnx" /><node uid="1" lon="-3.720405" id="55161167" timestamp="2026-05-13T09:37:55Z" lat="40.4293494" changeset="1" visible="true" version="1" user="OSMnx"><tag k="highway" v="traffic_signals" /></node><node uid="1" lon="-3.7181387" id="55161170" timestamp="2026-05-13T09:37:55Z" lat="40.4311908" changeset="1" visible="true" version="1" user="OSMnx" /><node uid="1" lon="-3.7186516" id="55161174" timestamp="2026-05-13T09:37:55Z" lat="40.4318494" changeset="1" visible="true" version="1" user="OSMnx" /><node uid="1" lon="-3.7216191" id="55161178" timestamp="2026-05-13T09:37:55Z" lat="40.4305906" changeset="1" visible="true" version="1" user="OSMnx" /><node uid="1" lon="-3.7210307" id="55161181" timestamp="2026-05-13T09:37:55Z" lat="40.4299909" changeset="1" visible="true" version="1" user="OSMnx"><tag k="highway" v="traffic_signals" /></node><node uid="1" lon="-3.7222423" id="55161188" timestamp="2026-05-13T09:37:55Z" lat="40.4312331" changeset="1" visible="true" version="1" user="OSMnx"><tag k="highway" v="traffic_signals" /></node><node uid="1" lon="-3.7224677" id="55161192" timestamp="2026-05-13T09:37:55Z" lat="40.4314659" changeset="1" visible="true" version="1" user="OSMnx" /><node uid="1" lon="-3.7139102" id="292118637" timestamp="2026-05-13T09:37:55Z" lat="40.4227485" changeset="1" visible="true" version="1" user="OSMnx" /><node uid="1" lon="-3.7133765" id="292118644" timestamp="2026-05-13T09:37:55Z" lat="40.4223752" changeset="1" visible="true" version="1" user="OSMnx" /><node uid="1" lon="-3.7130097" id="292118651" timestamp="2026-05-13T09:37:55Z" lat="40.4221827" changeset="1" visible="true" version="1" user="OSMnx" /><node uid="1" lon="-3.7142075" id="292118697" timestamp="2026-05-13T09:37:55Z" lat="40.4228087" changeset="1" visible="true" version="1" user="OSMnx" /><node uid="1" lon="-3.7132462" id="292118700" timestamp="2026-05-13T09:37:55Z" lat="40.4219403" changeset="1" visible="true" version="1" user="OSMnx" /><node uid="1" lon="-3.7130625" id="292118733" timestamp="2026-05-13T09:37:55Z" lat="40.4221975" changeset="1" visible="true" version="1" user="OSMnx" /><node uid="1" lon="-3.7153399" id="292123017" timestamp="2026-05-13T09:37:55Z" lat="40.423944" changeset="1" visible="true" version="1" user="OSMnx" /><node uid="1" lon="-3.7151855" id="292123018" timestamp="2026-05-13T09:37:55Z" lat="40.423701" changeset="1" visible="true" version="1" user="OSMnx" /><node uid="1" lon="-3.7170997" id="293293726" timestamp="2026-05-13T09:37:55Z" lat="40.425321" changeset="1" visible="true" version="1" user="OSMnx" /><node uid="1" lon="-3.7142741" id="298448863" timestamp="2026-05-13T09:37:55Z" lat="40.427978" changeset="1" visible="true" version="1" user="OSMnx" /><node uid="1" lon="-3.7127351" id="298608902" timestamp="2026-05-13T09:37:55Z" lat="40.4243081" changeset="1" visible="true" version="1" user="OSMnx" /><node uid="1" lon="-3.7128162" id="298609149" timestamp="2026-05-13T09:37:55Z" lat="40.4242702" changeset="1" visible="true" version="1" user="OSMnx" /><node uid="1" lon="-3.712857" id="298609151" timestamp="2026-05-13T09:37:55Z" lat="40.424622" changeset="1" visible="true" version="1" user="OSMnx" /><node uid="1" lon="-3.7126541" id="298609181" timestamp="2026-05-13T09:37:55Z" lat="40.42439" changeset="1" visible="true" version="1" user="OSMnx" /><node uid="1" lon="-3.7128324" id="298609192" timestamp="2026-05-13T09:37:55Z" lat="40.4246172" changeset="1" visible="true" version="1" user="OSMnx" /><node uid="1" lon="-3.7130261" id="298609205" timestamp="2026-05-13T09:37:55Z" lat="40.4245545" changeset="1" visible="true" version="1" user="OSMnx" /><node uid="1" lon="-3.7125258" id="298609370" timestamp="2026-05-13T09:37:55Z" lat="40.4253388" changeset="1" visible="true" version="1" user="OSMnx" /><node uid="1" lon="-3.7138164" id="298609424" timestamp="2026-05-13T09:37:55Z" lat="40.4247456" changeset="1" visible="true" version="1" user="OSMnx" /><node uid="1" lon="-3.7214834" id="318919466" timestamp="2026-05-13T09:37:55Z" lat="40.4286581" changeset="1" visible="true" version="1" user="OSMnx" /><node uid="1" lon="-3.7160194" id="454563947" timestamp="2026-05-13T09:37:55Z" lat="40.4246396" changeset="1" visible="true" version="1" user="OSMnx" /><node uid="1" lon="-3.7152549" id="614036231" timestamp="2026-05-13T09:37:55Z" lat="40.4292017" changeset="1" visible="true" version="1" user="OSMnx" /><node uid="1" lon="-3.7151152" id="614036232" timestamp="2026-05-13T09:37:55Z" lat="40.429073" changeset="1" visible="true" version="1" user="OSMnx" /><node uid="1" lon="-3.716495" id="622204580" timestamp="2026-05-13T09:37:55Z" lat="40.4306087" changeset="1" visible="true" version="1" user="OSMnx"><tag k="highway" v="crossing" /></node><node uid="1" lon="-3.7164404" id="622204581" timestamp="2026-05-13T09:37:55Z" lat="40.4305213" changeset="1" visible="true" version="1" user="OSMnx"><tag k="highway" v="crossing" /></node><node uid="1" lon="-3.7161205" id="622204582" timestamp="2026-05-13T09:37:55Z" lat="40.430345" changeset="1" visible="true" version="1" user="OSMnx"><tag k="highway" v="crossing" /></node><node uid="1" lon="-3.7160267" id="622204583" timestamp="2026-05-13T09:37:55Z" lat="40.4303801" changeset="1" visible="true" version="1" user="OSMnx"><tag k="highway" v="crossing" /></node><node uid="1" lon="-3.7163247" id="622204586" timestamp="2026-05-13T09:37:55Z" lat="40.430839" changeset="1" visible="true" version="1" user="OSMnx"><tag k="highway" v="crossing" /></node><node uid="1" lon="-3.7164323" id="622204587" timestamp="2026-05-13T09:37:55Z" lat="40.4307992" changeset="1" visible="true" version="1" user="OSMnx"><tag k="highway" v="crossing" /></node><node uid="1" lon="-3.7162308" id="623071227" timestamp="2026-05-13T09:37:55Z" lat="40.4248058" changeset="1" visible="true" version="1" user="OSMnx"><tag k="highway" v="crossing" /></node><node uid="1" lon="-3.7160723" id="623071228" timestamp="2026-05-13T09:37:55Z" lat="40.4248697" changeset="1" visible="true" version="1" user="OSMnx"><tag k="highway" v="crossing" /></node><node uid="1" lon="-3.7149584" id="858587190" timestamp="2026-05-13T09:37:55Z" lat="40.4291026" changeset="1" visible="true" version="1" user="OSMnx" /><node uid="1" lon="-3.7158219" id="858587194" timestamp="2026-05-13T09:37:55Z" lat="40.4299086" changeset="1" visible="true" version="1" user="OSMnx" /><node uid="1" lon="-3.7150956" id="858587220" timestamp="2026-05-13T09:37:55Z" lat="40.4291207" changeset="1" visible="true" version="1" user="OSMnx" /><node uid="1" lon="-3.7157112" id="858587240" timestamp="2026-05-13T09:37:55Z" lat="40.4298215" changeset="1" visible="true" version="1" user="OSMnx" /><node uid="1" lon="-3.713122" id="893869107" timestamp="2026-05-13T09:37:55Z" lat="40.4263332" changeset="1" visible="true" version="1" user="OSMnx" /><node uid="1" lon="-3.7124126" id="904868123" timestamp="2026-05-13T09:37:55Z" lat="40.4253594" changeset="1" visible="true" version="1" user="OSMnx" /><node uid="1" lon="-3.7122778" id="904868125" timestamp="2026-05-13T09:37:55Z" lat="40.4251694" changeset="1" visible="true" version="1" user="OSMnx" /><node uid="1" lon="-3.7191917" id="913080864" timestamp="2026-05-13T09:37:55Z" lat="40.4348271" changeset="1" visible="true" version="1" user="OSMnx"><tag k="highway" v="crossing" /></node><node uid="1" lon="-3.7130119" id="913080865" timestamp="2026-05-13T09:37:55Z" lat="40.4261823" changeset="1" visible="true" version="1" user="OSMnx"><tag k="highway" v="traffic_signals" /></node><node uid="1" lon="-3.7144272" id="913080866" timestamp="2026-05-13T09:37:55Z" lat="40.4280031" changeset="1" visible="true" version="1" user="OSMnx"><tag k="highway" v="crossing" /></node><node uid="1" lon="-3.7197373" id="913080867" timestamp="2026-05-13T09:37:55Z" lat="40.4348638" changeset="1" visible="true" version="1" user="OSMnx"><tag k="highway" v="crossing" /></node><node uid="1" lon="-3.719378" id="913080870" timestamp="2026-05-13T09:37:55Z" lat="40.4347523" changeset="1" visible="true" version="1" user="OSMnx"><tag k="highway" v="crossing" /></node><node uid="1" lon="-3.7141462" id="913080871" timestamp="2026-05-13T09:37:55Z" lat="40.427796" changeset="1" visible="true" version="1" user="OSMnx" /><node uid="1" lon="-3.7149541" id="913206910" timestamp="2026-05-13T09:37:55Z" lat="40.429108" changeset="1" visible="true" version="1" user="OSMnx"><tag k="highway" v="crossing" /></node><node uid="1" lon="-3.7121047" id="913224061" timestamp="2026-05-13T09:37:55Z" lat="40.4242403" changeset="1" visible="true" version="1" user="OSMnx" /><node uid="1" lon="-3.7111901" id="913224073" timestamp="2026-05-13T09:37:55Z" lat="40.423732" changeset="1" visible="true" version="1" user="OSMnx" /><node uid="1" lon="-3.7147067" id="927751050" timestamp="2026-05-13T09:37:55Z" lat="40.4269303" changeset="1" visible="true" version="1" user="OSMnx" /><node uid="1" lon="-3.7139107" id="927751052" timestamp="2026-05-13T09:37:55Z" lat="40.4272781" changeset="1" visible="true" version="1" user="OSMnx" /><node uid="1" lon="-3.7172774" id="929294336" timestamp="2026-05-13T09:37:55Z" lat="40.4319681" changeset="1" visible="true" version="1" user="OSMnx"><tag k="highway" v="crossing" /></node><node uid="1" lon="-3.7182063" id="937660054" timestamp="2026-05-13T09:37:55Z" lat="40.4334309" changeset="1" visible="true" version="1" user="OSMnx" /><node uid="1" lon="-3.7185057" id="937660056" timestamp="2026-05-13T09:37:55Z" lat="40.433661" changeset="1" visible="true" version="1" user="OSMnx"><tag k="highway" v="traffic_signals" /></node><node uid="1" lon="-3.7182773" id="937660057" timestamp="2026-05-13T09:37:55Z" lat="40.4333441" changeset="1" visible="true" version="1" user="OSMnx"><tag k="highway" v="crossing" /></node><node uid="1" lon="-3.717032" id="937706305" timestamp="2026-05-13T09:37:55Z" lat="40.4252226" changeset="1" visible="true" version="1" user="OSMnx"><tag k="highway" v="crossing" /></node><node uid="1" lon="-3.7125088" id="960747254" timestamp="2026-05-13T09:37:55Z" lat="40.4225053" changeset="1" visible="true" version="1" user="OSMnx" /><node uid="1" lon="-3.7128138" id="1067565836" timestamp="2026-05-13T09:37:55Z" lat="40.4259215" changeset="1" visible="true" version="1" user="OSMnx" /><node uid="1" lon="-3.7184493" id="1067565849" timestamp="2026-05-13T09:37:55Z" lat="40.4335909" changeset="1" visible="true" version="1" user="OSMnx" /><node uid="1" lon="-3.7214929" id="1095709754" timestamp="2026-05-13T09:37:55Z" lat="40.4288889" changeset="1" visible="true" version="1" user="OSMnx" /><node uid="1" lon="-3.7204701" id="1095709758" timestamp="2026-05-13T09:37:55Z" lat="40.4292094" changeset="1" visible="true" version="1" user="OSMnx"><tag k="highway" v="crossing" /></node><node uid="1" lon="-3.7215922" id="1095709759" timestamp="2026-05-13T09:37:55Z" lat="40.4289787" changeset="1" visible="true" version="1" user="OSMnx" /><node uid="1" lon="-3.7213946" id="1095709761" timestamp="2026-05-13T09:37:55Z" lat="40.4289104" changeset="1" visible="true" version="1" user="OSMnx"><tag k="highway" v="traffic_signals" /></node><node uid="1" lon="-3.7214905" id="1095709762" timestamp="2026-05-13T09:37:55Z" lat="40.4290119" changeset="1" visible="true" version="1" user="OSMnx"><tag k="highway" v="traffic_signals" /></node><node uid="1" lon="-3.7205734" id="1095709764" timestamp="2026-05-13T09:37:55Z" lat="40.4292944" changeset="1" visible="true" version="1" user="OSMnx"><tag k="highway" v="crossing" /></node><node uid="1" lon="-3.7202106" id="1179021961" timestamp="2026-05-13T09:37:55Z" lat="40.4291488" changeset="1" visible="true" version="1" user="OSMnx"><tag k="highway" v="crossing" /></node><node uid="1" lon="-3.7148692" id="1179022127" timestamp="2026-05-13T09:37:55Z" lat="40.4287875" changeset="1" visible="true" version="1" user="OSMnx"><tag k="highway" v="traffic_signals" /></node><node uid="1" lon="-3.7167936" id="1179022159" timestamp="2026-05-13T09:37:55Z" lat="40.4252596" changeset="1" visible="true" version="1" user="OSMnx"><tag k="highway" v="traffic_signals" /></node><node uid="1" lon="-3.7151983" id="1179022182" timestamp="2026-05-13T09:37:55Z" lat="40.4289864" changeset="1" visible="true" version="1" user="OSMnx"><tag k="highway" v="crossing" /></node><node uid="1" lon="-3.7151722" id="1179022300" timestamp="2026-05-13T09:37:55Z" lat="40.4288261" changeset="1" visible="true" version="1" user="OSMnx"><tag k="highway" v="crossing" /></node><node uid="1" lon="-3.7148916" id="1179022387" timestamp="2026-05-13T09:37:55Z" lat="40.428992" changeset="1" visible="true" version="1" user="OSMnx"><tag k="highway" v="crossing" /></node><node uid="1" lon="-3.7187477" id="1179022390" timestamp="2026-05-13T09:37:55Z" lat="40.425854" changeset="1" visible="true" version="1" user="OSMnx"><tag k="highway" v="traffic_signals" /></node><node uid="1" lon="-3.7167912" id="1179022515" timestamp="2026-05-13T09:37:55Z" lat="40.4253109" changeset="1" visible="true" version="1" user="OSMnx" /><node uid="1" lon="-3.7158021" id="1179022518" timestamp="2026-05-13T09:37:55Z" lat="40.4296865" changeset="1" visible="true" version="1" user="OSMnx"><tag k="highway" v="crossing" /></node><node uid="1" lon="-3.7149422" id="1179022533" timestamp="2026-05-13T09:37:55Z" lat="40.4286907" changeset="1" visible="true" version="1" user="OSMnx" /><node uid="1" lon="-3.7155082" id="1179022558" timestamp="2026-05-13T09:37:55Z" lat="40.4296862" changeset="1" visible="true" version="1" user="OSMnx" /><node uid="1" lon="-3.7150377" id="1179022561" timestamp="2026-05-13T09:37:55Z" lat="40.4290368" changeset="1" visible="true" version="1" user="OSMnx"><tag k="highway" v="crossing" /></node><node uid="1" lon="-3.7110855" id="1352957236" timestamp="2026-05-13T09:37:55Z" lat="40.423257" changeset="1" visible="true" version="1" user="OSMnx"><tag k="highway" v="crossing" /></node><node uid="1" lon="-3.7111593" id="1352957241" timestamp="2026-05-13T09:37:55Z" lat="40.4233305" changeset="1" visible="true" version="1" user="OSMnx"><tag k="highway" v="crossing" /></node><node uid="1" lon="-3.711082" id="1352957251" timestamp="2026-05-13T09:37:55Z" lat="40.4236064" changeset="1" visible="true" version="1" user="OSMnx"><tag k="highway" v="traffic_signals" /></node><node uid="1" lon="-3.7184034" id="1358036196" timestamp="2026-05-13T09:37:55Z" lat="40.4272842" changeset="1" visible="true" version="1" user="OSMnx"><tag k="highway" v="traffic_signals" /></node><node uid="1" lon="-3.7186216" id="1358036197" timestamp="2026-05-13T09:37:55Z" lat="40.427332" changeset="1" visible="true" version="1" user="OSMnx"><tag k="highway" v="crossing" /></node><node uid="1" lon="-3.7183465" id="1358036198" timestamp="2026-05-13T09:37:55Z" lat="40.4274523" changeset="1" visible="true" version="1" user="OSMnx"><tag k="highway" v="traffic_signals" /></node><node uid="1" lon="-3.7186105" id="1358036199" timestamp="2026-05-13T09:37:55Z" lat="40.4274979" changeset="1" visible="true" version="1" user="OSMnx"><tag k="highway" v="crossing" /></node><node uid="1" lon="-3.7168724" id="1358036200" timestamp="2026-05-13T09:37:55Z" lat="40.4280977" changeset="1" visible="true" version="1" user="OSMnx"><tag k="highway" v="crossing" /></node><node uid="1" lon="-3.7191947" id="1358036201" timestamp="2026-05-13T09:37:55Z" lat="40.4281007" changeset="1" visible="true" version="1" user="OSMnx"><tag k="highway" v="traffic_signals" /></node><node uid="1" lon="-3.7193778" id="1358036202" timestamp="2026-05-13T09:37:55Z" lat="40.4281246" changeset="1" visible="true" version="1" user="OSMnx"><tag k="highway" v="traffic_signals" /></node><node uid="1" lon="-3.7191456" id="1358036203" timestamp="2026-05-13T09:37:55Z" lat="40.4282307" changeset="1" visible="true" version="1" user="OSMnx"><tag k="highway" v="crossing" /></node><node uid="1" lon="-3.7167028" id="1364770887" timestamp="2026-05-13T09:37:55Z" lat="40.4255237" changeset="1" visible="true" version="1" user="OSMnx"><tag k="highway" v="crossing" /></node><node uid="1" lon="-3.7183441" id="1364770889" timestamp="2026-05-13T09:37:55Z" lat="40.425502" changeset="1" visible="true" version="1" user="OSMnx" /><node uid="1" lon="-3.7185601" id="1364770912" timestamp="2026-05-13T09:37:55Z" lat="40.4258713" changeset="1" visible="true" version="1" user="OSMnx"><tag k="highway" v="crossing" /></node><node uid="1" lon="-3.719576" id="1364770953" timestamp="2026-05-13T09:37:55Z" lat="40.4269157" changeset="1" visible="true" version="1" user="OSMnx"><tag k="highway" v="traffic_signals" /></node><node uid="1" lon="-3.7203194" id="1364771096" timestamp="2026-05-13T09:37:55Z" lat="40.4277176" changeset="1" visible="true" version="1" user="OSMnx"><tag k="highway" v="crossing" /></node><node uid="1" lon="-3.72209" id="1364771581" timestamp="2026-05-13T09:37:55Z" lat="40.42955" changeset="1" visible="true" version="1" user="OSMnx" /><node uid="1" lon="-3.7226721" id="1364771695" timestamp="2026-05-13T09:37:55Z" lat="40.4301432" changeset="1" visible="true" version="1" user="OSMnx" /><node uid="1" lon="-3.7233306" id="1364771799" timestamp="2026-05-13T09:37:55Z" lat="40.4307813" changeset="1" visible="true" version="1" user="OSMnx"><tag k="highway" v="crossing" /></node><node uid="1" lon="-3.7238883" id="1364771873" timestamp="2026-05-13T09:37:55Z" lat="40.4313886" changeset="1" visible="true" version="1" user="OSMnx" /><node uid="1" lon="-3.7244253" id="1364771904" timestamp="2026-05-13T09:37:55Z" lat="40.4319793" changeset="1" visible="true" version="1" user="OSMnx"><tag k="highway" v="crossing" /></node><node uid="1" lon="-3.7239085" id="1364772083" timestamp="2026-05-13T09:37:55Z" lat="40.4329403" changeset="1" visible="true" version="1" user="OSMnx"><tag k="highway" v="crossing" /></node><node uid="1" lon="-3.7215957" id="1364772380" timestamp="2026-05-13T09:37:55Z" lat="40.4339343" changeset="1" visible="true" version="1" user="OSMnx"><tag k="highway" v="crossing" /></node><node uid="1" lon="-3.7143221" id="1378696850" timestamp="2026-05-13T09:37:55Z" lat="40.4276262" changeset="1" visible="true" version="1" user="OSMnx"><tag k="highway" v="traffic_signals" /></node><node uid="1" lon="-3.7140961" id="1378696853" timestamp="2026-05-13T09:37:55Z" lat="40.4277174" changeset="1" visible="true" version="1" user="OSMnx"><tag k="highway" v="traffic_signals" /></node><node uid="1" lon="-3.7142654" id="1378696856" timestamp="2026-05-13T09:37:55Z" lat="40.4277838" changeset="1" visible="true" version="1" user="OSMnx"><tag k="highway" v="traffic_signals" /></node><node uid="1" lon="-3.7142015" id="1378696858" timestamp="2026-05-13T09:37:55Z" lat="40.4280202" changeset="1" visible="true" version="1" user="OSMnx"><tag k="highway" v="crossing" /></node><node uid="1" lon="-3.7143237" id="1378696860" timestamp="2026-05-13T09:37:55Z" lat="40.4280446" changeset="1" visible="true" version="1" user="OSMnx"><tag k="highway" v="crossing" /></node><node uid="1" lon="-3.71689" id="1378696877" timestamp="2026-05-13T09:37:55Z" lat="40.4314295" changeset="1" visible="true" version="1" user="OSMnx"><tag k="highway" v="traffic_signals" /></node><node uid="1" lon="-3.7171698" id="1378696878" timestamp="2026-05-13T09:37:55Z" lat="40.4315932" changeset="1" visible="true" version="1" user="OSMnx"><tag k="highway" v="crossing" /></node><node uid="1" lon="-3.7172019" id="1378696879" timestamp="2026-05-13T09:37:55Z" lat="40.4318636" changeset="1" visible="true" version="1" user="OSMnx" /><node uid="1" lon="-3.7185037" id="1446632660" timestamp="2026-05-13T09:37:55Z" lat="40.4338561" changeset="1" visible="true" version="1" user="OSMnx" /><node uid="1" lon="-3.7194436" id="1486142511" timestamp="2026-05-13T09:37:55Z" lat="40.4350563" changeset="1" visible="true" version="1" user="OSMnx" /><node uid="1" lon="-3.7129939" id="1501171058" timestamp="2026-05-13T09:37:55Z" lat="40.4222065" changeset="1" visible="true" version="1" user="OSMnx"><tag k="highway" v="crossing" /></node><node uid="1" lon="-3.7132692" id="1501171068" timestamp="2026-05-13T09:37:55Z" lat="40.4219615" changeset="1" visible="true" version="1" user="OSMnx"><tag k="highway" v="traffic_signals" /></node><node uid="1" lon="-3.7132932" id="1501171070" timestamp="2026-05-13T09:37:55Z" lat="40.4219853" changeset="1" visible="true" version="1" user="OSMnx" /><node uid="1" lon="-3.7131968" id="1501171071" timestamp="2026-05-13T09:37:55Z" lat="40.4219901" changeset="1" visible="true" version="1" user="OSMnx"><tag k="highway" v="traffic_signals" /></node><node uid="1" lon="-3.7131506" id="1501171095" timestamp="2026-05-13T09:37:55Z" lat="40.4222403" changeset="1" visible="true" version="1" user="OSMnx" /><node uid="1" lon="-3.7133371" id="1501171147" timestamp="2026-05-13T09:37:55Z" lat="40.4235519" changeset="1" visible="true" version="1" user="OSMnx" /><node uid="1" lon="-3.7109359" id="1501200366" timestamp="2026-05-13T09:37:55Z" lat="40.4234775" changeset="1" visible="true" version="1" user="OSMnx" /><node uid="1" lon="-3.7110123" id="1501200369" timestamp="2026-05-13T09:37:55Z" lat="40.4235378" changeset="1" visible="true" version="1" user="OSMnx" /><node uid="1" lon="-3.7116038" id="1501200383" timestamp="2026-05-13T09:37:55Z" lat="40.4242502" changeset="1" visible="true" version="1" user="OSMnx"><tag k="highway" v="crossing" /></node><node uid="1" lon="-3.7115807" id="1501200384" timestamp="2026-05-13T09:37:55Z" lat="40.4244568" changeset="1" visible="true" version="1" user="OSMnx"><tag k="highway" v="crossing" /></node><node uid="1" lon="-3.7119367" id="1501200385" timestamp="2026-05-13T09:37:55Z" lat="40.4245034" changeset="1" visible="true" version="1" user="OSMnx"><tag k="highway" v="crossing" /></node><node uid="1" lon="-3.7118184" id="1501200393" timestamp="2026-05-13T09:37:55Z" lat="40.424551" changeset="1" visible="true" version="1" user="OSMnx"><tag k="highway" v="crossing" /></node><node uid="1" lon="-3.7144199" id="1501213545" timestamp="2026-05-13T09:37:55Z" lat="40.4231873" changeset="1" visible="true" version="1" user="OSMnx" /><node uid="1" lon="-3.7177586" id="1505080991" timestamp="2026-05-13T09:37:55Z" lat="40.4327958" changeset="1" visible="true" version="1" user="OSMnx"><tag k="highway" v="crossing" /></node><node uid="1" lon="-3.7181514" id="1505080997" timestamp="2026-05-13T09:37:55Z" lat="40.4329502" changeset="1" visible="true" version="1" user="OSMnx"><tag k="highway" v="crossing" /></node><node uid="1" lon="-3.7180901" id="1505081012" timestamp="2026-05-13T09:37:55Z" lat="40.433081" changeset="1" visible="true" version="1" user="OSMnx"><tag k="highway" v="traffic_signals" /></node><node uid="1" lon="-3.7181732" id="1505081028" timestamp="2026-05-13T09:37:55Z" lat="40.4333847" changeset="1" visible="true" version="1" user="OSMnx"><tag k="highway" v="crossing" /></node><node uid="1" lon="-3.7183471" id="1505081040" timestamp="2026-05-13T09:37:55Z" lat="40.433633" changeset="1" visible="true" version="1" user="OSMnx" /><node uid="1" lon="-3.7128955" id="1652768007" timestamp="2026-05-13T09:37:55Z" lat="40.4242823" changeset="1" visible="true" version="1" user="OSMnx" /><node uid="1" lon="-3.7130385" id="1652768037" timestamp="2026-05-13T09:37:55Z" lat="40.4244926" changeset="1" visible="true" version="1" user="OSMnx" /><node uid="1" lon="-3.7169938" id="1669117694" timestamp="2026-05-13T09:37:55Z" lat="40.4319288" changeset="1" visible="true" version="1" user="OSMnx"><tag k="highway" v="crossing" /></node><node uid="1" lon="-3.7177128" id="1715383485" timestamp="2026-05-13T09:37:55Z" lat="40.4253595" changeset="1" visible="true" version="1" user="OSMnx" /><node uid="1" lon="-3.7131086" id="1789638279" timestamp="2026-05-13T09:37:55Z" lat="40.4261399" changeset="1" visible="true" version="1" user="OSMnx"><tag k="highway" v="traffic_signals" /></node><node uid="1" lon="-3.713308" id="1789638280" timestamp="2026-05-13T09:37:55Z" lat="40.4261856" changeset="1" visible="true" version="1" user="OSMnx"><tag k="highway" v="traffic_signals" /></node><node uid="1" lon="-3.713592" id="1789638281" timestamp="2026-05-13T09:37:55Z" lat="40.4268448" changeset="1" visible="true" version="1" user="OSMnx"><tag k="highway" v="crossing" /></node><node uid="1" lon="-3.7134958" id="1789638282" timestamp="2026-05-13T09:37:55Z" lat="40.4268814" changeset="1" visible="true" version="1" user="OSMnx"><tag k="highway" v="crossing" /></node><node uid="1" lon="-3.7138881" id="1789638283" timestamp="2026-05-13T09:37:55Z" lat="40.4270674" changeset="1" visible="true" version="1" user="OSMnx"><tag k="highway" v="traffic_signals" /></node><node uid="1" lon="-3.7138442" id="1789638284" timestamp="2026-05-13T09:37:55Z" lat="40.4271279" changeset="1" visible="true" version="1" user="OSMnx" /><node uid="1" lon="-3.7146328" id="1855048164" timestamp="2026-05-13T09:37:55Z" lat="40.4233894" changeset="1" visible="true" version="1" user="OSMnx" /><node uid="1" lon="-3.7146125" id="1855048168" timestamp="2026-05-13T09:37:55Z" lat="40.4239403" changeset="1" visible="true" version="1" user="OSMnx" /><node uid="1" lon="-3.715195" id="2017305752" timestamp="2026-05-13T09:37:55Z" lat="40.4237383" changeset="1" visible="true" version="1" user="OSMnx" /><node uid="1" lon="-3.7187147" id="2480629208" timestamp="2026-05-13T09:37:55Z" lat="40.4340278" changeset="1" visible="true" version="1" user="OSMnx"><tag k="highway" v="traffic_signals" /></node><node uid="1" lon="-3.7109175" id="2598785470" timestamp="2026-05-13T09:37:55Z" lat="40.4233296" changeset="1" visible="true" version="1" user="OSMnx" /><node uid="1" lon="-3.7144434" id="2973127101" timestamp="2026-05-13T09:37:55Z" lat="40.4280287" changeset="1" visible="true" version="1" user="OSMnx"><tag k="highway" v="traffic_signals" /></node><node uid="1" lon="-3.7167919" id="3033655161" timestamp="2026-05-13T09:37:55Z" lat="40.4314695" changeset="1" visible="true" version="1" user="OSMnx"><tag k="highway" v="traffic_signals" /></node><node uid="1" lon="-3.7171741" id="3033655162" timestamp="2026-05-13T09:37:55Z" lat="40.4320046" changeset="1" visible="true" version="1" user="OSMnx"><tag k="highway" v="crossing" /></node><node uid="1" lon="-3.7140443" id="3100329628" timestamp="2026-05-13T09:37:55Z" lat="40.4249362" changeset="1" visible="true" version="1" user="OSMnx" /><node uid="1" lon="-3.7139329" id="3100332229" timestamp="2026-05-13T09:37:55Z" lat="40.4248868" changeset="1" visible="true" version="1" user="OSMnx" /><node uid="1" lon="-3.7139705" id="3100332230" timestamp="2026-05-13T09:37:55Z" lat="40.4249086" changeset="1" visible="true" version="1" user="OSMnx" /><node uid="1" lon="-3.7126718" id="3100336111" timestamp="2026-05-13T09:37:55Z" lat="40.4243367" changeset="1" visible="true" version="1" user="OSMnx" /><node uid="1" lon="-3.7194122" id="3253942876" timestamp="2026-05-13T09:37:55Z" lat="40.432429" changeset="1" visible="true" version="1" user="OSMnx" /><node uid="1" lon="-3.7218327" id="3253942905" timestamp="2026-05-13T09:37:55Z" lat="40.4339663" changeset="1" visible="true" version="1" user="OSMnx"><tag k="highway" v="crossing" /></node><node uid="1" lon="-3.7194809" id="3471276060" timestamp="2026-05-13T09:37:55Z" lat="40.429738" changeset="1" visible="true" version="1" user="OSMnx"><tag k="highway" v="crossing" /></node><node uid="1" lon="-3.7175947" id="3471276061" timestamp="2026-05-13T09:37:55Z" lat="40.4302438" changeset="1" visible="true" version="1" user="OSMnx" /><node uid="1" lon="-3.7213585" id="3471276063" timestamp="2026-05-13T09:37:55Z" lat="40.4336023" changeset="1" visible="true" version="1" user="OSMnx" /><node uid="1" lon="-3.7201665" id="3471365915" timestamp="2026-05-13T09:37:55Z" lat="40.4293076" changeset="1" visible="true" version="1" user="OSMnx"><tag k="highway" v="crossing" /></node><node uid="1" lon="-3.7202552" id="3471365921" timestamp="2026-05-13T09:37:55Z" lat="40.4293948" changeset="1" visible="true" version="1" user="OSMnx"><tag k="highway" v="crossing" /></node><node uid="1" lon="-3.7205313" id="3471365928" timestamp="2026-05-13T09:37:55Z" lat="40.4294791" changeset="1" visible="true" version="1" user="OSMnx"><tag k="highway" v="crossing" /></node><node uid="1" lon="-3.7153594" id="3644754710" timestamp="2026-05-13T09:37:55Z" lat="40.4278174" changeset="1" visible="true" version="1" user="OSMnx" /><node uid="1" lon="-3.7196694" id="3769069723" timestamp="2026-05-13T09:37:55Z" lat="40.4349656" changeset="1" visible="true" version="1" user="OSMnx" /><node uid="1" lon="-3.7128081" id="3903476292" timestamp="2026-05-13T09:37:55Z" lat="40.4246046" changeset="1" visible="true" version="1" user="OSMnx" /><node uid="1" lon="-3.7200412" id="3927556254" timestamp="2026-05-13T09:37:55Z" lat="40.4303406" changeset="1" visible="true" version="1" user="OSMnx"><tag k="highway" v="crossing" /></node><node uid="1" lon="-3.7174964" id="3927556255" timestamp="2026-05-13T09:37:55Z" lat="40.4303661" changeset="1" visible="true" version="1" user="OSMnx"><tag k="highway" v="crossing" /></node><node uid="1" lon="-3.7200372" id="3927556256" timestamp="2026-05-13T09:37:55Z" lat="40.4304025" changeset="1" visible="true" version="1" user="OSMnx"><tag k="highway" v="give_way" /></node><node uid="1" lon="-3.7199854" id="3927556757" timestamp="2026-05-13T09:37:55Z" lat="40.430424" changeset="1" visible="true" version="1" user="OSMnx"><tag k="highway" v="crossing" /></node><node uid="1" lon="-3.7201294" id="3927556758" timestamp="2026-05-13T09:37:55Z" lat="40.430437" changeset="1" visible="true" version="1" user="OSMnx"><tag k="highway" v="crossing" /></node><node uid="1" lon="-3.719093" id="3927556759" timestamp="2026-05-13T09:37:55Z" lat="40.4307582" changeset="1" visible="true" version="1" user="OSMnx"><tag k="highway" v="give_way" /></node><node uid="1" lon="-3.7190467" id="3927556760" timestamp="2026-05-13T09:37:55Z" lat="40.4308138" changeset="1" visible="true" version="1" user="OSMnx"><tag k="highway" v="crossing" /></node><node uid="1" lon="-3.7191744" id="3927556761" timestamp="2026-05-13T09:37:55Z" lat="40.430851" changeset="1" visible="true" version="1" user="OSMnx"><tag k="highway" v="crossing" /></node><node uid="1" lon="-3.7207385" id="3927556763" timestamp="2026-05-13T09:37:55Z" lat="40.4309638" changeset="1" visible="true" version="1" user="OSMnx"><tag k="highway" v="crossing" /></node><node uid="1" lon="-3.7206856" id="3927556764" timestamp="2026-05-13T09:37:55Z" lat="40.4310335" changeset="1" visible="true" version="1" user="OSMnx"><tag k="highway" v="give_way" /></node><node uid="1" lon="-3.7207103" id="3927556765" timestamp="2026-05-13T09:37:55Z" lat="40.4310602" changeset="1" visible="true" version="1" user="OSMnx"><tag k="highway" v="crossing" /></node><node uid="1" lon="-3.718105" id="3927556766" timestamp="2026-05-13T09:37:55Z" lat="40.4311475" changeset="1" visible="true" version="1" user="OSMnx"><tag k="highway" v="crossing" /></node><node uid="1" lon="-3.7180493" id="3927556767" timestamp="2026-05-13T09:37:55Z" lat="40.431228" changeset="1" visible="true" version="1" user="OSMnx"><tag k="highway" v="crossing" /></node><node uid="1" lon="-3.7181682" id="3927556768" timestamp="2026-05-13T09:37:55Z" lat="40.4312286" changeset="1" visible="true" version="1" user="OSMnx"><tag k="highway" v="give_way" /></node><node uid="1" lon="-3.7181892" id="3927556769" timestamp="2026-05-13T09:37:55Z" lat="40.4312556" changeset="1" visible="true" version="1" user="OSMnx"><tag k="highway" v="crossing" /></node><node uid="1" lon="-3.7197786" id="3927556770" timestamp="2026-05-13T09:37:55Z" lat="40.431371" changeset="1" visible="true" version="1" user="OSMnx"><tag k="highway" v="crossing" /></node><node uid="1" lon="-3.7196315" id="3927556771" timestamp="2026-05-13T09:37:55Z" lat="40.4313698" changeset="1" visible="true" version="1" user="OSMnx"><tag k="highway" v="crossing" /></node><node uid="1" lon="-3.7197218" id="3927556772" timestamp="2026-05-13T09:37:55Z" lat="40.4314737" changeset="1" visible="true" version="1" user="OSMnx"><tag k="highway" v="crossing" /></node><node uid="1" lon="-3.7186095" id="3927556773" timestamp="2026-05-13T09:37:55Z" lat="40.4317953" changeset="1" visible="true" version="1" user="OSMnx"><tag k="highway" v="crossing" /></node><node uid="1" lon="-3.718741" id="3927556774" timestamp="2026-05-13T09:37:55Z" lat="40.4318115" changeset="1" visible="true" version="1" user="OSMnx"><tag k="highway" v="crossing" /></node><node uid="1" lon="-3.7186925" id="3927556775" timestamp="2026-05-13T09:37:55Z" lat="40.4319018" changeset="1" visible="true" version="1" user="OSMnx"><tag k="highway" v="crossing" /></node><node uid="1" lon="-3.7150373" id="4110020824" timestamp="2026-05-13T09:37:55Z" lat="40.429074" changeset="1" visible="true" version="1" user="OSMnx" /><node uid="1" lon="-3.715166" id="4110020825" timestamp="2026-05-13T09:37:55Z" lat="40.4290899" changeset="1" visible="true" version="1" user="OSMnx" /><node uid="1" lon="-3.7109824" id="4110031995" timestamp="2026-05-13T09:37:55Z" lat="40.423484" changeset="1" visible="true" version="1" user="OSMnx" /><node uid="1" lon="-3.7136229" id="4110036588" timestamp="2026-05-13T09:37:55Z" lat="40.4234623" changeset="1" visible="true" version="1" user="OSMnx"><tag k="highway" v="crossing" /></node><node uid="1" lon="-3.7125148" id="4110043272" timestamp="2026-05-13T09:37:55Z" lat="40.4240716" changeset="1" visible="true" version="1" user="OSMnx"><tag k="highway" v="crossing" /></node><node uid="1" lon="-3.7128532" id="4110043278" timestamp="2026-05-13T09:37:55Z" lat="40.4242681" changeset="1" visible="true" version="1" user="OSMnx" /><node uid="1" lon="-3.7126541" id="4110043285" timestamp="2026-05-13T09:37:55Z" lat="40.4243671" changeset="1" visible="true" version="1" user="OSMnx" /><node uid="1" lon="-3.7130436" id="4110043288" timestamp="2026-05-13T09:37:55Z" lat="40.4245264" changeset="1" visible="true" version="1" user="OSMnx" /><node uid="1" lon="-3.7128859" id="4110093636" timestamp="2026-05-13T09:37:55Z" lat="40.4246132" changeset="1" visible="true" version="1" user="OSMnx" /><node uid="1" lon="-3.7131045" id="4110093642" timestamp="2026-05-13T09:37:55Z" lat="40.4265077" changeset="1" visible="true" version="1" user="OSMnx"><tag k="highway" v="crossing" /></node><node uid="1" lon="-3.710874" id="4110114627" timestamp="2026-05-13T09:37:55Z" lat="40.4234383" changeset="1" visible="true" version="1" user="OSMnx" /><node uid="1" lon="-3.7208179" id="4157306544" timestamp="2026-05-13T09:37:55Z" lat="40.4328425" changeset="1" visible="true" version="1" user="OSMnx" /><node uid="1" lon="-3.7230961" id="4197170916" timestamp="2026-05-13T09:37:55Z" lat="40.4334206" changeset="1" visible="true" version="1" user="OSMnx" /><node uid="1" lon="-3.7173339" id="4203412903" timestamp="2026-05-13T09:37:55Z" lat="40.430173" changeset="1" visible="true" version="1" user="OSMnx"><tag k="highway" v="crossing" /></node><node uid="1" lon="-3.7166754" id="4234171259" timestamp="2026-05-13T09:37:55Z" lat="40.4256665" changeset="1" visible="true" version="1" user="OSMnx"><tag k="highway" v="crossing" /></node><node uid="1" lon="-3.714826" id="4242179816" timestamp="2026-05-13T09:37:55Z" lat="40.4259927" changeset="1" visible="true" version="1" user="OSMnx"><tag k="highway" v="crossing" /></node><node uid="1" lon="-3.7149235" id="4242179828" timestamp="2026-05-13T09:37:55Z" lat="40.4259896" changeset="1" visible="true" version="1" user="OSMnx"><tag k="highway" v="crossing" /></node><node uid="1" lon="-3.7182875" id="4245283126" timestamp="2026-05-13T09:37:55Z" lat="40.4298505" changeset="1" visible="true" version="1" user="OSMnx"><tag k="highway" v="crossing" /></node><node uid="1" lon="-3.7201274" id="4249550724" timestamp="2026-05-13T09:37:55Z" lat="40.4321319" changeset="1" visible="true" version="1" user="OSMnx"><tag k="highway" v="crossing" /></node><node uid="1" lon="-3.7136759" id="4285281349" timestamp="2026-05-13T09:37:55Z" lat="40.4255593" changeset="1" visible="true" version="1" user="OSMnx"><tag k="highway" v="crossing" /></node><node uid="1" lon="-3.7137203" id="4285281350" timestamp="2026-05-13T09:37:55Z" lat="40.4256826" changeset="1" visible="true" version="1" user="OSMnx"><tag k="highway" v="crossing" /></node><node uid="1" lon="-3.7160491" id="4307340621" timestamp="2026-05-13T09:37:55Z" lat="40.4273898" changeset="1" visible="true" version="1" user="OSMnx"><tag k="highway" v="crossing" /></node><node uid="1" lon="-3.7160751" id="4307340622" timestamp="2026-05-13T09:37:55Z" lat="40.4273104" changeset="1" visible="true" version="1" user="OSMnx"><tag k="highway" v="crossing" /></node><node uid="1" lon="-3.7160929" id="4307340623" timestamp="2026-05-13T09:37:55Z" lat="40.4273315" changeset="1" visible="true" version="1" user="OSMnx"><tag k="highway" v="give_way" /></node><node uid="1" lon="-3.7184768" id="4311985760" timestamp="2026-05-13T09:37:55Z" lat="40.4300531" changeset="1" visible="true" version="1" user="OSMnx"><tag k="highway" v="crossing" /></node><node uid="1" lon="-3.7186755" id="4324546709" timestamp="2026-05-13T09:37:55Z" lat="40.4318801" changeset="1" visible="true" version="1" user="OSMnx"><tag k="highway" v="give_way" /></node><node uid="1" lon="-3.7169209" id="4346484128" timestamp="2026-05-13T09:37:55Z" lat="40.4268609" changeset="1" visible="true" version="1" user="OSMnx"><tag k="highway" v="crossing" /></node><node uid="1" lon="-3.7166065" id="4437657599" timestamp="2026-05-13T09:37:55Z" lat="40.4292663" changeset="1" visible="true" version="1" user="OSMnx"><tag k="highway" v="crossing" /></node><node uid="1" lon="-3.7166897" id="4437657600" timestamp="2026-05-13T09:37:55Z" lat="40.4292975" changeset="1" visible="true" version="1" user="OSMnx"><tag k="highway" v="crossing" /></node><node uid="1" lon="-3.7245667" id="4456608447" timestamp="2026-05-13T09:37:55Z" lat="40.4319225" changeset="1" visible="true" version="1" user="OSMnx"><tag k="highway" v="give_way" /></node><node uid="1" lon="-3.7150291" id="4500945119" timestamp="2026-05-13T09:37:55Z" lat="40.4291082" changeset="1" visible="true" version="1" user="OSMnx" /><node uid="1" lon="-3.7191206" id="4757946968" timestamp="2026-05-13T09:37:55Z" lat="40.4324515" changeset="1" visible="true" version="1" user="OSMnx"><tag k="highway" v="crossing" /></node><node uid="1" lon="-3.7176352" id="4757946972" timestamp="2026-05-13T09:37:55Z" lat="40.4322785" changeset="1" visible="true" version="1" user="OSMnx"><tag k="highway" v="crossing" /></node><node uid="1" lon="-3.7203928" id="5005343788" timestamp="2026-05-13T09:37:55Z" lat="40.4345832" changeset="1" visible="true" version="1" user="OSMnx" /><node uid="1" lon="-3.7207949" id="5005343789" timestamp="2026-05-13T09:37:55Z" lat="40.4344111" changeset="1" visible="true" version="1" user="OSMnx" /><node uid="1" lon="-3.7210976" id="5005343790" timestamp="2026-05-13T09:37:55Z" lat="40.4342815" changeset="1" visible="true" version="1" user="OSMnx" /><node uid="1" lon="-3.7191876" id="5006352946" timestamp="2026-05-13T09:37:55Z" lat="40.4344678" changeset="1" visible="true" version="1" user="OSMnx"><tag k="ref" v="740" /></node><node uid="1" lon="-3.72136" id="5006352965" timestamp="2026-05-13T09:37:55Z" lat="40.4341691" changeset="1" visible="true" version="1" user="OSMnx" /><node uid="1" lon="-3.7110046" id="5243353538" timestamp="2026-05-13T09:37:55Z" lat="40.4233232" changeset="1" visible="true" version="1" user="OSMnx" /><node uid="1" lon="-3.7110903" id="5268725083" timestamp="2026-05-13T09:37:55Z" lat="40.4234677" changeset="1" visible="true" version="1" user="OSMnx" /><node uid="1" lon="-3.7111133" id="5268725084" timestamp="2026-05-13T09:37:55Z" lat="40.4233623" changeset="1" visible="true" version="1" user="OSMnx" /><node uid="1" lon="-3.7111092" id="5268725087" timestamp="2026-05-13T09:37:55Z" lat="40.4235168" changeset="1" visible="true" version="1" user="OSMnx" /><node uid="1" lon="-3.7109329" id="5268725088" timestamp="2026-05-13T09:37:55Z" lat="40.4233967" changeset="1" visible="true" version="1" user="OSMnx" /><node uid="1" lon="-3.7174425" id="5273358099" timestamp="2026-05-13T09:37:55Z" lat="40.4302969" changeset="1" visible="true" version="1" user="OSMnx"><tag k="highway" v="traffic_signals" /></node><node uid="1" lon="-3.717339" id="5273361954" timestamp="2026-05-13T09:37:55Z" lat="40.4303307" changeset="1" visible="true" version="1" user="OSMnx"><tag k="highway" v="crossing" /></node><node uid="1" lon="-3.7172968" id="5273361955" timestamp="2026-05-13T09:37:55Z" lat="40.4302416" changeset="1" visible="true" version="1" user="OSMnx"><tag k="highway" v="crossing" /></node><node uid="1" lon="-3.7109704" id="5342725027" timestamp="2026-05-13T09:37:55Z" lat="40.4234203" changeset="1" visible="true" version="1" user="OSMnx" /><node uid="1" lon="-3.7109835" id="5342725028" timestamp="2026-05-13T09:37:55Z" lat="40.4233722" changeset="1" visible="true" version="1" user="OSMnx" /><node uid="1" lon="-3.7108575" id="5350038440" timestamp="2026-05-13T09:37:55Z" lat="40.4233611" changeset="1" visible="true" version="1" user="OSMnx" /><node uid="1" lon="-3.7172585" id="5385239919" timestamp="2026-05-13T09:37:55Z" lat="40.4321197" changeset="1" visible="true" version="1" user="OSMnx" /><node uid="1" lon="-3.7157143" id="5385239920" timestamp="2026-05-13T09:37:55Z" lat="40.42995" changeset="1" visible="true" version="1" user="OSMnx" /><node uid="1" lon="-3.7145938" id="5385241321" timestamp="2026-05-13T09:37:55Z" lat="40.4284183" changeset="1" visible="true" version="1" user="OSMnx" /><node uid="1" lon="-3.7129099" id="5385241322" timestamp="2026-05-13T09:37:55Z" lat="40.4260475" changeset="1" visible="true" version="1" user="OSMnx" /><node uid="1" lon="-3.7118985" id="5385241323" timestamp="2026-05-13T09:37:55Z" lat="40.4246636" changeset="1" visible="true" version="1" user="OSMnx" /><node uid="1" lon="-3.712972" id="5385241356" timestamp="2026-05-13T09:37:55Z" lat="40.4259517" changeset="1" visible="true" version="1" user="OSMnx" /><node uid="1" lon="-3.7143496" id="5385241357" timestamp="2026-05-13T09:37:55Z" lat="40.4279015" changeset="1" visible="true" version="1" user="OSMnx" /><node uid="1" lon="-3.7159148" id="5385241358" timestamp="2026-05-13T09:37:55Z" lat="40.4300458" changeset="1" visible="true" version="1" user="OSMnx" /><node uid="1" lon="-3.7173281" id="5385241359" timestamp="2026-05-13T09:37:55Z" lat="40.4320374" changeset="1" visible="true" version="1" user="OSMnx" /><node uid="1" lon="-3.7111761" id="5559534844" timestamp="2026-05-13T09:37:55Z" lat="40.4235629" changeset="1" visible="true" version="1" user="OSMnx"><tag k="highway" v="traffic_signals" /></node><node uid="1" lon="-3.711029" id="5559534846" timestamp="2026-05-13T09:37:55Z" lat="40.4234546" changeset="1" visible="true" version="1" user="OSMnx" /><node uid="1" lon="-3.7110801" id="5559534847" timestamp="2026-05-13T09:37:55Z" lat="40.4234451" changeset="1" visible="true" version="1" user="OSMnx" /><node uid="1" lon="-3.7117909" id="5970484993" timestamp="2026-05-13T09:37:55Z" lat="40.4229791" changeset="1" visible="true" version="1" user="OSMnx"><tag k="ref" v="854" /></node><node uid="1" lon="-3.7110246" id="6109357402" timestamp="2026-05-13T09:37:55Z" lat="40.4232958" changeset="1" visible="true" version="1" user="OSMnx" /><node uid="1" lon="-3.7203711" id="6981674370" timestamp="2026-05-13T09:37:55Z" lat="40.4320189" changeset="1" visible="true" version="1" user="OSMnx"><tag k="highway" v="crossing" /></node><node uid="1" lon="-3.7202025" id="6981674371" timestamp="2026-05-13T09:37:55Z" lat="40.4320075" changeset="1" visible="true" version="1" user="OSMnx"><tag k="highway" v="crossing" /></node><node uid="1" lon="-3.7170544" id="6981674372" timestamp="2026-05-13T09:37:55Z" lat="40.4318464" changeset="1" visible="true" version="1" user="OSMnx"><tag k="highway" v="traffic_signals" /></node><node uid="1" lon="-3.7151968" id="6981674375" timestamp="2026-05-13T09:37:55Z" lat="40.4291209" changeset="1" visible="true" version="1" user="OSMnx" /><node uid="1" lon="-3.71495" id="7126146744" timestamp="2026-05-13T09:37:55Z" lat="40.4235504" changeset="1" visible="true" version="1" user="OSMnx"><tag k="highway" v="crossing" /></node><node uid="1" lon="-3.7161376" id="7126146745" timestamp="2026-05-13T09:37:55Z" lat="40.4246169" changeset="1" visible="true" version="1" user="OSMnx" /><node uid="1" lon="-3.714138" id="7126146758" timestamp="2026-05-13T09:37:55Z" lat="40.423103" changeset="1" visible="true" version="1" user="OSMnx" /><node uid="1" lon="-3.7192214" id="7140036350" timestamp="2026-05-13T09:37:55Z" lat="40.4263423" changeset="1" visible="true" version="1" user="OSMnx" /><node uid="1" lon="-3.7168648" id="7140036355" timestamp="2026-05-13T09:37:55Z" lat="40.4251891" changeset="1" visible="true" version="1" user="OSMnx" /><node uid="1" lon="-3.7167722" id="7140036356" timestamp="2026-05-13T09:37:55Z" lat="40.4253431" changeset="1" visible="true" version="1" user="OSMnx" /><node uid="1" lon="-3.7166566" id="7140036357" timestamp="2026-05-13T09:37:55Z" lat="40.4253648" changeset="1" visible="true" version="1" user="OSMnx" /><node uid="1" lon="-3.7165402" id="7140036358" timestamp="2026-05-13T09:37:55Z" lat="40.4252721" changeset="1" visible="true" version="1" user="OSMnx" /><node uid="1" lon="-3.7166093" id="7140036359" timestamp="2026-05-13T09:37:55Z" lat="40.4253405" changeset="1" visible="true" version="1" user="OSMnx" /><node uid="1" lon="-3.7141592" id="7537445996" timestamp="2026-05-13T09:37:55Z" lat="40.4277638" changeset="1" visible="true" version="1" user="OSMnx" /><node uid="1" lon="-3.714228" id="7537445997" timestamp="2026-05-13T09:37:55Z" lat="40.428008" changeset="1" visible="true" version="1" user="OSMnx"><tag k="highway" v="traffic_signals" /></node><node uid="1" lon="-3.7142622" id="7537445998" timestamp="2026-05-13T09:37:55Z" lat="40.4279916" changeset="1" visible="true" version="1" user="OSMnx" /><node uid="1" lon="-3.7141881" id="7537445999" timestamp="2026-05-13T09:37:55Z" lat="40.4277317" changeset="1" visible="true" version="1" user="OSMnx" /><node uid="1" lon="-3.7132768" id="7537446000" timestamp="2026-05-13T09:37:55Z" lat="40.426242" changeset="1" visible="true" version="1" user="OSMnx" /><node uid="1" lon="-3.7132559" id="7537446001" timestamp="2026-05-13T09:37:55Z" lat="40.4263217" changeset="1" visible="true" version="1" user="OSMnx" /><node uid="1" lon="-3.7132621" id="7537446002" timestamp="2026-05-13T09:37:55Z" lat="40.4262829" changeset="1" visible="true" version="1" user="OSMnx" /><node uid="1" lon="-3.7136597" id="7537446003" timestamp="2026-05-13T09:37:55Z" lat="40.4256431" changeset="1" visible="true" version="1" user="OSMnx" /><node uid="1" lon="-3.7136886" id="7537446004" timestamp="2026-05-13T09:37:55Z" lat="40.425657" changeset="1" visible="true" version="1" user="OSMnx" /><node uid="1" lon="-3.7140581" id="7537446005" timestamp="2026-05-13T09:37:55Z" lat="40.425009" changeset="1" visible="true" version="1" user="OSMnx" /><node uid="1" lon="-3.7140197" id="7537446006" timestamp="2026-05-13T09:37:55Z" lat="40.4250033" changeset="1" visible="true" version="1" user="OSMnx" /><node uid="1" lon="-3.7140404" id="7537446007" timestamp="2026-05-13T09:37:55Z" lat="40.4250032" changeset="1" visible="true" version="1" user="OSMnx" /><node uid="1" lon="-3.7147207" id="7537446010" timestamp="2026-05-13T09:37:55Z" lat="40.4237903" changeset="1" visible="true" version="1" user="OSMnx" /><node uid="1" lon="-3.7148487" id="7555089990" timestamp="2026-05-13T09:37:55Z" lat="40.4235073" changeset="1" visible="true" version="1" user="OSMnx" /><node uid="1" lon="-3.7148328" id="7555089991" timestamp="2026-05-13T09:37:55Z" lat="40.4234242" changeset="1" visible="true" version="1" user="OSMnx" /><node uid="1" lon="-3.7144269" id="7619689676" timestamp="2026-05-13T09:37:55Z" lat="40.4242736" changeset="1" visible="true" version="1" user="OSMnx" /><node uid="1" lon="-3.7143584" id="7619689677" timestamp="2026-05-13T09:37:55Z" lat="40.4242589" changeset="1" visible="true" version="1" user="OSMnx" /><node uid="1" lon="-3.7144272" id="7619689678" timestamp="2026-05-13T09:37:55Z" lat="40.4243331" changeset="1" visible="true" version="1" user="OSMnx" /><node uid="1" lon="-3.7143977" id="7619689679" timestamp="2026-05-13T09:37:55Z" lat="40.424274" changeset="1" visible="true" version="1" user="OSMnx" /><node uid="1" lon="-3.7144188" id="7619689680" timestamp="2026-05-13T09:37:55Z" lat="40.4243195" changeset="1" visible="true" version="1" user="OSMnx" /><node uid="1" lon="-3.7143788" id="7619689681" timestamp="2026-05-13T09:37:55Z" lat="40.4242705" changeset="1" visible="true" version="1" user="OSMnx" /><node uid="1" lon="-3.7136015" id="7619712786" timestamp="2026-05-13T09:37:55Z" lat="40.4234386" changeset="1" visible="true" version="1" user="OSMnx" /><node uid="1" lon="-3.7135834" id="7619712787" timestamp="2026-05-13T09:37:55Z" lat="40.4234201" changeset="1" visible="true" version="1" user="OSMnx" /><node uid="1" lon="-3.7141667" id="7619712789" timestamp="2026-05-13T09:37:55Z" lat="40.423088" changeset="1" visible="true" version="1" user="OSMnx" /><node uid="1" lon="-3.7142436" id="7619712790" timestamp="2026-05-13T09:37:55Z" lat="40.4230736" changeset="1" visible="true" version="1" user="OSMnx" /><node uid="1" lon="-3.714264" id="7619712791" timestamp="2026-05-13T09:37:55Z" lat="40.4230827" changeset="1" visible="true" version="1" user="OSMnx" /><node uid="1" lon="-3.7142821" id="7619712792" timestamp="2026-05-13T09:37:55Z" lat="40.4230968" changeset="1" visible="true" version="1" user="OSMnx" /><node uid="1" lon="-3.7143267" id="7619712793" timestamp="2026-05-13T09:37:55Z" lat="40.4231392" changeset="1" visible="true" version="1" user="OSMnx" /><node uid="1" lon="-3.7142202" id="7619712795" timestamp="2026-05-13T09:37:55Z" lat="40.42307" changeset="1" visible="true" version="1" user="OSMnx" /><node uid="1" lon="-3.714824" id="7619712797" timestamp="2026-05-13T09:37:55Z" lat="40.4236263" changeset="1" visible="true" version="1" user="OSMnx" /><node uid="1" lon="-3.7186948" id="7859244870" timestamp="2026-05-13T09:37:55Z" lat="40.4338689" changeset="1" visible="true" version="1" user="OSMnx" /><node uid="1" lon="-3.7131321" id="7930651356" timestamp="2026-05-13T09:37:55Z" lat="40.4263748" changeset="1" visible="true" version="1" user="OSMnx" /><node uid="1" lon="-3.7131566" id="7930651357" timestamp="2026-05-13T09:37:55Z" lat="40.4264254" changeset="1" visible="true" version="1" user="OSMnx" /><node uid="1" lon="-3.7131601" id="7930651358" timestamp="2026-05-13T09:37:55Z" lat="40.4264732" changeset="1" visible="true" version="1" user="OSMnx" /><node uid="1" lon="-3.713005" id="7930651361" timestamp="2026-05-13T09:37:55Z" lat="40.4265642" changeset="1" visible="true" version="1" user="OSMnx" /><node uid="1" lon="-3.7131839" id="7930651364" timestamp="2026-05-13T09:37:55Z" lat="40.4264264" changeset="1" visible="true" version="1" user="OSMnx" /><node uid="1" lon="-3.7132164" id="7934347506" timestamp="2026-05-13T09:37:55Z" lat="40.4268084" changeset="1" visible="true" version="1" user="OSMnx" /><node uid="1" lon="-3.7132904" id="7934347509" timestamp="2026-05-13T09:37:55Z" lat="40.4267856" changeset="1" visible="true" version="1" user="OSMnx"><tag k="highway" v="crossing" /></node><node uid="1" lon="-3.7133202" id="7934347510" timestamp="2026-05-13T09:37:55Z" lat="40.4267753" changeset="1" visible="true" version="1" user="OSMnx" /><node uid="1" lon="-3.7134129" id="7934347511" timestamp="2026-05-13T09:37:55Z" lat="40.4267534" changeset="1" visible="true" version="1" user="OSMnx" /><node uid="1" lon="-3.7134523" id="7934347512" timestamp="2026-05-13T09:37:55Z" lat="40.4267379" changeset="1" visible="true" version="1" user="OSMnx" /><node uid="1" lon="-3.7134674" id="7934347513" timestamp="2026-05-13T09:37:55Z" lat="40.4267252" changeset="1" visible="true" version="1" user="OSMnx" /><node uid="1" lon="-3.7134728" id="7934347514" timestamp="2026-05-13T09:37:55Z" lat="40.4267101" changeset="1" visible="true" version="1" user="OSMnx" /><node uid="1" lon="-3.7134807" id="7934347515" timestamp="2026-05-13T09:37:55Z" lat="40.4266835" changeset="1" visible="true" version="1" user="OSMnx" /><node uid="1" lon="-3.7124635" id="7934347520" timestamp="2026-05-13T09:37:55Z" lat="40.4252527" changeset="1" visible="true" version="1" user="OSMnx"><tag k="highway" v="crossing" /></node><node uid="1" lon="-3.7123626" id="7934347521" timestamp="2026-05-13T09:37:55Z" lat="40.4252891" changeset="1" visible="true" version="1" user="OSMnx"><tag k="highway" v="crossing" /></node><node uid="1" lon="-3.7137699" id="7965756605" timestamp="2026-05-13T09:37:55Z" lat="40.4270798" changeset="1" visible="true" version="1" user="OSMnx" /><node uid="1" lon="-3.7161123" id="7968363511" timestamp="2026-05-13T09:37:55Z" lat="40.42472" changeset="1" visible="true" version="1" user="OSMnx" /><node uid="1" lon="-3.7160006" id="7968363512" timestamp="2026-05-13T09:37:55Z" lat="40.4246948" changeset="1" visible="true" version="1" user="OSMnx" /><node uid="1" lon="-3.7149057" id="7968363513" timestamp="2026-05-13T09:37:55Z" lat="40.4237448" changeset="1" visible="true" version="1" user="OSMnx" /><node uid="1" lon="-3.7148403" id="7968363514" timestamp="2026-05-13T09:37:55Z" lat="40.4234622" changeset="1" visible="true" version="1" user="OSMnx" /><node uid="1" lon="-3.7150124" id="7968363515" timestamp="2026-05-13T09:37:55Z" lat="40.4238392" changeset="1" visible="true" version="1" user="OSMnx" /><node uid="1" lon="-3.7147931" id="7968363521" timestamp="2026-05-13T09:37:55Z" lat="40.4235445" changeset="1" visible="true" version="1" user="OSMnx" /><node uid="1" lon="-3.714711" id="7968363523" timestamp="2026-05-13T09:37:55Z" lat="40.4232863" changeset="1" visible="true" version="1" user="OSMnx" /><node uid="1" lon="-3.7132092" id="7968363528" timestamp="2026-05-13T09:37:55Z" lat="40.4222723" changeset="1" visible="true" version="1" user="OSMnx" /><node uid="1" lon="-3.7136353" id="7968363529" timestamp="2026-05-13T09:37:55Z" lat="40.4225486" changeset="1" visible="true" version="1" user="OSMnx" /><node uid="1" lon="-3.7133771" id="7968363532" timestamp="2026-05-13T09:37:55Z" lat="40.4220863" changeset="1" visible="true" version="1" user="OSMnx" /><node uid="1" lon="-3.7132808" id="7968363533" timestamp="2026-05-13T09:37:55Z" lat="40.4219534" changeset="1" visible="true" version="1" user="OSMnx" /><node uid="1" lon="-3.7132794" id="7968363534" timestamp="2026-05-13T09:37:55Z" lat="40.4219365" changeset="1" visible="true" version="1" user="OSMnx" /><node uid="1" lon="-3.7132882" id="7968363535" timestamp="2026-05-13T09:37:55Z" lat="40.4219089" changeset="1" visible="true" version="1" user="OSMnx" /><node uid="1" lon="-3.7133187" id="7968363536" timestamp="2026-05-13T09:37:55Z" lat="40.4220208" changeset="1" visible="true" version="1" user="OSMnx" /><node uid="1" lon="-3.7135319" id="7968363537" timestamp="2026-05-13T09:37:55Z" lat="40.4222236" changeset="1" visible="true" version="1" user="OSMnx" /><node uid="1" lon="-3.7136782" id="7968363538" timestamp="2026-05-13T09:37:55Z" lat="40.4223409" changeset="1" visible="true" version="1" user="OSMnx" /><node uid="1" lon="-3.7142945" id="7987655992" timestamp="2026-05-13T09:37:55Z" lat="40.4228884" changeset="1" visible="true" version="1" user="OSMnx" /><node uid="1" lon="-3.7151533" id="7991188275" timestamp="2026-05-13T09:37:55Z" lat="40.4239775" changeset="1" visible="true" version="1" user="OSMnx" /><node uid="1" lon="-3.7152375" id="7991188276" timestamp="2026-05-13T09:37:55Z" lat="40.4238046" changeset="1" visible="true" version="1" user="OSMnx" /><node uid="1" lon="-3.7152809" id="7991193694" timestamp="2026-05-13T09:37:55Z" lat="40.4238536" changeset="1" visible="true" version="1" user="OSMnx" /><node uid="1" lon="-3.7154293" id="7991193695" timestamp="2026-05-13T09:37:55Z" lat="40.4242027" changeset="1" visible="true" version="1" user="OSMnx" /><node uid="1" lon="-3.7158752" id="8325971338" timestamp="2026-05-13T09:37:55Z" lat="40.424676" changeset="1" visible="true" version="1" user="OSMnx"><tag k="highway" v="traffic_signals" /></node><node uid="1" lon="-3.7138555" id="8428817433" timestamp="2026-05-13T09:37:55Z" lat="40.4271072" changeset="1" visible="true" version="1" user="OSMnx" /><node uid="1" lon="-3.7115709" id="8430090471" timestamp="2026-05-13T09:37:55Z" lat="40.4240434" changeset="1" visible="true" version="1" user="OSMnx" /><node uid="1" lon="-3.7189705" id="8430090473" timestamp="2026-05-13T09:37:55Z" lat="40.4345114" changeset="1" visible="true" version="1" user="OSMnx" /><node uid="1" lon="-3.7144575" id="8430090474" timestamp="2026-05-13T09:37:55Z" lat="40.4282313" changeset="1" visible="true" version="1" user="OSMnx" /><node uid="1" lon="-3.7158755" id="8430090475" timestamp="2026-05-13T09:37:55Z" lat="40.4301719" changeset="1" visible="true" version="1" user="OSMnx" /><node uid="1" lon="-3.7157611" id="8440879523" timestamp="2026-05-13T09:37:55Z" lat="40.4264343" changeset="1" visible="true" version="1" user="OSMnx" /><node uid="1" lon="-3.7188231" id="8440879525" timestamp="2026-05-13T09:37:55Z" lat="40.4259262" changeset="1" visible="true" version="1" user="OSMnx" /><node uid="1" lon="-3.7234994" id="8440879527" timestamp="2026-05-13T09:37:55Z" lat="40.4323709" changeset="1" visible="true" version="1" user="OSMnx" /><node uid="1" lon="-3.7237039" id="8440879528" timestamp="2026-05-13T09:37:55Z" lat="40.4322857" changeset="1" visible="true" version="1" user="OSMnx" /><node uid="1" lon="-3.7218197" id="8440879529" timestamp="2026-05-13T09:37:55Z" lat="40.4307949" changeset="1" visible="true" version="1" user="OSMnx" /><node uid="1" lon="-3.7200364" id="8440879530" timestamp="2026-05-13T09:37:55Z" lat="40.4289674" changeset="1" visible="true" version="1" user="OSMnx" /><node uid="1" lon="-3.7226125" id="8447103714" timestamp="2026-05-13T09:37:55Z" lat="40.4310814" changeset="1" visible="true" version="1" user="OSMnx" /><node uid="1" lon="-3.7197" id="8447103715" timestamp="2026-05-13T09:37:55Z" lat="40.429575" changeset="1" visible="true" version="1" user="OSMnx" /><node uid="1" lon="-3.7186351" id="8447121533" timestamp="2026-05-13T09:37:55Z" lat="40.4298031" changeset="1" visible="true" version="1" user="OSMnx" /><node uid="1" lon="-3.7210389" id="8447121534" timestamp="2026-05-13T09:37:55Z" lat="40.4290246" changeset="1" visible="true" version="1" user="OSMnx" /><node uid="1" lon="-3.718634" id="8473661003" timestamp="2026-05-13T09:37:55Z" lat="40.4275222" changeset="1" visible="true" version="1" user="OSMnx" /><node uid="1" lon="-3.7139039" id="8577075124" timestamp="2026-05-13T09:37:55Z" lat="40.4274282" changeset="1" visible="true" version="1" user="OSMnx" /><node uid="1" lon="-3.7174518" id="8577075129" timestamp="2026-05-13T09:37:55Z" lat="40.4323739" changeset="1" visible="true" version="1" user="OSMnx" /><node uid="1" lon="-3.7186433" id="8577075130" timestamp="2026-05-13T09:37:55Z" lat="40.4340477" changeset="1" visible="true" version="1" user="OSMnx" /><node uid="1" lon="-3.7166877" id="8646829050" timestamp="2026-05-13T09:37:55Z" lat="40.4293644" changeset="1" visible="true" version="1" user="OSMnx"><tag k="highway" v="crossing" /></node><node uid="1" lon="-3.7154553" id="8715771071" timestamp="2026-05-13T09:37:55Z" lat="40.4266051" changeset="1" visible="true" version="1" user="OSMnx"><tag k="highway" v="crossing" /></node><node uid="1" lon="-3.7154753" id="8715771072" timestamp="2026-05-13T09:37:55Z" lat="40.4266288" changeset="1" visible="true" version="1" user="OSMnx"><tag k="highway" v="give_way" /></node><node uid="1" lon="-3.7128473" id="9281757109" timestamp="2026-05-13T09:37:55Z" lat="40.4221658" changeset="1" visible="true" version="1" user="OSMnx" /><node uid="1" lon="-3.7136906" id="9281775202" timestamp="2026-05-13T09:37:55Z" lat="40.4233605" changeset="1" visible="true" version="1" user="OSMnx" /><node uid="1" lon="-3.7135409" id="9300514868" timestamp="2026-05-13T09:37:55Z" lat="40.4234444" changeset="1" visible="true" version="1" user="OSMnx" /><node uid="1" lon="-3.7130604" id="9306444660" timestamp="2026-05-13T09:37:55Z" lat="40.4237116" changeset="1" visible="true" version="1" user="OSMnx" /><node uid="1" lon="-3.7116484" id="9306444673" timestamp="2026-05-13T09:37:55Z" lat="40.4243127" changeset="1" visible="true" version="1" user="OSMnx"><tag k="highway" v="crossing" /></node><node uid="1" lon="-3.7117413" id="9306444674" timestamp="2026-05-13T09:37:55Z" lat="40.424272" changeset="1" visible="true" version="1" user="OSMnx"><tag k="highway" v="crossing" /></node><node uid="1" lon="-3.7116953" id="9306444675" timestamp="2026-05-13T09:37:55Z" lat="40.4242109" changeset="1" visible="true" version="1" user="OSMnx"><tag k="highway" v="crossing" /></node><node uid="1" lon="-3.7149098" id="9306444689" timestamp="2026-05-13T09:37:55Z" lat="40.4235133" changeset="1" visible="true" version="1" user="OSMnx" /><node uid="1" lon="-3.7148655" id="9306444692" timestamp="2026-05-13T09:37:55Z" lat="40.4237023" changeset="1" visible="true" version="1" user="OSMnx"><tag k="highway" v="traffic_signals" /></node><node uid="1" lon="-3.7148423" id="9306444693" timestamp="2026-05-13T09:37:55Z" lat="40.4235659" changeset="1" visible="true" version="1" user="OSMnx" /><node uid="1" lon="-3.7111412" id="9307490304" timestamp="2026-05-13T09:37:55Z" lat="40.4231688" changeset="1" visible="true" version="1" user="OSMnx"><tag k="highway" v="crossing" /></node><node uid="1" lon="-3.712982" id="9307490316" timestamp="2026-05-13T09:37:55Z" lat="40.4221609" changeset="1" visible="true" version="1" user="OSMnx" /><node uid="1" lon="-3.7130446" id="9307495417" timestamp="2026-05-13T09:37:55Z" lat="40.4221389" changeset="1" visible="true" version="1" user="OSMnx" /><node uid="1" lon="-3.7128878" id="9307495418" timestamp="2026-05-13T09:37:55Z" lat="40.4220614" changeset="1" visible="true" version="1" user="OSMnx" /><node uid="1" lon="-3.7128243" id="9307495420" timestamp="2026-05-13T09:37:55Z" lat="40.4222278" changeset="1" visible="true" version="1" user="OSMnx" /><node uid="1" lon="-3.7133877" id="9307495422" timestamp="2026-05-13T09:37:55Z" lat="40.4218358" changeset="1" visible="true" version="1" user="OSMnx" /><node uid="1" lon="-3.7129101" id="9307495426" timestamp="2026-05-13T09:37:55Z" lat="40.4221004" changeset="1" visible="true" version="1" user="OSMnx" /><node uid="1" lon="-3.7127365" id="9307495429" timestamp="2026-05-13T09:37:55Z" lat="40.4223907" changeset="1" visible="true" version="1" user="OSMnx" /><node uid="1" lon="-3.7120417" id="9307495431" timestamp="2026-05-13T09:37:55Z" lat="40.4227106" changeset="1" visible="true" version="1" user="OSMnx" /><node uid="1" lon="-3.711743" id="9307495432" timestamp="2026-05-13T09:37:55Z" lat="40.4228774" changeset="1" visible="true" version="1" user="OSMnx" /><node uid="1" lon="-3.7122956" id="9307495438" timestamp="2026-05-13T09:37:55Z" lat="40.4225777" changeset="1" visible="true" version="1" user="OSMnx" /><node uid="1" lon="-3.7134689" id="9307495443" timestamp="2026-05-13T09:37:55Z" lat="40.4221741" changeset="1" visible="true" version="1" user="OSMnx" /><node uid="1" lon="-3.7132876" id="9307495444" timestamp="2026-05-13T09:37:55Z" lat="40.4223192" changeset="1" visible="true" version="1" user="OSMnx" /><node uid="1" lon="-3.721702" id="9435349738" timestamp="2026-05-13T09:37:55Z" lat="40.4288798" changeset="1" visible="true" version="1" user="OSMnx" /><node uid="1" lon="-3.720807" id="9439650465" timestamp="2026-05-13T09:37:55Z" lat="40.4328272" changeset="1" visible="true" version="1" user="OSMnx" /><node uid="1" lon="-3.718587" id="9483986398" timestamp="2026-05-13T09:37:55Z" lat="40.4254724" changeset="1" visible="true" version="1" user="OSMnx" /><node uid="1" lon="-3.7184023" id="9483986399" timestamp="2026-05-13T09:37:55Z" lat="40.4255339" changeset="1" visible="true" version="1" user="OSMnx" /><node uid="1" lon="-3.7155647" id="10016776542" timestamp="2026-05-13T09:37:55Z" lat="40.4241216" changeset="1" visible="true" version="1" user="OSMnx" /><node uid="1" lon="-3.7130109" id="10016776544" timestamp="2026-05-13T09:37:55Z" lat="40.4221587" changeset="1" visible="true" version="1" user="OSMnx" /><node uid="1" lon="-3.7126701" id="10016776546" timestamp="2026-05-13T09:37:55Z" lat="40.4224289" changeset="1" visible="true" version="1" user="OSMnx" /><node uid="1" lon="-3.7124173" id="10016776550" timestamp="2026-05-13T09:37:55Z" lat="40.422537" changeset="1" visible="true" version="1" user="OSMnx" /><node uid="1" lon="-3.7122072" id="10016776551" timestamp="2026-05-13T09:37:55Z" lat="40.4226199" changeset="1" visible="true" version="1" user="OSMnx" /><node uid="1" lon="-3.7110599" id="10016776552" timestamp="2026-05-13T09:37:55Z" lat="40.4234768" changeset="1" visible="true" version="1" user="OSMnx" /><node uid="1" lon="-3.714858" id="10604931740" timestamp="2026-05-13T09:37:55Z" lat="40.4236106" changeset="1" visible="true" version="1" user="OSMnx" /><node uid="1" lon="-3.7148421" id="10931205596" timestamp="2026-05-13T09:37:55Z" lat="40.4236468" changeset="1" visible="true" version="1" user="OSMnx" /><node uid="1" lon="-3.7159132" id="11237949945" timestamp="2026-05-13T09:37:55Z" lat="40.4284176" changeset="1" visible="true" version="1" user="OSMnx"><tag k="highway" v="crossing" /></node><node uid="1" lon="-3.7194175" id="11279337787" timestamp="2026-05-13T09:37:55Z" lat="40.4324268" changeset="1" visible="true" version="1" user="OSMnx" /><node uid="1" lon="-3.7190209" id="11280466187" timestamp="2026-05-13T09:37:55Z" lat="40.4342299" changeset="1" visible="true" version="1" user="OSMnx"><tag k="ref" v="11980" /></node><node uid="1" lon="-3.7157633" id="11327800846" timestamp="2026-05-13T09:37:55Z" lat="40.4245934" changeset="1" visible="true" version="1" user="OSMnx" /><node uid="1" lon="-3.7162719" id="11327800847" timestamp="2026-05-13T09:37:55Z" lat="40.4250687" changeset="1" visible="true" version="1" user="OSMnx" /><node uid="1" lon="-3.7143992" id="11511962957" timestamp="2026-05-13T09:37:55Z" lat="40.4229985" changeset="1" visible="true" version="1" user="OSMnx" /><node uid="1" lon="-3.7129442" id="11765098321" timestamp="2026-05-13T09:37:55Z" lat="40.424588" changeset="1" visible="true" version="1" user="OSMnx" /><node uid="1" lon="-3.7129831" id="11765098351" timestamp="2026-05-13T09:37:55Z" lat="40.4245721" changeset="1" visible="true" version="1" user="OSMnx" /><node uid="1" lon="-3.7188714" id="11844345284" timestamp="2026-05-13T09:37:55Z" lat="40.4340838" changeset="1" visible="true" version="1" user="OSMnx" /><node uid="1" lon="-3.718882" id="11844345285" timestamp="2026-05-13T09:37:55Z" lat="40.4340656" changeset="1" visible="true" version="1" user="OSMnx" /><node uid="1" lon="-3.7188359" id="11844345286" timestamp="2026-05-13T09:37:55Z" lat="40.4340128" changeset="1" visible="true" version="1" user="OSMnx" /><node uid="1" lon="-3.7187923" id="11844345287" timestamp="2026-05-13T09:37:55Z" lat="40.4339645" changeset="1" visible="true" version="1" user="OSMnx" /><node uid="1" lon="-3.7188358" id="11844345288" timestamp="2026-05-13T09:37:55Z" lat="40.4340575" changeset="1" visible="true" version="1" user="OSMnx" /><node uid="1" lon="-3.7188071" id="11844345289" timestamp="2026-05-13T09:37:55Z" lat="40.434042" changeset="1" visible="true" version="1" user="OSMnx" /><node uid="1" lon="-3.7187717" id="11844345290" timestamp="2026-05-13T09:37:55Z" lat="40.4340313" changeset="1" visible="true" version="1" user="OSMnx" /><node uid="1" lon="-3.7187384" id="11844345291" timestamp="2026-05-13T09:37:55Z" lat="40.4340277" changeset="1" visible="true" version="1" user="OSMnx" /><node uid="1" lon="-3.7187404" id="11844345294" timestamp="2026-05-13T09:37:55Z" lat="40.4339116" changeset="1" visible="true" version="1" user="OSMnx" /><node uid="1" lon="-3.7239483" id="12203620147" timestamp="2026-05-13T09:37:55Z" lat="40.4329854" changeset="1" visible="true" version="1" user="OSMnx" /><node uid="1" lon="-3.7174197" id="12203620148" timestamp="2026-05-13T09:37:55Z" lat="40.4262514" changeset="1" visible="true" version="1" user="OSMnx" /><node uid="1" lon="-3.7183143" id="12354677173" timestamp="2026-05-13T09:37:55Z" lat="40.4333973" changeset="1" visible="true" version="1" user="OSMnx" /><node uid="1" lon="-3.7160332" id="12400147466" timestamp="2026-05-13T09:37:55Z" lat="40.4285539" changeset="1" visible="true" version="1" user="OSMnx" /><node uid="1" lon="-3.7118807" id="12400374724" timestamp="2026-05-13T09:37:55Z" lat="40.4243441" changeset="1" visible="true" version="1" user="OSMnx" /><node uid="1" lon="-3.7142563" id="12400374729" timestamp="2026-05-13T09:37:55Z" lat="40.4276754" changeset="1" visible="true" version="1" user="OSMnx" /><node uid="1" lon="-3.7146718" id="12400374730" timestamp="2026-05-13T09:37:55Z" lat="40.4282331" changeset="1" visible="true" version="1" user="OSMnx" /><node uid="1" lon="-3.7151421" id="12400374732" timestamp="2026-05-13T09:37:55Z" lat="40.4288382" changeset="1" visible="true" version="1" user="OSMnx"><tag k="highway" v="traffic_signals" /></node><node uid="1" lon="-3.7157547" id="12400374733" timestamp="2026-05-13T09:37:55Z" lat="40.4296999" changeset="1" visible="true" version="1" user="OSMnx"><tag k="highway" v="give_way" /></node><node uid="1" lon="-3.7163215" id="12400374736" timestamp="2026-05-13T09:37:55Z" lat="40.4305428" changeset="1" visible="true" version="1" user="OSMnx" /><node uid="1" lon="-3.7163755" id="12400374737" timestamp="2026-05-13T09:37:55Z" lat="40.4306378" changeset="1" visible="true" version="1" user="OSMnx" /><node uid="1" lon="-3.7175876" id="12400374738" timestamp="2026-05-13T09:37:55Z" lat="40.4322998" changeset="1" visible="true" version="1" user="OSMnx" /><node uid="1" lon="-3.7180617" id="12400374739" timestamp="2026-05-13T09:37:55Z" lat="40.4329739" changeset="1" visible="true" version="1" user="OSMnx" /><node uid="1" lon="-3.7239362" id="12400374747" timestamp="2026-05-13T09:37:55Z" lat="40.4329717" changeset="1" visible="true" version="1" user="OSMnx" /><node uid="1" lon="-3.7171053" id="12400374750" timestamp="2026-05-13T09:37:55Z" lat="40.4316385" changeset="1" visible="true" version="1" user="OSMnx"><tag k="highway" v="crossing" /></node><node uid="1" lon="-3.7216146" id="12400374752" timestamp="2026-05-13T09:37:55Z" lat="40.433963" changeset="1" visible="true" version="1" user="OSMnx"><tag k="highway" v="crossing" /></node><node uid="1" lon="-3.7116548" id="12400374754" timestamp="2026-05-13T09:37:55Z" lat="40.4244236" changeset="1" visible="true" version="1" user="OSMnx" /><node uid="1" lon="-3.7138782" id="12400374757" timestamp="2026-05-13T09:37:55Z" lat="40.4274624" changeset="1" visible="true" version="1" user="OSMnx" /><node uid="1" lon="-3.7149124" id="12400374758" timestamp="2026-05-13T09:37:55Z" lat="40.428971" changeset="1" visible="true" version="1" user="OSMnx" /><node uid="1" lon="-3.7150682" id="12400374760" timestamp="2026-05-13T09:37:55Z" lat="40.4291155" changeset="1" visible="true" version="1" user="OSMnx" /><node uid="1" lon="-3.7160735" id="12400374761" timestamp="2026-05-13T09:37:55Z" lat="40.4305616" changeset="1" visible="true" version="1" user="OSMnx" /><node uid="1" lon="-3.7161133" id="12400374762" timestamp="2026-05-13T09:37:55Z" lat="40.4306609" changeset="1" visible="true" version="1" user="OSMnx" /><node uid="1" lon="-3.716904" id="12400374807" timestamp="2026-05-13T09:37:55Z" lat="40.4316715" changeset="1" visible="true" version="1" user="OSMnx"><tag k="highway" v="crossing" /></node><node uid="1" lon="-3.7170866" id="12400374808" timestamp="2026-05-13T09:37:55Z" lat="40.431924" changeset="1" visible="true" version="1" user="OSMnx"><tag k="highway" v="crossing" /></node><node uid="1" lon="-3.7178842" id="12400374810" timestamp="2026-05-13T09:37:55Z" lat="40.4330338" changeset="1" visible="true" version="1" user="OSMnx"><tag k="highway" v="crossing" /></node><node uid="1" lon="-3.7186045" id="12400374812" timestamp="2026-05-13T09:37:55Z" lat="40.4340624" changeset="1" visible="true" version="1" user="OSMnx"><tag k="highway" v="crossing" /></node><node uid="1" lon="-3.7187" id="12400374813" timestamp="2026-05-13T09:37:55Z" lat="40.4341988" changeset="1" visible="true" version="1" user="OSMnx"><tag k="highway" v="crossing" /></node><node uid="1" lon="-3.7125197" id="12410331095" timestamp="2026-05-13T09:37:55Z" lat="40.4225616" changeset="1" visible="true" version="1" user="OSMnx" /><node uid="1" lon="-3.712318" id="12410331096" timestamp="2026-05-13T09:37:55Z" lat="40.4226629" changeset="1" visible="true" version="1" user="OSMnx" /><node uid="1" lon="-3.711079" id="12410331097" timestamp="2026-05-13T09:37:55Z" lat="40.4234088" changeset="1" visible="true" version="1" user="OSMnx" /><node uid="1" lon="-3.7114352" id="12410331098" timestamp="2026-05-13T09:37:55Z" lat="40.4231841" changeset="1" visible="true" version="1" user="OSMnx" /><node uid="1" lon="-3.7108128" id="12410331099" timestamp="2026-05-13T09:37:55Z" lat="40.4233932" changeset="1" visible="true" version="1" user="OSMnx" /><node uid="1" lon="-3.7119077" id="12410343602" timestamp="2026-05-13T09:37:55Z" lat="40.4243328" changeset="1" visible="true" version="1" user="OSMnx"><tag k="highway" v="crossing" /></node><node uid="1" lon="-3.7109748" id="12410357014" timestamp="2026-05-13T09:37:55Z" lat="40.4235046" changeset="1" visible="true" version="1" user="OSMnx" /><node uid="1" lon="-3.7184669" id="12674385036" timestamp="2026-05-13T09:37:55Z" lat="40.4338037" changeset="1" visible="true" version="1" user="OSMnx" /><node uid="1" lon="-3.7154186" id="12674385037" timestamp="2026-05-13T09:37:55Z" lat="40.4292965" changeset="1" visible="true" version="1" user="OSMnx" /><node uid="1" lon="-3.7116888" id="12674385038" timestamp="2026-05-13T09:37:55Z" lat="40.4243687" changeset="1" visible="true" version="1" user="OSMnx" /><node uid="1" lon="-3.7192833" id="12828583143" timestamp="2026-05-13T09:37:55Z" lat="40.4295206" changeset="1" visible="true" version="1" user="OSMnx"><tag k="highway" v="crossing" /></node><node uid="1" lon="-3.713187" id="12840937955" timestamp="2026-05-13T09:37:55Z" lat="40.4268099" changeset="1" visible="true" version="1" user="OSMnx" /><node uid="1" lon="-3.7189797" id="12845246727" timestamp="2026-05-13T09:37:55Z" lat="40.4342064" changeset="1" visible="true" version="1" user="OSMnx" /><node uid="1" lon="-3.7189914" id="12845246728" timestamp="2026-05-13T09:37:55Z" lat="40.4342188" changeset="1" visible="true" version="1" user="OSMnx" /><node uid="1" lon="-3.7197723" id="13027284300" timestamp="2026-05-13T09:37:55Z" lat="40.4348488" changeset="1" visible="true" version="1" user="OSMnx" /><node uid="1" lon="-3.7217295" id="13027387100" timestamp="2026-05-13T09:37:55Z" lat="40.4288742" changeset="1" visible="true" version="1" user="OSMnx"><tag k="highway" v="crossing" /></node><node uid="1" lon="-3.71836" id="13027416608" timestamp="2026-05-13T09:37:55Z" lat="40.4254733" changeset="1" visible="true" version="1" user="OSMnx"><tag k="highway" v="crossing" /></node><node uid="1" lon="-3.7170775" id="13027416609" timestamp="2026-05-13T09:37:55Z" lat="40.4252299" changeset="1" visible="true" version="1" user="OSMnx" /><node uid="1" lon="-3.7216421" id="13027418001" timestamp="2026-05-13T09:37:55Z" lat="40.4340049" changeset="1" visible="true" version="1" user="OSMnx"><tag k="highway" v="crossing" /></node><node uid="1" lon="-3.7239762" id="13027418003" timestamp="2026-05-13T09:37:55Z" lat="40.433017" changeset="1" visible="true" version="1" user="OSMnx" /><node uid="1" lon="-3.7197942" id="13076727639" timestamp="2026-05-13T09:37:55Z" lat="40.426924" changeset="1" visible="true" version="1" user="OSMnx"><tag k="highway" v="traffic_signals" /></node><node uid="1" lon="-3.7204864" id="13076727640" timestamp="2026-05-13T09:37:55Z" lat="40.4276385" changeset="1" visible="true" version="1" user="OSMnx" /><node uid="1" lon="-3.720561" id="13076727641" timestamp="2026-05-13T09:37:55Z" lat="40.4277117" changeset="1" visible="true" version="1" user="OSMnx"><tag k="highway" v="crossing" /></node><node uid="1" lon="-3.7215619" id="13076727642" timestamp="2026-05-13T09:37:55Z" lat="40.4287463" changeset="1" visible="true" version="1" user="OSMnx"><tag k="highway" v="traffic_signals" /></node><node uid="1" lon="-3.7218544" id="13076727643" timestamp="2026-05-13T09:37:55Z" lat="40.4290527" changeset="1" visible="true" version="1" user="OSMnx"><tag k="highway" v="traffic_signals" /></node><node uid="1" lon="-3.7222651" id="13076727645" timestamp="2026-05-13T09:37:55Z" lat="40.4294773" changeset="1" visible="true" version="1" user="OSMnx" /><node uid="1" lon="-3.722344" id="13076727647" timestamp="2026-05-13T09:37:55Z" lat="40.4295591" changeset="1" visible="true" version="1" user="OSMnx" /><node uid="1" lon="-3.7227135" id="13076727648" timestamp="2026-05-13T09:37:55Z" lat="40.4299429" changeset="1" visible="true" version="1" user="OSMnx" /><node uid="1" lon="-3.7227982" id="13076727650" timestamp="2026-05-13T09:37:55Z" lat="40.4300274" changeset="1" visible="true" version="1" user="OSMnx" /><node uid="1" lon="-3.7228417" id="13076727651" timestamp="2026-05-13T09:37:55Z" lat="40.4300712" changeset="1" visible="true" version="1" user="OSMnx" /><node uid="1" lon="-3.7233579" id="13076727652" timestamp="2026-05-13T09:37:55Z" lat="40.4306107" changeset="1" visible="true" version="1" user="OSMnx" /><node uid="1" lon="-3.7234681" id="13076727653" timestamp="2026-05-13T09:37:55Z" lat="40.4307278" changeset="1" visible="true" version="1" user="OSMnx" /><node uid="1" lon="-3.7235226" id="13076727654" timestamp="2026-05-13T09:37:55Z" lat="40.430783" changeset="1" visible="true" version="1" user="OSMnx"><tag k="highway" v="traffic_signals" /></node><node uid="1" lon="-3.7240494" id="13076727655" timestamp="2026-05-13T09:37:55Z" lat="40.4313261" changeset="1" visible="true" version="1" user="OSMnx" /><node uid="1" lon="-3.7241007" id="13076727656" timestamp="2026-05-13T09:37:55Z" lat="40.4313788" changeset="1" visible="true" version="1" user="OSMnx"><tag k="highway" v="traffic_signals" /></node><node uid="1" lon="-3.7245255" id="13076727657" timestamp="2026-05-13T09:37:55Z" lat="40.4318104" changeset="1" visible="true" version="1" user="OSMnx"><tag k="highway" v="crossing" /></node><node uid="1" lon="-3.7246083" id="13076727658" timestamp="2026-05-13T09:37:55Z" lat="40.4319069" changeset="1" visible="true" version="1" user="OSMnx" /><node uid="1" lon="-3.7250983" id="13076727659" timestamp="2026-05-13T09:37:55Z" lat="40.4324232" changeset="1" visible="true" version="1" user="OSMnx" /><node uid="1" lon="-3.725143" id="13076727660" timestamp="2026-05-13T09:37:55Z" lat="40.4324905" changeset="1" visible="true" version="1" user="OSMnx" /><node uid="1" lon="-3.7251248" id="13076727661" timestamp="2026-05-13T09:37:55Z" lat="40.4325693" changeset="1" visible="true" version="1" user="OSMnx" /><node uid="1" lon="-3.7250426" id="13076727662" timestamp="2026-05-13T09:37:55Z" lat="40.4326095" changeset="1" visible="true" version="1" user="OSMnx"><tag k="highway" v="crossing" /></node><node uid="1" lon="-3.7239922" id="13076727663" timestamp="2026-05-13T09:37:55Z" lat="40.4330362" changeset="1" visible="true" version="1" user="OSMnx" /><node uid="1" lon="-3.7235764" id="13076727664" timestamp="2026-05-13T09:37:55Z" lat="40.4332174" changeset="1" visible="true" version="1" user="OSMnx" /><node uid="1" lon="-3.7207931" id="13076727688" timestamp="2026-05-13T09:37:55Z" lat="40.4328077" changeset="1" visible="true" version="1" user="OSMnx" /><node uid="1" lon="-3.7207533" id="13076727689" timestamp="2026-05-13T09:37:55Z" lat="40.4327517" changeset="1" visible="true" version="1" user="OSMnx" /><node uid="1" lon="-3.7206595" id="13076727690" timestamp="2026-05-13T09:37:55Z" lat="40.4326199" changeset="1" visible="true" version="1" user="OSMnx" /><node uid="1" lon="-3.7204545" id="13076727691" timestamp="2026-05-13T09:37:55Z" lat="40.4323286" changeset="1" visible="true" version="1" user="OSMnx" /><node uid="1" lon="-3.7203125" id="13076727692" timestamp="2026-05-13T09:37:55Z" lat="40.4321281" changeset="1" visible="true" version="1" user="OSMnx"><tag k="highway" v="crossing" /></node><node uid="1" lon="-3.714764" id="13423404198" timestamp="2026-05-13T09:37:55Z" lat="40.4237267" changeset="1" visible="true" version="1" user="OSMnx"><tag k="highway" v="traffic_signals" /></node><node uid="1" lon="-3.7194812" id="13448660818" timestamp="2026-05-13T09:37:55Z" lat="40.4295275" changeset="1" visible="true" version="1" user="OSMnx"><tag k="highway" v="crossing" /></node><node uid="1" lon="-3.7195393" id="13448660819" timestamp="2026-05-13T09:37:55Z" lat="40.4296231" changeset="1" visible="true" version="1" user="OSMnx"><tag k="highway" v="crossing" /></node><node uid="1" lon="-3.7194682" id="13448660822" timestamp="2026-05-13T09:37:55Z" lat="40.4296849" changeset="1" visible="true" version="1" user="OSMnx"><tag k="highway" v="stop" /></node><node uid="1" lon="-3.7131365" id="13619179683" timestamp="2026-05-13T09:37:55Z" lat="40.4264937" changeset="1" visible="true" version="1" user="OSMnx"><tag k="highway" v="traffic_signals" /></node><node uid="1" lon="-3.7132534" id="13619179684" timestamp="2026-05-13T09:37:55Z" lat="40.426797" changeset="1" visible="true" version="1" user="OSMnx"><tag k="highway" v="traffic_signals" /></node><node uid="1" lon="-3.7136104" id="13619179685" timestamp="2026-05-13T09:37:55Z" lat="40.4268692" changeset="1" visible="true" version="1" user="OSMnx"><tag k="highway" v="traffic_signals" /></node><node uid="1" lon="-3.7134422" id="13619179686" timestamp="2026-05-13T09:37:55Z" lat="40.4267986" changeset="1" visible="true" version="1" user="OSMnx"><tag k="highway" v="traffic_signals" /></node><node uid="1" lon="-3.7138241" id="13619179687" timestamp="2026-05-13T09:37:55Z" lat="40.4275435" changeset="1" visible="true" version="1" user="OSMnx"><tag k="highway" v="crossing" /></node><node uid="1" lon="-3.7142963" id="13619179688" timestamp="2026-05-13T09:37:55Z" lat="40.4276455" changeset="1" visible="true" version="1" user="OSMnx"><tag k="highway" v="crossing" /></node><node uid="1" lon="-3.7143048" id="13619179689" timestamp="2026-05-13T09:37:55Z" lat="40.4280192" changeset="1" visible="true" version="1" user="OSMnx"><tag k="highway" v="traffic_signals" /></node><node uid="1" lon="-3.7146995" id="13619179690" timestamp="2026-05-13T09:37:55Z" lat="40.4282164" changeset="1" visible="true" version="1" user="OSMnx"><tag k="highway" v="crossing" /></node><node uid="1" lon="-3.7152182" id="13619179691" timestamp="2026-05-13T09:37:55Z" lat="40.4290144" changeset="1" visible="true" version="1" user="OSMnx"><tag k="highway" v="traffic_signals" /></node><node uid="1" lon="-3.7150184" id="13619179692" timestamp="2026-05-13T09:37:55Z" lat="40.429009" changeset="1" visible="true" version="1" user="OSMnx"><tag k="highway" v="traffic_signals" /></node><node uid="1" lon="-3.7148704" id="13619179693" timestamp="2026-05-13T09:37:55Z" lat="40.4290233" changeset="1" visible="true" version="1" user="OSMnx"><tag k="highway" v="traffic_signals" /></node><node uid="1" lon="-3.7149194" id="13619179694" timestamp="2026-05-13T09:37:55Z" lat="40.429113" changeset="1" visible="true" version="1" user="OSMnx"><tag k="highway" v="traffic_signals" /></node><node uid="1" lon="-3.7160074" id="13619179695" timestamp="2026-05-13T09:37:55Z" lat="40.4303523" changeset="1" visible="true" version="1" user="OSMnx"><tag k="highway" v="traffic_signals" /></node><node uid="1" lon="-3.716137" id="13619179696" timestamp="2026-05-13T09:37:55Z" lat="40.4303677" changeset="1" visible="true" version="1" user="OSMnx"><tag k="highway" v="traffic_signals" /></node><node uid="1" lon="-3.7164898" id="13619179697" timestamp="2026-05-13T09:37:55Z" lat="40.4305052" changeset="1" visible="true" version="1" user="OSMnx"><tag k="highway" v="traffic_signals" /></node><node uid="1" lon="-3.7164437" id="13619179698" timestamp="2026-05-13T09:37:55Z" lat="40.4306212" changeset="1" visible="true" version="1" user="OSMnx"><tag k="highway" v="traffic_signals" /></node><node uid="1" lon="-3.7159959" id="13619179699" timestamp="2026-05-13T09:37:55Z" lat="40.4305629" changeset="1" visible="true" version="1" user="OSMnx"><tag k="highway" v="traffic_signals" /></node><node uid="1" lon="-3.7164481" id="13619184401" timestamp="2026-05-13T09:37:55Z" lat="40.4308209" changeset="1" visible="true" version="1" user="OSMnx"><tag k="highway" v="traffic_signals" /></node><node uid="1" lon="-3.7163029" id="13619184402" timestamp="2026-05-13T09:37:55Z" lat="40.4308053" changeset="1" visible="true" version="1" user="OSMnx"><tag k="highway" v="traffic_signals" /></node><node uid="1" lon="-3.7111711" id="13665143705" timestamp="2026-05-13T09:37:55Z" lat="40.4231833" changeset="1" visible="true" version="1" user="OSMnx" /><node uid="1" lon="-3.7110987" id="13665143706" timestamp="2026-05-13T09:37:55Z" lat="40.4233758" changeset="1" visible="true" version="1" user="OSMnx" /><node uid="1" lon="-3.7110863" id="13665143707" timestamp="2026-05-13T09:37:55Z" lat="40.4233927" changeset="1" visible="true" version="1" user="OSMnx" /><node uid="1" lon="-3.7110765" id="13665143708" timestamp="2026-05-13T09:37:55Z" lat="40.4234224" changeset="1" visible="true" version="1" user="OSMnx" /><node uid="1" lon="-3.712573" id="13665143709" timestamp="2026-05-13T09:37:55Z" lat="40.4224795" changeset="1" visible="true" version="1" user="OSMnx" /><node uid="1" lon="-3.7122532" id="13665143715" timestamp="2026-05-13T09:37:55Z" lat="40.4225972" changeset="1" visible="true" version="1" user="OSMnx" /><node uid="1" lon="-3.7125427" id="13665143716" timestamp="2026-05-13T09:37:55Z" lat="40.4224923" changeset="1" visible="true" version="1" user="OSMnx" /><node uid="1" lon="-3.71261" id="13665143717" timestamp="2026-05-13T09:37:55Z" lat="40.4224621" changeset="1" visible="true" version="1" user="OSMnx" /><node uid="1" lon="-3.7125533" id="13665143718" timestamp="2026-05-13T09:37:55Z" lat="40.4225443" changeset="1" visible="true" version="1" user="OSMnx" /><node uid="1" lon="-3.7128562" id="13665143719" timestamp="2026-05-13T09:37:55Z" lat="40.4222176" changeset="1" visible="true" version="1" user="OSMnx" /><node uid="1" lon="-3.7128087" id="13665143720" timestamp="2026-05-13T09:37:55Z" lat="40.4223011" changeset="1" visible="true" version="1" user="OSMnx" /><node uid="1" lon="-3.7128087" id="13665143721" timestamp="2026-05-13T09:37:55Z" lat="40.4223866" changeset="1" visible="true" version="1" user="OSMnx" /><node uid="1" lon="-3.7129465" id="13665143722" timestamp="2026-05-13T09:37:55Z" lat="40.4222598" changeset="1" visible="true" version="1" user="OSMnx" /><node uid="1" lon="-3.7128478" id="13665143723" timestamp="2026-05-13T09:37:55Z" lat="40.4223544" changeset="1" visible="true" version="1" user="OSMnx" /><node uid="1" lon="-3.7130218" id="13665155956" timestamp="2026-05-13T09:37:55Z" lat="40.4221548" changeset="1" visible="true" version="1" user="OSMnx" /><node uid="1" lon="-3.7129944" id="13665155957" timestamp="2026-05-13T09:37:55Z" lat="40.4221616" changeset="1" visible="true" version="1" user="OSMnx" /><way uid="1" visible="true" id="4308021" timestamp="2026-05-13T09:37:55Z" user="OSMnx" version="1" changeset="1"><nd ref="26067863" /><nd ref="13665143721" /><nd ref="13665143723" /><nd ref="13665143722" /><nd ref="1501171058" /><nd ref="292118651" /><tag k="highway" v="residential" /><tag k="lanes" v="1" /><tag k="name" v="Plaza de España" /><tag k="tunnel" v="yes" /><tag k="access" v="no" /><tag k="oneway" v="yes" /><tag k="maxspeed" v="30" /></way><way uid="1" visible="true" id="4308596" timestamp="2026-05-13T09:37:55Z" user="OSMnx" version="1" changeset="1"><nd ref="4110114627" /><nd ref="1501200366" /><nd ref="12410357014" /><nd ref="1501200369" /><tag k="highway" v="residential" /><tag k="lanes" v="4" /><tag k="name" v="Plaza de España" /><tag k="oneway" v="yes" /><tag k="maxspeed" v="50" /></way><way uid="1" visible="true" id="4308597" timestamp="2026-05-13T09:37:55Z" user="OSMnx" version="1" changeset="1"><nd ref="26578960" /><nd ref="913080870" /><nd ref="5006352946" /><tag k="highway" v="primary" /><tag k="lanes" v="3" /><tag k="name" v="Calle de la Princesa" /><tag k="oneway" v="yes" /><tag k="maxspeed" v="50" /></way><way uid="1" visible="true" id="4319192" timestamp="2026-05-13T09:37:55Z" user="OSMnx" version="1" changeset="1"><nd ref="25935532" /><nd ref="12400374807" /><tag k="highway" v="residential" /><tag k="lanes" v="2" /><tag k="name" v="Calle de Hilarión Eslava" /><tag k="oneway" v="yes" /></way><way uid="1" visible="true" id="4334160" timestamp="2026-05-13T09:37:55Z" user="OSMnx" version="1" changeset="1"><nd ref="9307495432" /><nd ref="26067836" /><nd ref="1352957236" /><tag k="highway" v="primary" /><tag k="lanes" v="4" /><tag k="name" v="Plaza de España" /><tag k="oneway" v="yes" /><tag k="maxspeed" v="50" /></way><way uid="1" visible="true" id="4334161" timestamp="2026-05-13T09:37:55Z" user="OSMnx" version="1" changeset="1"><nd ref="1352957241" /><nd ref="12410331098" /><nd ref="5970484993" /><nd ref="12410331096" /><nd ref="12410331095" /><nd ref="13665143718" /><nd ref="26067863" /><tag k="highway" v="residential" /><tag k="lanes" v="1" /><tag k="name" v="Plaza de España" /><tag k="access" v="no" /><tag k="oneway" v="yes" /><tag k="maxspeed" v="30" /></way><way uid="1" visible="true" id="4487131" timestamp="2026-05-13T09:37:55Z" user="OSMnx" version="1" changeset="1"><nd ref="26067836" /><nd ref="13665143705" /><nd ref="9307490304" /><tag k="highway" v="residential" /><tag k="lanes" v="1" /><tag k="name" v="Calle de Leganitos" /><tag k="access" v="yes" /><tag k="oneway" v="yes" /></way><way uid="1" visible="true" id="4487840" timestamp="2026-05-13T09:37:55Z" user="OSMnx" version="1" changeset="1"><nd ref="8577075124" /><nd ref="12400374757" /><nd ref="26067887" /><nd ref="13619179687" /><tag k="highway" v="tertiary" /><tag k="lanes" v="1" /><tag k="name" v="Calle de los Mártires de Alcalá" /><tag k="oneway" v="yes" /></way><way uid="1" visible="true" id="4950791" timestamp="2026-05-13T09:37:55Z" user="OSMnx" version="1" changeset="1"><nd ref="25935524" /><nd ref="25935522" /><tag k="highway" v="primary" /><tag k="lanes" v="3" /><tag k="name" v="Calle de Alberto Aguilera" /><tag k="oneway" v="yes" /><tag k="maxspeed" v="50" /></way><way uid="1" visible="true" id="5989265" timestamp="2026-05-13T09:37:55Z" user="OSMnx" version="1" changeset="1"><nd ref="13076727662" /><nd ref="13076727661" /><nd ref="13076727660" /><nd ref="13076727659" /><tag k="highway" v="secondary" /><tag k="lanes" v="4" /><tag k="name" v="Paseo de Moret" /><tag k="oneway" v="yes" /><tag k="maxspeed" v="50" /></way><way uid="1" visible="true" id="5989317" timestamp="2026-05-13T09:37:55Z" user="OSMnx" version="1" changeset="1"><nd ref="26578974" /><nd ref="8440879527" /><nd ref="8440879528" /><nd ref="1364771904" /><nd ref="4456608447" /><nd ref="13076727658" /><tag k="highway" v="residential" /><tag k="name" v="Calle de Lisboa" /><tag k="oneway" v="yes" /></way><way uid="1" visible="true" id="5990070" timestamp="2026-05-13T09:37:55Z" user="OSMnx" version="1" changeset="1"><nd ref="13076727651" /><nd ref="1364771695" /><nd ref="55161178" /><nd ref="3927556763" /><nd ref="26578951" /><nd ref="3927556770" /><nd ref="26578950" /><nd ref="3927556774" /><nd ref="55161174" /><nd ref="4757946972" /><nd ref="12400374738" /><nd ref="55138197" /><tag k="highway" v="residential" /><tag k="lanes" v="1" /><tag k="name" v="Calle de Benito Gutiérrez" /><tag k="oneway" v="yes" /><tag k="maxspeed" v="50" /></way><way uid="1" visible="true" id="5990071" timestamp="2026-05-13T09:37:55Z" user="OSMnx" version="1" changeset="1"><nd ref="25935531" /><nd ref="12400374750" /><nd ref="1378696878" /><nd ref="3927556767" /><nd ref="55161170" /><nd ref="3927556760" /><nd ref="25935534" /><nd ref="3927556757" /><nd ref="3927556256" /><nd ref="25935554" /><nd ref="55161181" /><nd ref="1364771581" /><nd ref="13076727645" /><tag k="highway" v="residential" /><tag k="lanes" v="1" /><tag k="name" v="Calle de Altamirano" /><tag k="oneway" v="yes" /><tag k="maxspeed" v="30" /></way><way uid="1" visible="true" id="5990532" timestamp="2026-05-13T09:37:55Z" user="OSMnx" version="1" changeset="1"><nd ref="13076727655" /><nd ref="1364771873" /><nd ref="26578975" /><tag k="highway" v="residential" /><tag k="name" v="Calle de Écija" /><tag k="oneway" v="yes" /><tag k="maxspeed" v="50" /></way><way uid="1" visible="true" id="5990533" timestamp="2026-05-13T09:37:55Z" user="OSMnx" version="1" changeset="1"><nd ref="13076727659" /><nd ref="13076727658" /><tag k="highway" v="secondary" /><tag k="name" v="Paseo del Pintor Rosales" /><tag k="oneway" v="yes" /><tag k="maxspeed" v="50" /></way><way uid="1" visible="true" id="5990534" timestamp="2026-05-13T09:37:55Z" user="OSMnx" version="1" changeset="1"><nd ref="3100329628" /><nd ref="3100332230" /><nd ref="3100332229" /><nd ref="298609424" /><nd ref="26068003" /><tag k="highway" v="living_street" /><tag k="lanes" v="1" /><tag k="name" v="Calle de Martín de los Heros" /><tag k="access" v="delivery" /><tag k="oneway" v="yes" /><tag k="maxspeed" v="20" /></way><way uid="1" visible="true" id="5990536" timestamp="2026-05-13T09:37:55Z" user="OSMnx" version="1" changeset="1"><nd ref="26578957" /><nd ref="3927556765" /><nd ref="3927556764" /><nd ref="26578951" /><nd ref="3927556758" /><nd ref="25935554" /><nd ref="3927556254" /><nd ref="3471276060" /><nd ref="13448660822" /><nd ref="55161154" /><tag k="highway" v="residential" /><tag k="lanes" v="1" /><tag k="name" v="Calle de Juan Álvarez Mendizábal" /><tag k="oneway" v="yes" /><tag k="maxspeed" v="30" /></way><way uid="1" visible="true" id="5991555" timestamp="2026-05-13T09:37:55Z" user="OSMnx" version="1" changeset="1"><nd ref="26068010" /><nd ref="4110043272" /><nd ref="298608902" /><tag k="highway" v="residential" /><tag k="name" v="Plaza de José Moreno Villa" /><tag k="oneway" v="no" /></way><way uid="1" visible="true" id="7593889" timestamp="2026-05-13T09:37:55Z" user="OSMnx" version="1" changeset="1"><nd ref="26080663" /><nd ref="293293726" /><nd ref="55138143" /><nd ref="26080658" /><nd ref="4234171259" /><nd ref="55161030" /><nd ref="8440879523" /><nd ref="55161034" /><nd ref="55161051" /><tag k="highway" v="residential" /><tag k="lanes" v="1" /><tag k="name" v="Calle de Evaristo San Miguel" /><tag k="oneway" v="yes" /><tag k="maxspeed" v="30" /></way><way uid="1" visible="true" id="7593896" timestamp="2026-05-13T09:37:55Z" user="OSMnx" version="1" changeset="1"><nd ref="26080778" /><nd ref="12400374730" /><nd ref="13619179690" /><nd ref="3644754710" /><nd ref="55161055" /><nd ref="4307340621" /><nd ref="55161059" /><tag k="highway" v="residential" /><tag k="lanes" v="1" /><tag k="name" v="Calle del Rey Francisco" /><tag k="oneway" v="yes" /><tag k="maxspeed" v="50" /></way><way uid="1" visible="true" id="7593899" timestamp="2026-05-13T09:37:55Z" user="OSMnx" version="1" changeset="1"><nd ref="25935515" /><nd ref="25935516" /><tag k="highway" v="tertiary" /><tag k="lanes" v="2" /><tag k="name" v="Calle de Quintana" /><tag k="oneway" v="yes" /></way><way uid="1" visible="true" id="7593903" timestamp="2026-05-13T09:37:55Z" user="OSMnx" version="1" changeset="1"><nd ref="13076727640" /><nd ref="1364771096" /><nd ref="1358036202" /><nd ref="55161108" /><tag k="highway" v="residential" /><tag k="lanes" v="1" /><tag k="name" v="Calle del Buen Suceso" /><tag k="oneway" v="yes" /><tag k="maxspeed" v="50" /></way><way uid="1" visible="true" id="7593908" timestamp="2026-05-13T09:37:55Z" user="OSMnx" version="1" changeset="1"><nd ref="25935523" /><nd ref="12400374737" /><nd ref="13619179698" /><nd ref="622204580" /><nd ref="5273361954" /><nd ref="5273358099" /><nd ref="3471276061" /><nd ref="55161145" /><nd ref="55161154" /><nd ref="13448660819" /><nd ref="8447103715" /><nd ref="3471365921" /><nd ref="55161167" /><tag k="highway" v="primary" /><tag k="lanes" v="2" /><tag k="name" v="Calle del Marqués de Urquijo" /><tag k="oneway" v="yes" /><tag k="maxspeed" v="30" /></way><way uid="1" visible="true" id="7604144" timestamp="2026-05-13T09:37:55Z" user="OSMnx" version="1" changeset="1"><nd ref="26080664" /><nd ref="26080665" /><nd ref="623071227" /><tag k="highway" v="secondary" /><tag k="lanes" v="4" /><tag k="name" v="Calle de Ferraz" /><tag k="oneway" v="yes" /></way><way uid="1" visible="true" id="7604150" timestamp="2026-05-13T09:37:55Z" user="OSMnx" version="1" changeset="1"><nd ref="26067257" /><nd ref="26067866" /><tag k="highway" v="residential" /><tag k="lanes" v="1" /><tag k="name" v="Plaza de España" /><tag k="oneway" v="yes" /><tag k="maxspeed" v="30" /></way><way uid="1" visible="true" id="7604153" timestamp="2026-05-13T09:37:55Z" user="OSMnx" version="1" changeset="1"><nd ref="26080658" /><nd ref="12203620148" /><nd ref="55161067" /><nd ref="1358036196" /><nd ref="55161074" /><tag k="highway" v="secondary" /><tag k="lanes" v="3" /><tag k="name" v="Calle de Ferraz" /><tag k="oneway" v="yes" /><tag k="maxspeed" v="50" /></way><way uid="1" visible="true" id="7604156" timestamp="2026-05-13T09:37:55Z" user="OSMnx" version="1" changeset="1"><nd ref="13076727690" /><nd ref="55161023" /><tag k="highway" v="residential" /><tag k="name" v="Calle de Francisco Lozano" /><tag k="oneway" v="yes" /></way><way uid="1" visible="true" id="7604160" timestamp="2026-05-13T09:37:55Z" user="OSMnx" version="1" changeset="1"><nd ref="55161040" /><nd ref="4757946968" /><nd ref="3927556775" /><nd ref="4324546709" /><nd ref="55161174" /><nd ref="3927556773" /><nd ref="3927556769" /><nd ref="3927556768" /><nd ref="55161170" /><nd ref="3927556766" /><nd ref="3927556255" /><nd ref="5273358099" /><tag k="highway" v="residential" /><tag k="name" v="Calle de Tutor" /><tag k="oneway" v="yes" /><tag k="maxspeed" v="50" /></way><way uid="1" visible="true" id="7642873" timestamp="2026-05-13T09:37:55Z" user="OSMnx" version="1" changeset="1"><nd ref="9483986398" /><nd ref="26080754" /><nd ref="13027416608" /><nd ref="26080755" /><tag k="highway" v="residential" /><tag k="name" v="Calle Profesor Martín Almagro Basch" /><tag k="oneway" v="yes" /><tag k="maxspeed" v="40" /></way><way uid="1" visible="true" id="7643019" timestamp="2026-05-13T09:37:55Z" user="OSMnx" version="1" changeset="1"><nd ref="26067885" /><nd ref="1789638284" /><nd ref="8428817433" /><nd ref="1789638283" /><nd ref="26080781" /><nd ref="55161044" /><nd ref="4242179816" /><nd ref="55138174" /><nd ref="55138166" /><nd ref="55138155" /><nd ref="26080688" /><tag k="highway" v="residential" /><tag k="lanes" v="2" /><tag k="name" v="Calle Luisa Fernanda" /><tag k="oneway" v="yes" /><tag k="maxspeed" v="30" /></way><way uid="1" visible="true" id="7649061" timestamp="2026-05-13T09:37:55Z" user="OSMnx" version="1" changeset="1"><nd ref="12400374813" /><nd ref="26578946" /><tag k="highway" v="residential" /><tag k="name" v="Calle de Fernando el Católico" /><tag k="oneway" v="yes" /><tag k="maxspeed" v="30" /></way><way uid="1" visible="true" id="7972386" timestamp="2026-05-13T09:37:55Z" user="OSMnx" version="1" changeset="1"><nd ref="26080738" /><nd ref="10016776542" /><nd ref="26080667" /><tag k="highway" v="residential" /><tag k="name" v="Calle de Ferraz" /><tag k="oneway" v="yes" /></way><way uid="1" visible="true" id="7972387" timestamp="2026-05-13T09:37:55Z" user="OSMnx" version="1" changeset="1"><nd ref="26080659" /><nd ref="7140036358" /><nd ref="7140036359" /><nd ref="7140036357" /><nd ref="26080661" /><nd ref="26080662" /><nd ref="7140036356" /><nd ref="1179022515" /><nd ref="1179022159" /><nd ref="26080664" /><tag k="highway" v="secondary_link" /><tag k="lanes" v="1" /><tag k="oneway" v="yes" /><tag k="maxspeed" v="40" /></way><way uid="1" visible="true" id="7972390" timestamp="2026-05-13T09:37:55Z" user="OSMnx" version="1" changeset="1"><nd ref="623071227" /><nd ref="7126146745" /><tag k="highway" v="residential" /><tag k="name" v="Calle de Ferraz" /><tag k="oneway" v="yes" /></way><way uid="1" visible="true" id="26631682" timestamp="2026-05-13T09:37:55Z" user="OSMnx" version="1" changeset="1"><nd ref="292118733" /><nd ref="1501171095" /><nd ref="7968363528" /><nd ref="9307495444" /><nd ref="292118644" /><tag k="highway" v="secondary" /><tag k="lanes" v="2" /><tag k="name" v="Plaza de España" /><tag k="tunnel" v="yes" /><tag k="oneway" v="yes" /><tag k="maxspeed" v="40" /></way><way uid="1" visible="true" id="26632411" timestamp="2026-05-13T09:37:55Z" user="OSMnx" version="1" changeset="1"><nd ref="292123017" /><nd ref="7991193694" /><nd ref="7991188276" /><nd ref="2017305752" /><nd ref="292123018" /><tag k="highway" v="residential" /><tag k="lanes" v="1" /><tag k="oneway" v="yes" /></way><way uid="1" visible="true" id="27196162" timestamp="2026-05-13T09:37:55Z" user="OSMnx" version="1" changeset="1"><nd ref="298448863" /><nd ref="7537445998" /><nd ref="7537445997" /><nd ref="1378696858" /><tag k="highway" v="residential" /><tag k="name" v="Calle de Seminario de Nobles" /><tag k="oneway" v="yes" /></way><way uid="1" visible="true" id="27211378" timestamp="2026-05-13T09:37:55Z" user="OSMnx" version="1" changeset="1"><nd ref="3100336111" /><nd ref="4110043285" /><nd ref="298609181" /><nd ref="3903476292" /><nd ref="298609192" /><nd ref="298609151" /><nd ref="4110093636" /><nd ref="11765098321" /><nd ref="11765098351" /><nd ref="298609205" /><nd ref="4110043288" /><nd ref="1652768037" /><nd ref="1652768007" /><nd ref="4110043278" /><nd ref="298609149" /><nd ref="298608902" /><nd ref="3100336111" /><tag k="highway" v="residential" /><tag k="name" v="Plaza de José Moreno Villa" /><tag k="oneway" v="yes" /></way><way uid="1" visible="true" id="31048279" timestamp="2026-05-13T09:37:55Z" user="OSMnx" version="1" changeset="1"><nd ref="55161167" /><nd ref="3471365928" /><nd ref="55161181" /><nd ref="55161178" /><nd ref="8440879529" /><nd ref="55161188" /><tag k="highway" v="secondary" /><tag k="lanes" v="3" /><tag k="name" v="Calle de Ferraz" /><tag k="oneway" v="yes" /><tag k="maxspeed" v="50" /></way><way uid="1" visible="true" id="31048280" timestamp="2026-05-13T09:37:55Z" user="OSMnx" version="1" changeset="1"><nd ref="9435349738" /><nd ref="13027387100" /><tag k="highway" v="primary" /><tag k="lanes" v="6" /><tag k="name" v="Calle de Francisco y Jacinto Alcántara" /><tag k="oneway" v="no" /><tag k="maxspeed" v="40" /></way><way uid="1" visible="true" id="31262308" timestamp="2026-05-13T09:37:55Z" user="OSMnx" version="1" changeset="1"><nd ref="13076727663" /><nd ref="13076727664" /><nd ref="4197170916" /><nd ref="3253942905" /><nd ref="26578963" /><tag k="highway" v="secondary" /><tag k="lanes" v="5" /><tag k="name" v="Paseo de Moret" /><tag k="oneway" v="no" /><tag k="maxspeed" v="50" /></way><way uid="1" visible="true" id="31768975" timestamp="2026-05-13T09:37:55Z" user="OSMnx" version="1" changeset="1"><nd ref="55161051" /><nd ref="55161055" /><nd ref="11237949945" /><nd ref="55161088" /><nd ref="12400147466" /><nd ref="4437657599" /><nd ref="55161091" /><nd ref="8646829050" /><nd ref="4203412903" /><nd ref="55161135" /><tag k="highway" v="residential" /><tag k="lanes" v="1" /><tag k="name" v="Calle de Tutor" /><tag k="oneway" v="yes" /><tag k="maxspeed" v="30" /></way><way uid="1" visible="true" id="31769101" timestamp="2026-05-13T09:37:55Z" user="OSMnx" version="1" changeset="1"><nd ref="55161124" /><nd ref="12828583143" /><nd ref="55161100" /><nd ref="55161078" /><nd ref="55161064" /><tag k="highway" v="residential" /><tag k="name" v="Calle de Juan Álvarez Mendizábal" /><tag k="oneway" v="yes" /><tag k="maxspeed" v="50" /></way><way uid="1" visible="true" id="33760308" timestamp="2026-05-13T09:37:55Z" user="OSMnx" version="1" changeset="1"><nd ref="25935522" /><nd ref="25935521" /><tag k="highway" v="primary" /><tag k="lanes" v="3" /><tag k="name" v="Calle de la Princesa" /><tag k="oneway" v="yes" /><tag k="maxspeed" v="50" /></way><way uid="1" visible="true" id="33760309" timestamp="2026-05-13T09:37:55Z" user="OSMnx" version="1" changeset="1"><nd ref="25935523" /><nd ref="25935524" /><tag k="highway" v="primary" /><tag k="lanes" v="3" /><tag k="name" v="Calle de la Princesa" /><tag k="oneway" v="yes" /><tag k="maxspeed" v="50" /></way><way uid="1" visible="true" id="33760310" timestamp="2026-05-13T09:37:55Z" user="OSMnx" version="1" changeset="1"><nd ref="26578944" /><nd ref="1505081028" /><nd ref="937660054" /><nd ref="1505081040" /><tag k="highway" v="primary" /><tag k="lanes" v="3" /><tag k="name" v="Calle de la Princesa" /><tag k="oneway" v="yes" /><tag k="maxspeed" v="50" /></way><way uid="1" visible="true" id="38448423" timestamp="2026-05-13T09:37:55Z" user="OSMnx" version="1" changeset="1"><nd ref="26080688" /><nd ref="7968363512" /><nd ref="454563947" /><tag k="highway" v="residential" /><tag k="lanes" v="1" /><tag k="name" v="Calle de Ferraz" /><tag k="oneway" v="yes" /></way><way uid="1" visible="true" id="43405568" timestamp="2026-05-13T09:37:55Z" user="OSMnx" version="1" changeset="1"><nd ref="26578954" /><nd ref="12400374739" /><nd ref="1505080997" /><nd ref="55161040" /><nd ref="3253942876" /><nd ref="11279337787" /><nd ref="4249550724" /><nd ref="26578956" /><tag k="highway" v="residential" /><tag k="name" v="Calle de Romero Robledo" /><tag k="oneway" v="yes" /><tag k="maxspeed" v="50" /></way><way uid="1" visible="true" id="43405569" timestamp="2026-05-13T09:37:55Z" user="OSMnx" version="1" changeset="1"><nd ref="26578954" /><nd ref="26578958" /><nd ref="55138197" /><tag k="highway" v="primary" /><tag k="lanes" v="3" /><tag k="name" v="Calle de la Princesa" /><tag k="oneway" v="yes" /><tag k="maxspeed" v="50" /></way><way uid="1" visible="true" id="43407379" timestamp="2026-05-13T09:37:55Z" user="OSMnx" version="1" changeset="1"><nd ref="25935516" /><nd ref="1179022533" /><nd ref="26080778" /><nd ref="2973127101" /><nd ref="913080866" /><nd ref="5385241357" /><nd ref="1378696856" /><nd ref="26080779" /><tag k="highway" v="primary" /><tag k="lanes" v="3" /><tag k="name" v="Calle de la Princesa" /><tag k="oneway" v="yes" /></way><way uid="1" visible="true" id="43407380" timestamp="2026-05-13T09:37:55Z" user="OSMnx" version="1" changeset="1"><nd ref="25935516" /><nd ref="12400374732" /><nd ref="1179022300" /><nd ref="55161088" /><nd ref="55161082" /><nd ref="1358036200" /><nd ref="55161078" /><nd ref="1358036198" /><nd ref="55161074" /><tag k="highway" v="residential" /><tag k="lanes" v="2" /><tag k="name" v="Calle de Quintana" /><tag k="oneway" v="yes" /><tag k="maxspeed" v="50" /></way><way uid="1" visible="true" id="43407381" timestamp="2026-05-13T09:37:55Z" user="OSMnx" version="1" changeset="1"><nd ref="8577075124" /><nd ref="1378696853" /><nd ref="913080871" /><nd ref="298448863" /><nd ref="13619179689" /><nd ref="1378696860" /><nd ref="8430090474" /><nd ref="5385241321" /><tag k="highway" v="primary" /><tag k="lanes" v="3" /><tag k="name" v="Calle de la Princesa" /><tag k="oneway" v="yes" /></way><way uid="1" visible="true" id="43410327" timestamp="2026-05-13T09:37:55Z" user="OSMnx" version="1" changeset="1"><nd ref="9307495417" /><nd ref="1501171071" /><nd ref="292118700" /><tag k="highway" v="primary" /><tag k="lanes" v="1" /><tag k="name" v="Plaza de España" /><tag k="tunnel" v="yes" /><tag k="oneway" v="yes" /><tag k="maxspeed" v="50" /></way><way uid="1" visible="true" id="43410330" timestamp="2026-05-13T09:37:55Z" user="OSMnx" version="1" changeset="1"><nd ref="292118644" /><nd ref="7968363529" /><nd ref="292118637" /><nd ref="1501213545" /><nd ref="1855048164" /><tag k="highway" v="secondary" /><tag k="lanes" v="2" /><tag k="name" v="Plaza de España" /><tag k="tunnel" v="yes" /><tag k="oneway" v="yes" /><tag k="maxspeed" v="40" /></way><way uid="1" visible="true" id="43410331" timestamp="2026-05-13T09:37:55Z" user="OSMnx" version="1" changeset="1"><nd ref="7968363523" /><nd ref="11511962957" /><nd ref="7987655992" /><nd ref="292118697" /><nd ref="7968363538" /><nd ref="7968363537" /><nd ref="9307495443" /><nd ref="7968363532" /><nd ref="7968363536" /><nd ref="1501171070" /><tag k="highway" v="primary" /><tag k="lanes" v="2" /><tag k="name" v="Plaza de España" /><tag k="tunnel" v="yes" /><tag k="oneway" v="yes" /><tag k="maxspeed" v="40" /></way><way uid="1" visible="true" id="44508926" timestamp="2026-05-13T09:37:55Z" user="OSMnx" version="1" changeset="1"><nd ref="55161188" /><nd ref="55161192" /><nd ref="55161023" /><nd ref="26578975" /><nd ref="26578974" /><tag k="highway" v="secondary" /><tag k="lanes" v="3" /><tag k="name" v="Calle de Ferraz" /><tag k="oneway" v="yes" /><tag k="maxspeed" v="50" /></way><way uid="1" visible="true" id="44508927" timestamp="2026-05-13T09:37:55Z" user="OSMnx" version="1" changeset="1"><nd ref="55161188" /><nd ref="8447103714" /><nd ref="1364771799" /><nd ref="13076727653" /><tag k="highway" v="residential" /><tag k="name" v="Calle de Romero Robledo" /><tag k="oneway" v="yes" /></way><way uid="1" visible="true" id="44508928" timestamp="2026-05-13T09:37:55Z" user="OSMnx" version="1" changeset="1"><nd ref="13076727648" /><nd ref="13076727647" /><nd ref="13076727645" /><nd ref="13076727643" /><nd ref="9435349738" /><tag k="highway" v="secondary" /><tag k="lanes" v="3" /><tag k="name" v="Paseo del Pintor Rosales" /><tag k="oneway" v="yes" /><tag k="maxspeed" v="50" /></way><way uid="1" visible="true" id="44508929" timestamp="2026-05-13T09:37:55Z" user="OSMnx" version="1" changeset="1"><nd ref="9435349738" /><nd ref="13076727642" /><nd ref="318919466" /><nd ref="13076727641" /><nd ref="13076727640" /><nd ref="13076727639" /><nd ref="26080763" /><nd ref="7140036350" /><nd ref="8440879525" /><nd ref="1179022390" /><nd ref="26080757" /><nd ref="26080756" /><nd ref="9483986399" /><nd ref="1364770889" /><nd ref="26080755" /><tag k="highway" v="secondary" /><tag k="lanes" v="3" /><tag k="name" v="Paseo del Pintor Rosales" /><tag k="oneway" v="yes" /><tag k="maxspeed" v="50" /></way><way uid="1" visible="true" id="44508930" timestamp="2026-05-13T09:37:55Z" user="OSMnx" version="1" changeset="1"><nd ref="9435349738" /><nd ref="1095709754" /><nd ref="1095709761" /><nd ref="8447121534" /><nd ref="1095709758" /><nd ref="55161119" /><tag k="highway" v="primary" /><tag k="lanes" v="3" /><tag k="name" v="Calle del Marqués de Urquijo" /><tag k="oneway" v="yes" /><tag k="maxspeed" v="50" /></way><way uid="1" visible="true" id="44508931" timestamp="2026-05-13T09:37:55Z" user="OSMnx" version="1" changeset="1"><nd ref="1095709764" /><nd ref="1095709762" /><nd ref="1095709759" /><nd ref="9435349738" /><tag k="highway" v="primary" /><tag k="lanes" v="3" /><tag k="name" v="Calle del Marqués de Urquijo" /><tag k="oneway" v="yes" /><tag k="maxspeed" v="50" /></way><way uid="1" visible="true" id="44535820" timestamp="2026-05-13T09:37:55Z" user="OSMnx" version="1" changeset="1"><nd ref="9307495426" /><nd ref="13665143719" /><nd ref="13665143720" /><nd ref="9307495429" /><tag k="highway" v="primary" /><tag k="lanes" v="3" /><tag k="name" v="Plaza de España" /><tag k="tunnel" v="yes" /><tag k="oneway" v="yes" /><tag k="maxspeed" v="50" /></way><way uid="1" visible="true" id="44535821" timestamp="2026-05-13T09:37:55Z" user="OSMnx" version="1" changeset="1"><nd ref="9307495426" /><nd ref="9307490316" /><nd ref="292118651" /><tag k="highway" v="secondary_link" /><tag k="lanes" v="2" /><tag k="tunnel" v="yes" /><tag k="oneway" v="yes" /></way><way uid="1" visible="true" id="46098091" timestamp="2026-05-13T09:37:55Z" user="OSMnx" version="1" changeset="1"><nd ref="26578946" /><nd ref="8430090473" /><nd ref="913080864" /><tag k="highway" v="primary" /><tag k="lanes" v="3" /><tag k="name" v="Calle de la Princesa" /><tag k="oneway" v="yes" /><tag k="maxspeed" v="50" /></way><way uid="1" visible="true" id="46098108" timestamp="2026-05-13T09:37:55Z" user="OSMnx" version="1" changeset="1"><nd ref="8577075130" /><nd ref="12400374812" /><tag k="highway" v="residential" /><tag k="name" v="Calle de Fernando el Católico" /><tag k="oneway" v="yes" /><tag k="maxspeed" v="30" /></way><way uid="1" visible="true" id="48334260" timestamp="2026-05-13T09:37:55Z" user="OSMnx" version="1" changeset="1"><nd ref="858587194" /><nd ref="858587240" /><nd ref="614036231" /><tag k="highway" v="residential" /><tag k="lanes" v="1" /><tag k="name" v="Calle de la Princesa" /><tag k="oneway" v="yes" /></way><way uid="1" visible="true" id="65167032" timestamp="2026-05-13T09:37:55Z" user="OSMnx" version="1" changeset="1"><nd ref="26578960" /><nd ref="1486142511" /><tag k="highway" v="secondary_link" /><tag k="lanes" v="1" /><tag k="name" v="Calle de la Princesa" /><tag k="oneway" v="yes" /><tag k="maxspeed" v="50" /></way><way uid="1" visible="true" id="65279237" timestamp="2026-05-13T09:37:55Z" user="OSMnx" version="1" changeset="1"><nd ref="55161130" /><nd ref="55161135" /><tag k="highway" v="primary" /><tag k="lanes" v="4" /><tag k="name" v="Calle del Marqués de Urquijo" /><tag k="oneway" v="yes" /><tag k="maxspeed" v="50" /></way><way uid="1" visible="true" id="65279238" timestamp="2026-05-13T09:37:55Z" user="OSMnx" version="1" changeset="1"><nd ref="55161130" /><nd ref="55161145" /><nd ref="4311985760" /><nd ref="3927556759" /><nd ref="25935534" /><nd ref="3927556761" /><nd ref="3927556771" /><nd ref="26578950" /><nd ref="3927556772" /><nd ref="6981674371" /><nd ref="26578956" /><tag k="highway" v="residential" /><tag k="name" v="Calle de Martín de los Heros" /><tag k="oneway" v="yes" /><tag k="maxspeed" v="30" /></way><way uid="1" visible="true" id="71270642" timestamp="2026-05-13T09:37:55Z" user="OSMnx" version="1" changeset="1"><nd ref="13076727658" /><nd ref="13076727657" /><nd ref="13076727656" /><nd ref="13076727655" /><nd ref="13076727654" /><nd ref="13076727653" /><tag k="highway" v="secondary" /><tag k="name" v="Paseo del Pintor Rosales" /><tag k="oneway" v="yes" /><tag k="maxspeed" v="50" /></way><way uid="1" visible="true" id="71270643" timestamp="2026-05-13T09:37:55Z" user="OSMnx" version="1" changeset="1"><nd ref="26578974" /><nd ref="1364772083" /><nd ref="12400374747" /><nd ref="12203620147" /><nd ref="13027418003" /><nd ref="13076727663" /><tag k="highway" v="secondary" /><tag k="lanes" v="3" /><tag k="name" v="Calle de Ferraz" /><tag k="oneway" v="yes" /><tag k="maxspeed" v="50" /></way><way uid="1" visible="true" id="71270645" timestamp="2026-05-13T09:37:55Z" user="OSMnx" version="1" changeset="1"><nd ref="5385241323" /><nd ref="904868125" /><nd ref="7934347521" /><nd ref="904868123" /><nd ref="1067565836" /><nd ref="5385241322" /><nd ref="913080865" /><nd ref="893869107" /><nd ref="7930651364" /><nd ref="7934347511" /><tag k="highway" v="primary" /><tag k="lanes" v="3" /><tag k="name" v="Calle de la Princesa" /><tag k="oneway" v="yes" /><tag k="maxspeed" v="50" /></way><way uid="1" visible="true" id="71270648" timestamp="2026-05-13T09:37:55Z" user="OSMnx" version="1" changeset="1"><nd ref="927751052" /><nd ref="26067885" /><tag k="highway" v="primary" /><tag k="lanes" v="3" /><tag k="name" v="Calle de la Princesa" /><tag k="oneway" v="yes" /></way><way uid="1" visible="true" id="71270650" timestamp="2026-05-13T09:37:55Z" user="OSMnx" version="1" changeset="1"><nd ref="26080663" /><nd ref="13027416609" /><nd ref="937706305" /><tag k="highway" v="secondary" /><tag k="lanes" v="4" /><tag k="name" v="Paseo del Pintor Rosales" /><tag k="oneway" v="yes" /></way><way uid="1" visible="true" id="71591677" timestamp="2026-05-13T09:37:55Z" user="OSMnx" version="1" changeset="1"><nd ref="11280466187" /><nd ref="11844345285" /><nd ref="11844345286" /><nd ref="11844345287" /><nd ref="11844345294" /><nd ref="7859244870" /><nd ref="937660056" /><nd ref="1067565849" /><tag k="highway" v="primary" /><tag k="lanes" v="3" /><tag k="name" v="Calle de la Princesa" /><tag k="oneway" v="yes" /><tag k="maxspeed" v="50" /></way><way uid="1" visible="true" id="71609573" timestamp="2026-05-13T09:37:55Z" user="OSMnx" version="1" changeset="1"><nd ref="913080867" /><nd ref="26578961" /><nd ref="26578960" /><tag k="highway" v="secondary_link" /><tag k="lanes" v="3" /><tag k="oneway" v="yes" /><tag k="maxspeed" v="50" /></way><way uid="1" visible="true" id="71808951" timestamp="2026-05-13T09:37:55Z" user="OSMnx" version="1" changeset="1"><nd ref="7968363535" /><nd ref="9307495422" /><tag k="highway" v="primary" /><tag k="lanes" v="3" /><tag k="name" v="Cuesta de San Vicente" /><tag k="tunnel" v="yes" /><tag k="oneway" v="yes" /><tag k="maxspeed" v="50" /></way><way uid="1" visible="true" id="72247159" timestamp="2026-05-13T09:37:55Z" user="OSMnx" version="1" changeset="1"><nd ref="614036231" /><nd ref="6981674375" /><nd ref="4110020825" /><nd ref="614036232" /><nd ref="4110020824" /><nd ref="858587190" /><tag k="highway" v="residential" /><tag k="lanes" v="1" /><tag k="name" v="Subterráneo de Princesa a Santa Cruz de Marcenado" /><tag k="tunnel" v="yes" /><tag k="oneway" v="yes" /></way><way uid="1" visible="true" id="72247167" timestamp="2026-05-13T09:37:55Z" user="OSMnx" version="1" changeset="1"><nd ref="12400374762" /><nd ref="25935521" /><tag k="highway" v="primary" /><tag k="lanes" v="3" /><tag k="name" v="Calle de Alberto Aguilera" /><tag k="oneway" v="yes" /><tag k="maxspeed" v="50" /></way><way uid="1" visible="true" id="72247172" timestamp="2026-05-13T09:37:55Z" user="OSMnx" version="1" changeset="1"><nd ref="858587220" /><nd ref="1179022558" /><tag k="highway" v="primary" /><tag k="lanes" v="3" /><tag k="name" v="Calle de la Princesa" /><tag k="oneway" v="yes" /></way><way uid="1" visible="true" id="72247192" timestamp="2026-05-13T09:37:55Z" user="OSMnx" version="1" changeset="1"><nd ref="25935515" /><nd ref="13619179692" /><nd ref="1179022561" /><nd ref="858587220" /><tag k="highway" v="primary" /><tag k="lanes" v="3" /><tag k="name" v="Calle de la Princesa" /><tag k="oneway" v="yes" /></way><way uid="1" visible="true" id="72247216" timestamp="2026-05-13T09:37:55Z" user="OSMnx" version="1" changeset="1"><nd ref="13619179694" /><nd ref="913206910" /><nd ref="4500945119" /><nd ref="12400374760" /><nd ref="858587220" /><tag k="highway" v="residential" /><tag k="lanes" v="1" /><tag k="width" v="8" /><tag k="name" v="Calle de Serrano Jover" /><tag k="oneway" v="yes" /><tag k="maxspeed" v="30" /></way><way uid="1" visible="true" id="76560500" timestamp="2026-05-13T09:37:55Z" user="OSMnx" version="1" changeset="1"><nd ref="1669117694" /><nd ref="12400374808" /><nd ref="26578942" /><tag k="highway" v="residential" /><tag k="name" v="Calle de Rodríguez San Pedro" /><tag k="oneway" v="yes" /></way><way uid="1" visible="true" id="77339507" timestamp="2026-05-13T09:37:55Z" user="OSMnx" version="1" changeset="1"><nd ref="55161046" /><nd ref="7537446006" /><nd ref="7537446007" /><nd ref="7537446005" /><nd ref="55138174" /><tag k="highway" v="residential" /><tag k="name" v="Calle de Martín de los Heros" /><tag k="oneway" v="yes" /></way><way uid="1" visible="true" id="77603044" timestamp="2026-05-13T09:37:55Z" user="OSMnx" version="1" changeset="1"><nd ref="26578963" /><nd ref="5006352965" /><tag k="highway" v="secondary" /><tag k="lanes" v="4" /><tag k="name" v="Paseo de Moret" /><tag k="oneway" v="no" /></way><way uid="1" visible="true" id="77603045" timestamp="2026-05-13T09:37:55Z" user="OSMnx" version="1" changeset="1"><nd ref="26080779" /><nd ref="7537445999" /><nd ref="7537445996" /><nd ref="913080871" /><tag k="highway" v="residential" /><tag k="lanes" v="1" /><tag k="name" v="Calle de Evaristo San Miguel" /><tag k="oneway" v="yes" /></way><way uid="1" visible="true" id="80240817" timestamp="2026-05-13T09:37:55Z" user="OSMnx" version="1" changeset="1"><nd ref="26578942" /><nd ref="1378696879" /><tag k="highway" v="residential" /><tag k="lanes" v="1" /><tag k="name" v="Calle de la Princesa" /><tag k="oneway" v="yes" /></way><way uid="1" visible="true" id="131447320" timestamp="2026-05-13T09:37:55Z" user="OSMnx" version="1" changeset="1"><nd ref="1446632660" /><nd ref="26578945" /><nd ref="8577075130" /><tag k="highway" v="primary" /><tag k="lanes" v="3" /><tag k="name" v="Calle de la Princesa" /><tag k="oneway" v="yes" /><tag k="maxspeed" v="50" /></way><way uid="1" visible="true" id="131450464" timestamp="2026-05-13T09:37:55Z" user="OSMnx" version="1" changeset="1"><nd ref="13619179693" /><nd ref="1179022387" /><nd ref="12400374758" /><nd ref="25935515" /><tag k="highway" v="tertiary" /><tag k="lanes" v="3" /><tag k="name" v="Calle de Serrano Jover" /><tag k="oneway" v="yes" /></way><way uid="1" visible="true" id="136832095" timestamp="2026-05-13T09:37:55Z" user="OSMnx" version="1" changeset="1"><nd ref="1501171070" /><nd ref="1501171068" /><nd ref="292118700" /><tag k="highway" v="secondary" /><tag k="lanes" v="2" /><tag k="tunnel" v="yes" /><tag k="oneway" v="yes" /></way><way uid="1" visible="true" id="174854716" timestamp="2026-05-13T09:37:55Z" user="OSMnx" version="1" changeset="1"><nd ref="26080688" /><nd ref="623071228" /><nd ref="11327800847" /><nd ref="26080659" /><tag k="highway" v="secondary" /><tag k="lanes" v="3" /><tag k="name" v="Calle de Ferraz" /><tag k="oneway" v="yes" /></way><way uid="1" visible="true" id="195168701" timestamp="2026-05-13T09:37:55Z" user="OSMnx" version="1" changeset="1"><nd ref="55138174" /><nd ref="4242179828" /><nd ref="8715771071" /><nd ref="8715771072" /><nd ref="55161034" /><nd ref="4307340622" /><nd ref="4307340623" /><nd ref="55161059" /><tag k="highway" v="residential" /><tag k="lanes" v="1" /><tag k="name" v="Calle de Martín de los Heros" /><tag k="oneway" v="yes" /><tag k="maxspeed" v="30" /></way><way uid="1" visible="true" id="238829520" timestamp="2026-05-13T09:37:55Z" user="OSMnx" version="1" changeset="1"><nd ref="913224073" /><nd ref="1501200383" /><nd ref="9306444673" /><nd ref="12674385038" /><nd ref="26067257" /><tag k="highway" v="primary" /><tag k="lanes" v="3" /><tag k="name" v="Plaza de España" /><tag k="oneway" v="yes" /><tag k="maxspeed" v="50" /></way><way uid="1" visible="true" id="238829521" timestamp="2026-05-13T09:37:55Z" user="OSMnx" version="1" changeset="1"><nd ref="26067866" /><nd ref="9306444674" /><nd ref="9306444675" /><nd ref="8430090471" /><nd ref="5559534844" /><tag k="highway" v="residential" /><tag k="lanes" v="2" /><tag k="name" v="Plaza de España" /><tag k="oneway" v="yes" /><tag k="maxspeed" v="30" /></way><way uid="1" visible="true" id="242546585" timestamp="2026-05-13T09:37:55Z" user="OSMnx" version="1" changeset="1"><nd ref="26578944" /><nd ref="26578954" /><tag k="highway" v="residential" /><tag k="width" v="12" /><tag k="name" v="Calle de Meléndez Valdés" /><tag k="oneway" v="yes" /><tag k="maxspeed" v="30" /></way><way uid="1" visible="true" id="251956454" timestamp="2026-05-13T09:37:55Z" user="OSMnx" version="1" changeset="1"><nd ref="11280466187" /><nd ref="12845246728" /><nd ref="12845246727" /><nd ref="11844345284" /><nd ref="11844345288" /><nd ref="11844345289" /><nd ref="11844345290" /><nd ref="11844345291" /><nd ref="2480629208" /><nd ref="8577075130" /><tag k="highway" v="residential" /><tag k="lanes" v="3" /><tag k="name" v="Calle de la Princesa" /><tag k="oneway" v="yes" /></way><way uid="1" visible="true" id="251971166" timestamp="2026-05-13T09:37:55Z" user="OSMnx" version="1" changeset="1"><nd ref="858587194" /><nd ref="25935540" /><tag k="highway" v="primary" /><tag k="lanes" v="2" /><tag k="name" v="Calle de la Princesa" /><tag k="oneway" v="yes" /></way><way uid="1" visible="true" id="251971168" timestamp="2026-05-13T09:37:55Z" user="OSMnx" version="1" changeset="1"><nd ref="25935540" /><nd ref="12674385037" /><nd ref="13619179691" /><nd ref="1179022182" /><nd ref="25935516" /><tag k="highway" v="primary" /><tag k="lanes" v="3" /><tag k="name" v="Calle de la Princesa" /><tag k="oneway" v="yes" /></way><way uid="1" visible="true" id="254044769" timestamp="2026-05-13T09:37:55Z" user="OSMnx" version="1" changeset="1"><nd ref="1352957236" /><nd ref="6109357402" /><nd ref="5243353538" /><nd ref="5342725028" /><nd ref="5342725027" /><tag k="highway" v="primary" /><tag k="lanes" v="1" /><tag k="name" v="Plaza de España" /><tag k="oneway" v="yes" /><tag k="maxspeed" v="50" /></way><way uid="1" visible="true" id="261929386" timestamp="2026-05-13T09:37:55Z" user="OSMnx" version="1" changeset="1"><nd ref="1501200384" /><nd ref="12400374754" /><nd ref="26067257" /><tag k="highway" v="residential" /><tag k="lanes" v="1" /><tag k="name" v="Calle de San Leonardo" /><tag k="oneway" v="yes" /><tag k="maxspeed" v="30" /></way><way uid="1" visible="true" id="261929398" timestamp="2026-05-13T09:37:55Z" user="OSMnx" version="1" changeset="1"><nd ref="9306444660" /><nd ref="1501171147" /><nd ref="9300514868" /><nd ref="7619712787" /><tag k="highway" v="living_street" /><tag k="lanes" v="1" /><tag k="name" v="Plaza de España" /><tag k="oneway" v="yes" /><tag k="maxspeed" v="20" /></way><way uid="1" visible="true" id="285654888" timestamp="2026-05-13T09:37:55Z" user="OSMnx" version="1" changeset="1"><nd ref="25935521" /><nd ref="25935523" /><tag k="highway" v="primary" /><tag k="lanes" v="3" /><tag k="name" v="Calle de Alberto Aguilera" /><tag k="oneway" v="yes" /><tag k="maxspeed" v="50" /></way><way uid="1" visible="true" id="285654891" timestamp="2026-05-13T09:37:55Z" user="OSMnx" version="1" changeset="1"><nd ref="25935524" /><nd ref="13619179696" /><nd ref="622204582" /><nd ref="5385241358" /><nd ref="858587194" /><tag k="highway" v="primary" /><tag k="lanes" v="3" /><tag k="name" v="Calle de la Princesa" /><tag k="oneway" v="yes" /></way><way uid="1" visible="true" id="285654896" timestamp="2026-05-13T09:37:55Z" user="OSMnx" version="1" changeset="1"><nd ref="25935521" /><nd ref="13619184402" /><nd ref="622204586" /><nd ref="3033655161" /><nd ref="25935532" /><tag k="highway" v="primary" /><tag k="lanes" v="3" /><tag k="name" v="Calle de la Princesa" /><tag k="oneway" v="yes" /></way><way uid="1" visible="true" id="297732474" timestamp="2026-05-13T09:37:55Z" user="OSMnx" version="1" changeset="1"><nd ref="26067884" /><nd ref="8577075124" /><tag k="highway" v="primary" /><tag k="lanes" v="3" /><tag k="name" v="Calle de la Princesa" /><tag k="oneway" v="yes" /></way><way uid="1" visible="true" id="299381859" timestamp="2026-05-13T09:37:55Z" user="OSMnx" version="1" changeset="1"><nd ref="1179022558" /><nd ref="5385239920" /><nd ref="8430090475" /><nd ref="13619179695" /><nd ref="622204583" /><nd ref="25935522" /><tag k="highway" v="primary" /><tag k="lanes" v="2" /><tag k="name" v="Calle de la Princesa" /><tag k="oneway" v="yes" /></way><way uid="1" visible="true" id="305412101" timestamp="2026-05-13T09:37:55Z" user="OSMnx" version="1" changeset="1"><nd ref="26067881" /><nd ref="7537446001" /><nd ref="7537446002" /><nd ref="7537446000" /><nd ref="1789638280" /><nd ref="55138206" /><nd ref="4285281349" /><nd ref="55161046" /><tag k="highway" v="primary" /><tag k="lanes" v="2" /><tag k="name" v="Calle de Ventura Rodríguez" /><tag k="oneway" v="yes" /><tag k="maxspeed" v="50" /></way><way uid="1" visible="true" id="318930686" timestamp="2026-05-13T09:37:55Z" user="OSMnx" version="1" changeset="1"><nd ref="3769069723" /><nd ref="913080867" /><tag k="highway" v="secondary_link" /><tag k="lanes" v="1" /><tag k="oneway" v="yes" /></way><way uid="1" visible="true" id="335717549" timestamp="2026-05-13T09:37:55Z" user="OSMnx" version="1" changeset="1"><nd ref="2598785470" /><nd ref="5350038440" /><tag k="highway" v="residential" /><tag k="lanes" v="2" /><tag k="name" v="Plaza de España" /><tag k="oneway" v="yes" /><tag k="maxspeed" v="50" /></way><way uid="1" visible="true" id="339929105" timestamp="2026-05-13T09:37:55Z" user="OSMnx" version="1" changeset="1"><nd ref="3471276063" /><nd ref="1364772380" /><nd ref="12400374752" /><nd ref="13027418001" /><nd ref="26578963" /><tag k="highway" v="residential" /><tag k="lanes" v="2" /><tag k="name" v="Calle de Martín de los Heros" /><tag k="oneway" v="yes" /></way><way uid="1" visible="true" id="339929108" timestamp="2026-05-13T09:37:55Z" user="OSMnx" version="1" changeset="1"><nd ref="26578956" /><nd ref="13076727692" /><nd ref="13076727691" /><nd ref="13076727690" /><nd ref="13076727689" /><nd ref="13076727688" /><nd ref="9439650465" /><nd ref="4157306544" /><nd ref="3471276063" /><tag k="highway" v="residential" /><tag k="lanes" v="2" /><tag k="name" v="Calle de Martín de los Heros" /><tag k="oneway" v="yes" /><tag k="maxspeed" v="30" /></way><way uid="1" visible="true" id="339929109" timestamp="2026-05-13T09:37:55Z" user="OSMnx" version="1" changeset="1"><nd ref="55138197" /><nd ref="5385241359" /><nd ref="929294336" /><nd ref="1378696879" /><nd ref="25935531" /><nd ref="1378696877" /><nd ref="13619184401" /><nd ref="622204587" /><nd ref="25935523" /><tag k="highway" v="primary" /><tag k="lanes" v="3" /><tag k="name" v="Calle de la Princesa" /><tag k="oneway" v="yes" /><tag k="maxspeed" v="50" /></way><way uid="1" visible="true" id="405940983" timestamp="2026-05-13T09:37:55Z" user="OSMnx" version="1" changeset="1"><nd ref="55138197" /><nd ref="8577075129" /><tag k="highway" v="residential" /><tag k="name" v="Calle de Benito Gutiérrez" /><tag k="oneway" v="yes" /><tag k="maxspeed" v="30" /></way><way uid="1" visible="true" id="414212315" timestamp="2026-05-13T09:37:55Z" user="OSMnx" version="1" changeset="1"><nd ref="26578942" /><nd ref="3033655162" /><nd ref="5385239919" /><nd ref="26578943" /><nd ref="8577075129" /><nd ref="1505080991" /><nd ref="26578944" /><tag k="highway" v="primary" /><tag k="lanes" v="3" /><tag k="name" v="Calle de la Princesa" /><tag k="oneway" v="yes" /><tag k="maxspeed" v="50" /></way><way uid="1" visible="true" id="423876763" timestamp="2026-05-13T09:37:55Z" user="OSMnx" version="1" changeset="1"><nd ref="55161108" /><nd ref="8440879530" /><nd ref="1179021961" /><nd ref="55161119" /><tag k="highway" v="secondary" /><tag k="lanes" v="3" /><tag k="name" v="Calle de Ferraz" /><tag k="oneway" v="yes" /><tag k="maxspeed" v="50" /></way><way uid="1" visible="true" id="423876764" timestamp="2026-05-13T09:37:55Z" user="OSMnx" version="1" changeset="1"><nd ref="55161108" /><nd ref="1358036203" /><nd ref="55161100" /><nd ref="55161094" /><nd ref="4437657600" /><nd ref="55161091" /><nd ref="1179022518" /><nd ref="12400374733" /><nd ref="25935540" /><tag k="highway" v="residential" /><tag k="lanes" v="1" /><tag k="name" v="Calle del Buen Suceso" /><tag k="oneway" v="yes" /><tag k="maxspeed" v="30" /></way><way uid="1" visible="true" id="428829834" timestamp="2026-05-13T09:37:55Z" user="OSMnx" version="1" changeset="1"><nd ref="26067881" /><nd ref="1789638279" /><nd ref="5385241356" /><nd ref="298609370" /><nd ref="7934347520" /><nd ref="26068006" /><nd ref="1501200385" /><nd ref="26067866" /><tag k="highway" v="residential" /><tag k="lanes" v="2" /><tag k="name" v="Calle de la Princesa" /><tag k="oneway" v="yes" /><tag k="maxspeed" v="30" /></way><way uid="1" visible="true" id="431525591" timestamp="2026-05-13T09:37:55Z" user="OSMnx" version="1" changeset="1"><nd ref="55161059" /><nd ref="55161082" /><nd ref="55161094" /><nd ref="4245283126" /><nd ref="55161130" /><tag k="highway" v="residential" /><tag k="lanes" v="1" /><tag k="name" v="Calle de Martín de los Heros" /><tag k="oneway" v="yes" /><tag k="maxspeed" v="30" /></way><way uid="1" visible="true" id="431525592" timestamp="2026-05-13T09:37:55Z" user="OSMnx" version="1" changeset="1"><nd ref="55161064" /><nd ref="55161030" /><nd ref="55138166" /><nd ref="7619689678" /><nd ref="7619689680" /><nd ref="55161049" /><tag k="highway" v="residential" /><tag k="name" v="Calle de Juan Álvarez Mendizábal" /><tag k="oneway" v="yes" /><tag k="maxspeed" v="50" /></way><way uid="1" visible="true" id="431525593" timestamp="2026-05-13T09:37:55Z" user="OSMnx" version="1" changeset="1"><nd ref="55161064" /><nd ref="4346484128" /><nd ref="55161067" /><nd ref="1364770912" /><nd ref="26080757" /><tag k="highway" v="residential" /><tag k="name" v="Calle del Rey Francisco" /><tag k="oneway" v="yes" /><tag k="maxspeed" v="50" /></way><way uid="1" visible="true" id="436929719" timestamp="2026-05-13T09:37:55Z" user="OSMnx" version="1" changeset="1"><nd ref="26080659" /><nd ref="1364770887" /><nd ref="26080658" /><tag k="highway" v="secondary" /><tag k="lanes" v="3" /><tag k="name" v="Calle de Ferraz" /><tag k="oneway" v="yes" /></way><way uid="1" visible="true" id="511223669" timestamp="2026-05-13T09:37:55Z" user="OSMnx" version="1" changeset="1"><nd ref="12400374810" /><nd ref="26578944" /><tag k="highway" v="residential" /><tag k="lanes" v="5" /><tag k="name" v="Calle de Meléndez Valdés" /><tag k="oneway" v="yes" /></way><way uid="1" visible="true" id="511777785" timestamp="2026-05-13T09:37:55Z" user="OSMnx" version="1" changeset="1"><nd ref="5005343788" /><nd ref="13027284300" /><nd ref="913080867" /><tag k="highway" v="secondary" /><tag k="lanes" v="4" /><tag k="name" v="Paseo de Moret" /><tag k="oneway" v="no" /></way><way uid="1" visible="true" id="511777786" timestamp="2026-05-13T09:37:55Z" user="OSMnx" version="1" changeset="1"><nd ref="5005343789" /><nd ref="5005343788" /><tag k="highway" v="secondary" /><tag k="lanes" v="4" /><tag k="name" v="Paseo de Moret" /><tag k="oneway" v="no" /></way><way uid="1" visible="true" id="511777787" timestamp="2026-05-13T09:37:55Z" user="OSMnx" version="1" changeset="1"><nd ref="5005343790" /><nd ref="5005343789" /><tag k="highway" v="secondary" /><tag k="lanes" v="4" /><tag k="name" v="Paseo de Moret" /><tag k="oneway" v="no" /></way><way uid="1" visible="true" id="511895882" timestamp="2026-05-13T09:37:55Z" user="OSMnx" version="1" changeset="1"><nd ref="5006352946" /><nd ref="11280466187" /><tag k="highway" v="primary" /><tag k="lanes" v="3" /><tag k="name" v="Calle de la Princesa" /><tag k="oneway" v="yes" /><tag k="maxspeed" v="50" /></way><way uid="1" visible="true" id="520069216" timestamp="2026-05-13T09:37:55Z" user="OSMnx" version="1" changeset="1"><nd ref="26067885" /><nd ref="7965756605" /><nd ref="13619179685" /><nd ref="1789638281" /><nd ref="7934347515" /><tag k="highway" v="primary" /><tag k="lanes" v="3" /><tag k="name" v="Calle de la Princesa" /><tag k="oneway" v="yes" /><tag k="maxspeed" v="50" /></way><way uid="1" visible="true" id="520069217" timestamp="2026-05-13T09:37:55Z" user="OSMnx" version="1" changeset="1"><nd ref="26080779" /><nd ref="927751052" /><tag k="highway" v="primary" /><tag k="lanes" v="2" /><tag k="name" v="Calle de la Princesa" /><tag k="oneway" v="yes" /></way><way uid="1" visible="true" id="542325012" timestamp="2026-05-13T09:37:55Z" user="OSMnx" version="1" changeset="1"><nd ref="1352957236" /><nd ref="2598785470" /><tag k="highway" v="residential" /><tag k="lanes" v="3" /><tag k="name" v="Plaza de España" /><tag k="oneway" v="yes" /><tag k="maxspeed" v="50" /></way><way uid="1" visible="true" id="542325013" timestamp="2026-05-13T09:37:55Z" user="OSMnx" version="1" changeset="1"><nd ref="9307495429" /><nd ref="10016776546" /><nd ref="13665143717" /><nd ref="13665143709" /><nd ref="13665143716" /><nd ref="960747254" /><nd ref="10016776550" /><nd ref="9307495438" /><nd ref="13665143715" /><nd ref="10016776551" /><nd ref="9307495431" /><nd ref="9307495432" /><tag k="highway" v="primary" /><tag k="lanes" v="3" /><tag k="name" v="Plaza de España" /><tag k="oneway" v="yes" /><tag k="maxspeed" v="50" /></way><way uid="1" visible="true" id="545103682" timestamp="2026-05-13T09:37:55Z" user="OSMnx" version="1" changeset="1"><nd ref="1501200369" /><nd ref="1352957251" /><nd ref="913224073" /><tag k="highway" v="primary" /><tag k="lanes" v="3" /><tag k="name" v="Plaza de España" /><tag k="oneway" v="yes" /><tag k="maxspeed" v="50" /></way><way uid="1" visible="true" id="545103684" timestamp="2026-05-13T09:37:55Z" user="OSMnx" version="1" changeset="1"><nd ref="5559534844" /><nd ref="5268725087" /><nd ref="10016776552" /><nd ref="5559534846" /><nd ref="5342725027" /><tag k="highway" v="residential" /><tag k="lanes" v="1" /><tag k="name" v="Plaza de España" /><tag k="oneway" v="yes" /><tag k="maxspeed" v="30" /></way><way uid="1" visible="true" id="546584317" timestamp="2026-05-13T09:37:55Z" user="OSMnx" version="1" changeset="1"><nd ref="26067866" /><nd ref="12400374724" /><nd ref="12410343602" /><tag k="highway" v="living_street" /><tag k="lanes" v="1" /><tag k="name" v="Plaza de España" /><tag k="oneway" v="yes" /><tag k="maxspeed" v="20" /></way><way uid="1" visible="true" id="546584319" timestamp="2026-05-13T09:37:55Z" user="OSMnx" version="1" changeset="1"><nd ref="12410343602" /><nd ref="913224061" /><nd ref="26068010" /><nd ref="26068003" /><nd ref="9306444660" /><tag k="highway" v="living_street" /><tag k="lanes" v="1" /><tag k="name" v="Plaza de España" /><tag k="oneway" v="yes" /><tag k="maxspeed" v="20" /></way><way uid="1" visible="true" id="548526337" timestamp="2026-05-13T09:37:55Z" user="OSMnx" version="1" changeset="1"><nd ref="5559534844" /><nd ref="5268725083" /><nd ref="5559534847" /><nd ref="13665143708" /><nd ref="12410331097" /><nd ref="13665143707" /><nd ref="13665143706" /><nd ref="5268725084" /><nd ref="1352957241" /><tag k="highway" v="residential" /><tag k="lanes" v="1" /><tag k="name" v="Plaza de España" /><tag k="access" v="no" /><tag k="oneway" v="yes" /><tag k="maxspeed" v="30" /></way><way uid="1" visible="true" id="554357607" timestamp="2026-05-13T09:37:55Z" user="OSMnx" version="1" changeset="1"><nd ref="13076727652" /><nd ref="13076727651" /><nd ref="13076727650" /><nd ref="13076727648" /><tag k="highway" v="secondary" /><tag k="lanes" v="3" /><tag k="name" v="Paseo del Pintor Rosales" /><tag k="oneway" v="yes" /><tag k="maxspeed" v="50" /></way><way uid="1" visible="true" id="604682695" timestamp="2026-05-13T09:37:55Z" user="OSMnx" version="1" changeset="1"><nd ref="55161124" /><nd ref="8447121533" /><nd ref="55161130" /><tag k="highway" v="primary" /><tag k="lanes" v="4" /><tag k="name" v="Calle del Marqués de Urquijo" /><tag k="oneway" v="yes" /><tag k="maxspeed" v="50" /></way><way uid="1" visible="true" id="604682696" timestamp="2026-05-13T09:37:55Z" user="OSMnx" version="1" changeset="1"><nd ref="55161135" /><nd ref="5273358099" /><tag k="highway" v="residential" /><tag k="lanes" v="1" /><tag k="name" v="Calle de Tutor" /><tag k="oneway" v="yes" /><tag k="maxspeed" v="30" /></way><way uid="1" visible="true" id="604682697" timestamp="2026-05-13T09:37:55Z" user="OSMnx" version="1" changeset="1"><nd ref="55161135" /><nd ref="5273361955" /><nd ref="13619179697" /><nd ref="622204581" /><nd ref="12400374736" /><nd ref="25935524" /><tag k="highway" v="primary" /><tag k="lanes" v="3" /><tag k="name" v="Calle del Marqués de Urquijo" /><tag k="oneway" v="yes" /><tag k="maxspeed" v="50" /></way><way uid="1" visible="true" id="673102680" timestamp="2026-05-13T09:37:55Z" user="OSMnx" version="1" changeset="1"><nd ref="292118651" /><nd ref="292118733" /><tag k="highway" v="secondary" /><tag k="lanes" v="2" /><tag k="name" v="Plaza de España" /><tag k="tunnel" v="yes" /><tag k="oneway" v="yes" /></way><way uid="1" visible="true" id="687241632" timestamp="2026-05-13T09:37:55Z" user="OSMnx" version="1" changeset="1"><nd ref="55161167" /><nd ref="1095709764" /><tag k="highway" v="primary" /><tag k="lanes" v="2" /><tag k="name" v="Calle del Marqués de Urquijo" /><tag k="oneway" v="yes" /><tag k="maxspeed" v="30" /></way><way uid="1" visible="true" id="687463489" timestamp="2026-05-13T09:37:55Z" user="OSMnx" version="1" changeset="1"><nd ref="937706305" /><nd ref="7140036355" /><nd ref="26080664" /><tag k="highway" v="secondary" /><tag k="lanes" v="4" /><tag k="name" v="Paseo del Pintor Rosales" /><tag k="oneway" v="yes" /></way><way uid="1" visible="true" id="687463490" timestamp="2026-05-13T09:37:55Z" user="OSMnx" version="1" changeset="1"><nd ref="623071227" /><nd ref="7968363511" /><nd ref="454563947" /><nd ref="26080667" /><nd ref="292123017" /><tag k="highway" v="secondary" /><tag k="lanes" v="4" /><tag k="name" v="Calle de Ferraz" /><tag k="oneway" v="yes" /></way><way uid="1" visible="true" id="687465094" timestamp="2026-05-13T09:37:55Z" user="OSMnx" version="1" changeset="1"><nd ref="292123017" /><nd ref="7126146744" /><nd ref="9306444689" /><tag k="highway" v="secondary" /><tag k="lanes" v="3" /><tag k="name" v="Calle de Ferraz" /><tag k="oneway" v="yes" /></way><way uid="1" visible="true" id="687861983" timestamp="2026-05-13T09:37:55Z" user="OSMnx" version="1" changeset="1"><nd ref="5385241321" /><nd ref="1179022127" /><nd ref="25935515" /><tag k="highway" v="primary" /><tag k="lanes" v="3" /><tag k="name" v="Calle de la Princesa" /><tag k="oneway" v="yes" /></way><way uid="1" visible="true" id="746008107" timestamp="2026-05-13T09:37:55Z" user="OSMnx" version="1" changeset="1"><nd ref="55161119" /><nd ref="55161167" /><tag k="highway" v="secondary" /><tag k="lanes" v="3" /><tag k="name" v="Calle de Ferraz" /><tag k="oneway" v="yes" /><tag k="maxspeed" v="50" /></way><way uid="1" visible="true" id="746008110" timestamp="2026-05-13T09:37:55Z" user="OSMnx" version="1" changeset="1"><nd ref="25935532" /><nd ref="6981674372" /><nd ref="26578942" /><tag k="highway" v="primary" /><tag k="lanes" v="3" /><tag k="name" v="Calle de la Princesa" /><tag k="oneway" v="yes" /></way><way uid="1" visible="true" id="762649989" timestamp="2026-05-13T09:37:55Z" user="OSMnx" version="1" changeset="1"><nd ref="1855048164" /><nd ref="7968363521" /><nd ref="10604931740" /><nd ref="7991193695" /><tag k="highway" v="secondary" /><tag k="lanes" v="3" /><tag k="name" v="Calle de Ferraz" /><tag k="tunnel" v="yes" /><tag k="oneway" v="yes" /><tag k="maxspeed" v="40" /></way><way uid="1" visible="true" id="763501191" timestamp="2026-05-13T09:37:55Z" user="OSMnx" version="1" changeset="1"><nd ref="13076727663" /><nd ref="13076727662" /><tag k="highway" v="secondary" /><tag k="lanes" v="4" /><tag k="name" v="Paseo de Moret" /><tag k="oneway" v="yes" /><tag k="maxspeed" v="50" /></way><way uid="1" visible="true" id="764265149" timestamp="2026-05-13T09:37:55Z" user="OSMnx" version="1" changeset="1"><nd ref="26080755" /><nd ref="1715383485" /><nd ref="26080663" /><tag k="highway" v="secondary" /><tag k="lanes" v="4" /><tag k="name" v="Paseo del Pintor Rosales" /><tag k="oneway" v="yes" /><tag k="maxspeed" v="50" /></way><way uid="1" visible="true" id="807911343" timestamp="2026-05-13T09:37:55Z" user="OSMnx" version="1" changeset="1"><nd ref="55161049" /><nd ref="7619689676" /><nd ref="1855048168" /><nd ref="7537446010" /><tag k="highway" v="primary" /><tag k="lanes" v="2" /><tag k="name" v="Calle de Ventura Rodríguez" /><tag k="oneway" v="yes" /><tag k="maxspeed" v="50" /></way><way uid="1" visible="true" id="815856974" timestamp="2026-05-13T09:37:55Z" user="OSMnx" version="1" changeset="1"><nd ref="7619712787" /><nd ref="7619712786" /><nd ref="4110036588" /><nd ref="7619689677" /><nd ref="7619689681" /><nd ref="7619689679" /><nd ref="7619689676" /><tag k="highway" v="residential" /><tag k="name" v="Calle de Juan Álvarez Mendizábal" /><tag k="oneway" v="yes" /><tag k="maxspeed" v="30" /></way><way uid="1" visible="true" id="815856975" timestamp="2026-05-13T09:37:55Z" user="OSMnx" version="1" changeset="1"><nd ref="55161046" /><nd ref="3100329628" /><nd ref="55161049" /><tag k="highway" v="primary" /><tag k="lanes" v="2" /><tag k="name" v="Calle de Ventura Rodríguez" /><tag k="oneway" v="yes" /><tag k="maxspeed" v="50" /></way><way uid="1" visible="true" id="815856977" timestamp="2026-05-13T09:37:55Z" user="OSMnx" version="1" changeset="1"><nd ref="7619712795" /><nd ref="7619712789" /><nd ref="7126146758" /><nd ref="9281775202" /><nd ref="7619712787" /><tag k="highway" v="living_street" /><tag k="lanes" v="1" /><tag k="name" v="Plaza de España" /><tag k="oneway" v="yes" /><tag k="maxspeed" v="20" /></way><way uid="1" visible="true" id="815856978" timestamp="2026-05-13T09:37:55Z" user="OSMnx" version="1" changeset="1"><nd ref="7619712797" /><nd ref="7619712793" /><nd ref="7619712792" /><nd ref="7619712791" /><nd ref="7619712790" /><nd ref="7619712795" /><tag k="highway" v="living_street" /><tag k="lanes" v="1" /><tag k="name" v="Calle de Ferraz" /><tag k="oneway" v="yes" /><tag k="maxspeed" v="20" /></way><way uid="1" visible="true" id="815856979" timestamp="2026-05-13T09:37:55Z" user="OSMnx" version="1" changeset="1"><nd ref="10931205596" /><nd ref="9306444692" /><nd ref="7968363513" /><nd ref="7968363515" /><nd ref="7991188275" /><nd ref="11327800846" /><nd ref="8325971338" /><tag k="highway" v="residential" /><tag k="lanes" v="1" /><tag k="name" v="Calle de Ferraz" /><tag k="oneway" v="yes" /><tag k="maxspeed" v="30" /></way><way uid="1" visible="true" id="815856980" timestamp="2026-05-13T09:37:55Z" user="OSMnx" version="1" changeset="1"><nd ref="7555089991" /><nd ref="7968363523" /><tag k="highway" v="primary" /><tag k="lanes" v="3" /><tag k="name" v="Calle de Ferraz" /><tag k="oneway" v="yes" /><tag k="maxspeed" v="40" /></way><way uid="1" visible="true" id="850049293" timestamp="2026-05-13T09:37:55Z" user="OSMnx" version="1" changeset="1"><nd ref="893869107" /><nd ref="7930651356" /><nd ref="7930651357" /><nd ref="7930651358" /><nd ref="13619179683" /><nd ref="4110093642" /><nd ref="7930651361" /><tag k="highway" v="primary" /><tag k="lanes" v="3" /><tag k="name" v="Duque de Liria" /><tag k="oneway" v="yes" /><tag k="maxspeed" v="30" /></way><way uid="1" visible="true" id="850469758" timestamp="2026-05-13T09:37:55Z" user="OSMnx" version="1" changeset="1"><nd ref="12840937955" /><nd ref="7934347506" /><nd ref="13619179684" /><nd ref="7934347509" /><nd ref="7934347510" /><nd ref="7934347511" /><tag k="highway" v="primary" /><tag k="lanes" v="2" /><tag k="name" v="Duque de Liria" /><tag k="oneway" v="yes" /></way><way uid="1" visible="true" id="854461430" timestamp="2026-05-13T09:37:55Z" user="OSMnx" version="1" changeset="1"><nd ref="8325971338" /><nd ref="26080688" /><tag k="highway" v="secondary" /><tag k="lanes" v="3" /><tag k="name" v="Calle de Ferraz" /><tag k="oneway" v="yes" /></way><way uid="1" visible="true" id="854461432" timestamp="2026-05-13T09:37:55Z" user="OSMnx" version="1" changeset="1"><nd ref="7991193695" /><nd ref="8325971338" /><tag k="highway" v="secondary" /><tag k="lanes" v="3" /><tag k="name" v="Calle de Ferraz" /><tag k="oneway" v="yes" /></way><way uid="1" visible="true" id="854461433" timestamp="2026-05-13T09:37:55Z" user="OSMnx" version="1" changeset="1"><nd ref="7619712797" /><nd ref="9306444693" /><nd ref="7555089990" /><nd ref="7968363514" /><nd ref="7555089991" /><tag k="highway" v="primary" /><tag k="lanes" v="2" /><tag k="name" v="Calle de Ventura Rodríguez" /><tag k="oneway" v="yes" /></way><way uid="1" visible="true" id="858720949" timestamp="2026-05-13T09:37:55Z" user="OSMnx" version="1" changeset="1"><nd ref="292118700" /><nd ref="7968363535" /><tag k="highway" v="primary" /><tag k="lanes" v="3" /><tag k="name" v="Cuesta de San Vicente" /><tag k="tunnel" v="yes" /><tag k="oneway" v="yes" /><tag k="maxspeed" v="50" /></way><way uid="1" visible="true" id="858885642" timestamp="2026-05-13T09:37:55Z" user="OSMnx" version="1" changeset="1"><nd ref="55161074" /><nd ref="1358036199" /><nd ref="8473661003" /><nd ref="1358036201" /><nd ref="55161108" /><tag k="highway" v="secondary" /><tag k="lanes" v="3" /><tag k="name" v="Calle de Ferraz" /><tag k="oneway" v="yes" /><tag k="maxspeed" v="50" /></way><way uid="1" visible="true" id="858885643" timestamp="2026-05-13T09:37:55Z" user="OSMnx" version="1" changeset="1"><nd ref="55161074" /><nd ref="1358036197" /><nd ref="1364770953" /><nd ref="26080763" /><tag k="highway" v="residential" /><tag k="lanes" v="2" /><tag k="name" v="Calle de Quintana" /><tag k="oneway" v="yes" /><tag k="maxspeed" v="50" /></way><way uid="1" visible="true" id="873314041" timestamp="2026-05-13T09:37:55Z" user="OSMnx" version="1" changeset="1"><nd ref="7934347511" /><nd ref="13619179686" /><nd ref="1789638282" /><nd ref="26067884" /><tag k="highway" v="primary" /><tag k="lanes" v="3" /><tag k="name" v="Calle de la Princesa" /><tag k="oneway" v="yes" /><tag k="maxspeed" v="50" /></way><way uid="1" visible="true" id="873314042" timestamp="2026-05-13T09:37:55Z" user="OSMnx" version="1" changeset="1"><nd ref="7934347511" /><nd ref="7934347512" /><nd ref="7934347513" /><nd ref="7934347514" /><nd ref="7934347515" /><tag k="highway" v="primary" /><tag k="lanes" v="2" /><tag k="name" v="Calle de la Princesa" /><tag k="oneway" v="yes" /><tag k="maxspeed" v="30" /></way><way uid="1" visible="true" id="873314043" timestamp="2026-05-13T09:37:55Z" user="OSMnx" version="1" changeset="1"><nd ref="7934347515" /><nd ref="26067881" /><tag k="highway" v="primary" /><tag k="lanes" v="3" /><tag k="name" v="Calle de la Princesa" /><tag k="oneway" v="yes" /><tag k="maxspeed" v="50" /></way><way uid="1" visible="true" id="907759981" timestamp="2026-05-13T09:37:55Z" user="OSMnx" version="1" changeset="1"><nd ref="25935522" /><nd ref="12400374761" /><nd ref="13619179699" /><tag k="highway" v="primary" /><tag k="lanes" v="4" /><tag k="name" v="Calle de Alberto Aguilera" /><tag k="oneway" v="yes" /><tag k="maxspeed" v="50" /></way><way uid="1" visible="true" id="908546755" timestamp="2026-05-13T09:37:55Z" user="OSMnx" version="1" changeset="1"><nd ref="1505081040" /><nd ref="12674385036" /><nd ref="1446632660" /><tag k="highway" v="primary" /><tag k="lanes" v="3" /><tag k="name" v="Calle de la Princesa" /><tag k="oneway" v="yes" /><tag k="maxspeed" v="50" /></way><way uid="1" visible="true" id="909084304" timestamp="2026-05-13T09:37:55Z" user="OSMnx" version="1" changeset="1"><nd ref="13076727653" /><nd ref="13076727652" /><tag k="highway" v="secondary" /><tag k="lanes" v="3" /><tag k="name" v="Paseo del Pintor Rosales" /><tag k="oneway" v="yes" /><tag k="maxspeed" v="50" /></way><way uid="1" visible="true" id="911311587" timestamp="2026-05-13T09:37:55Z" user="OSMnx" version="1" changeset="1"><nd ref="1067565849" /><nd ref="12354677173" /><nd ref="937660057" /><nd ref="1505081012" /><nd ref="26578954" /><tag k="highway" v="primary" /><tag k="lanes" v="3" /><tag k="name" v="Calle de la Princesa" /><tag k="oneway" v="yes" /><tag k="maxspeed" v="50" /></way><way uid="1" visible="true" id="940803290" timestamp="2026-05-13T09:37:55Z" user="OSMnx" version="1" changeset="1"><nd ref="5006352965" /><nd ref="5005343790" /><tag k="highway" v="secondary" /><tag k="lanes" v="4" /><tag k="name" v="Paseo de Moret" /><tag k="oneway" v="no" /></way><way uid="1" visible="true" id="976586079" timestamp="2026-05-13T09:37:55Z" user="OSMnx" version="1" changeset="1"><nd ref="26067257" /><nd ref="1501200393" /><nd ref="5385241323" /><tag k="highway" v="primary" /><tag k="lanes" v="3" /><tag k="name" v="Calle de la Princesa" /><tag k="oneway" v="yes" /></way><way uid="1" visible="true" id="1008751309" timestamp="2026-05-13T09:37:55Z" user="OSMnx" version="1" changeset="1"><nd ref="1501171070" /><nd ref="7968363533" /><nd ref="7968363534" /><nd ref="7968363535" /><tag k="highway" v="primary" /><tag k="lanes" v="2" /><tag k="name" v="Plaza de España" /><tag k="tunnel" v="yes" /><tag k="oneway" v="yes" /></way><way uid="1" visible="true" id="1008751310" timestamp="2026-05-13T09:37:55Z" user="OSMnx" version="1" changeset="1"><nd ref="9307490316" /><nd ref="13665155957" /><nd ref="10016776544" /><nd ref="13665155956" /><nd ref="9307495417" /><tag k="highway" v="secondary_link" /><tag k="lanes" v="1" /><tag k="tunnel" v="yes" /><tag k="oneway" v="yes" /></way><way uid="1" visible="true" id="1008751312" timestamp="2026-05-13T09:37:55Z" user="OSMnx" version="1" changeset="1"><nd ref="9307495418" /><nd ref="9281757109" /><nd ref="9307495420" /><nd ref="9307495429" /><tag k="highway" v="secondary_link" /><tag k="lanes" v="1" /><tag k="tunnel" v="yes" /><tag k="access" v="no" /><tag k="oneway" v="yes" /></way><way uid="1" visible="true" id="1085762238" timestamp="2026-05-13T09:37:55Z" user="OSMnx" version="1" changeset="1"><nd ref="7537446010" /><nd ref="13423404198" /><nd ref="7619712797" /><tag k="highway" v="primary" /><tag k="lanes" v="2" /><tag k="name" v="Calle de Ventura Rodríguez" /><tag k="oneway" v="yes" /></way><way uid="1" visible="true" id="1093659576" timestamp="2026-05-13T09:37:55Z" user="OSMnx" version="1" changeset="1"><nd ref="292118651" /><nd ref="9307495417" /><tag k="highway" v="residential" /><tag k="lanes" v="1" /><tag k="name" v="Plaza de España" /><tag k="tunnel" v="yes" /><tag k="oneway" v="yes" /><tag k="maxspeed" v="50" /></way><way uid="1" visible="true" id="1117831239" timestamp="2026-05-13T09:37:55Z" user="OSMnx" version="1" changeset="1"><nd ref="55161051" /><nd ref="1378696850" /><nd ref="13619179688" /><nd ref="12400374729" /><nd ref="26080779" /><tag k="highway" v="residential" /><tag k="lanes" v="2" /><tag k="name" v="Calle de Evaristo San Miguel" /><tag k="oneway" v="yes" /></way><way uid="1" visible="true" id="1117831240" timestamp="2026-05-13T09:37:55Z" user="OSMnx" version="1" changeset="1"><nd ref="55138206" /><nd ref="7537446003" /><nd ref="7537446004" /><nd ref="4285281350" /><nd ref="55161044" /><nd ref="927751050" /><nd ref="55161051" /><tag k="highway" v="residential" /><tag k="lanes" v="1" /><tag k="name" v="Calle de Tutor" /><tag k="oneway" v="yes" /><tag k="maxspeed" v="30" /></way><way uid="1" visible="true" id="1137690631" timestamp="2026-05-13T09:37:55Z" user="OSMnx" version="1" changeset="1"><nd ref="55161119" /><nd ref="3471365915" /><nd ref="13448660818" /><nd ref="55161124" /><tag k="highway" v="primary" /><tag k="lanes" v="3" /><tag k="name" v="Calle del Marqués de Urquijo" /><tag k="oneway" v="yes" /><tag k="maxspeed" v="50" /></way><way uid="1" visible="true" id="1137690637" timestamp="2026-05-13T09:37:55Z" user="OSMnx" version="1" changeset="1"><nd ref="9306444689" /><nd ref="7555089991" /><tag k="highway" v="secondary" /><tag k="lanes" v="3" /><tag k="name" v="Calle de Ferraz" /><tag k="oneway" v="yes" /></way><way uid="1" visible="true" id="1217318545" timestamp="2026-05-13T09:37:55Z" user="OSMnx" version="1" changeset="1"><nd ref="5342725027" /><nd ref="5268725088" /><nd ref="5350038440" /><tag k="highway" v="residential" /><tag k="lanes" v="1" /><tag k="name" v="Plaza de España" /><tag k="oneway" v="yes" /><tag k="maxspeed" v="30" /></way><way uid="1" visible="true" id="1217444756" timestamp="2026-05-13T09:37:55Z" user="OSMnx" version="1" changeset="1"><nd ref="8577075130" /><nd ref="26578946" /><tag k="highway" v="primary" /><tag k="lanes" v="3" /><tag k="name" v="Calle de la Princesa" /><tag k="oneway" v="yes" /><tag k="maxspeed" v="50" /></way><way uid="1" visible="true" id="1339188789" timestamp="2026-05-13T09:37:55Z" user="OSMnx" version="1" changeset="1"><nd ref="26578956" /><nd ref="6981674370" /><nd ref="26578957" /><nd ref="55161188" /><tag k="highway" v="residential" /><tag k="name" v="Calle de Romero Robledo" /><tag k="oneway" v="yes" /><tag k="maxspeed" v="50" /></way><way uid="1" visible="true" id="1342361812" timestamp="2026-05-13T09:37:55Z" user="OSMnx" version="1" changeset="1"><nd ref="12410331099" /><nd ref="4110114627" /><tag k="highway" v="residential" /><tag k="lanes" v="4" /><tag k="name" v="Plaza de España" /><tag k="oneway" v="yes" /><tag k="maxspeed" v="50" /></way><way uid="1" visible="true" id="1447671250" timestamp="2026-05-13T09:37:55Z" user="OSMnx" version="1" changeset="1"><nd ref="5350038440" /><nd ref="12410331099" /><tag k="highway" v="residential" /><tag k="lanes" v="2" /><tag k="name" v="Plaza de España" /><tag k="oneway" v="yes" /><tag k="maxspeed" v="50" /></way><way uid="1" visible="true" id="1447671253" timestamp="2026-05-13T09:37:55Z" user="OSMnx" version="1" changeset="1"><nd ref="5342725027" /><nd ref="4110031995" /><nd ref="1501200369" /><tag k="highway" v="primary" /><tag k="lanes" v="1" /><tag k="name" v="Plaza de España" /><tag k="oneway" v="yes" /><tag k="maxspeed" v="50" /></way><way uid="1" visible="true" id="1463417677" timestamp="2026-05-13T09:37:55Z" user="OSMnx" version="1" changeset="1"><nd ref="7619712797" /><nd ref="10931205596" /><tag k="highway" v="residential" /><tag k="lanes" v="1" /><tag k="name" v="Calle de Ferraz" /><tag k="oneway" v="yes" /><tag k="maxspeed" v="30" /></way></osm>