<?xml version='1.0' encoding='utf-8'?>
<osm attribution="https://www.openstreetmap.org/copyright" copyright="OpenStreetMap and contributors" generator="OSMnx 2.0.7" license="https://opendatacommons.org/licenses/odbl/1-0/" version="0.6"><bounds minlon="-3.725143" minlat="40.4218358" maxlon="-3.7108128" maxlat="40.4350563" /><node lon="-3.7149592" changeset="1" visible="true" lat="40.4289237" uid="1" user="OSMnx" timestamp="2026-07-27T19:03:01Z" version="1" id="25935515" /><node lon="-3.7150989" changeset="1" visible="true" lat="40.4288591" uid="1" user="OSMnx" timestamp="2026-07-27T19:03:01Z" version="1" id="25935516" /><node lon="-3.7162136" changeset="1" visible="true" lat="40.430667" uid="1" user="OSMnx" timestamp="2026-07-27T19:03:01Z" version="1" id="25935521" /><node lon="-3.7161447" changeset="1" visible="true" lat="40.4305604" uid="1" user="OSMnx" timestamp="2026-07-27T19:03:01Z" version="1" id="25935522" /><node lon="-3.7163298" changeset="1" visible="true" lat="40.4306489" uid="1" user="OSMnx" timestamp="2026-07-27T19:03:01Z" version="1" id="25935523" /><node lon="-3.7162708" changeset="1" visible="true" lat="40.4305519" uid="1" user="OSMnx" timestamp="2026-07-27T19:03:01Z" version="1" id="25935524" /><node lon="-3.717063" changeset="1" visible="true" lat="40.4316681" uid="1" user="OSMnx" timestamp="2026-07-27T19:03:01Z" version="1" id="25935531" /><node lon="-3.7169074" changeset="1" visible="true" lat="40.4316461" uid="1" user="OSMnx" timestamp="2026-07-27T19:03:01Z" version="1" id="25935532" /><node lon="-3.7191171" changeset="1" visible="true" lat="40.4307846" uid="1" user="OSMnx" timestamp="2026-07-27T19:03:01Z" version="1" id="25935534" /><node lon="-3.7157125" changeset="1" visible="true" lat="40.4297103" uid="1" user="OSMnx" timestamp="2026-07-27T19:03:01Z" version="1" id="25935540" /><node lon="-3.7200824" changeset="1" visible="true" lat="40.4303837" uid="1" user="OSMnx" timestamp="2026-07-27T19:03:01Z" version="1" id="25935554" /><node lon="-3.7117116" changeset="1" visible="true" lat="40.4244003" uid="1" user="OSMnx" timestamp="2026-07-27T19:03:01Z" version="1" id="26067257" /><node lon="-3.7112116" changeset="1" visible="true" lat="40.4231942" uid="1" user="OSMnx" timestamp="2026-07-27T19:03:01Z" version="1" id="26067836" /><node lon="-3.7127393" changeset="1" visible="true" lat="40.4224377" uid="1" user="OSMnx" timestamp="2026-07-27T19:03:01Z" version="1" id="26067863" /><node lon="-3.7118081" changeset="1" visible="true" lat="40.4243672" uid="1" user="OSMnx" timestamp="2026-07-27T19:03:01Z" version="1" id="26067866" /><node lon="-3.7132546" changeset="1" visible="true" lat="40.426356" uid="1" user="OSMnx" timestamp="2026-07-27T19:03:01Z" version="1" id="26067881" /><node lon="-3.7136282" changeset="1" visible="true" lat="40.4270654" uid="1" user="OSMnx" timestamp="2026-07-27T19:03:01Z" version="1" id="26067884" /><node lon="-3.7138322" changeset="1" visible="true" lat="40.4271671" uid="1" user="OSMnx" timestamp="2026-07-27T19:03:01Z" version="1" id="26067885" /><node lon="-3.7138485" changeset="1" visible="true" lat="40.427511" uid="1" user="OSMnx" timestamp="2026-07-27T19:03:01Z" version="1" id="26067887"><tag k="highway" v="traffic_signals" /></node><node lon="-3.7129554" changeset="1" visible="true" lat="40.4237704" uid="1" user="OSMnx" timestamp="2026-07-27T19:03:01Z" version="1" id="26068003" /><node lon="-3.7123967" changeset="1" visible="true" lat="40.425163" uid="1" user="OSMnx" timestamp="2026-07-27T19:03:01Z" version="1" id="26068006" /><node lon="-3.7124784" changeset="1" visible="true" lat="40.4240308" uid="1" user="OSMnx" timestamp="2026-07-27T19:03:01Z" version="1" id="26068010" /><node lon="-3.7167587" changeset="1" visible="true" lat="40.4255872" uid="1" user="OSMnx" timestamp="2026-07-27T19:03:01Z" version="1" id="26080658" /><node lon="-3.7164065" changeset="1" visible="true" lat="40.4252028" uid="1" user="OSMnx" timestamp="2026-07-27T19:03:01Z" version="1" id="26080659" /><node lon="-3.7166983" changeset="1" visible="true" lat="40.4253701" uid="1" user="OSMnx" timestamp="2026-07-27T19:03:01Z" version="1" id="26080661" /><node lon="-3.7167375" changeset="1" visible="true" lat="40.4253641" uid="1" user="OSMnx" timestamp="2026-07-27T19:03:01Z" version="1" id="26080662" /><node lon="-3.7172006" changeset="1" visible="true" lat="40.4252498" uid="1" user="OSMnx" timestamp="2026-07-27T19:03:01Z" version="1" id="26080663" /><node lon="-3.7167268" changeset="1" visible="true" lat="40.4251443" uid="1" user="OSMnx" timestamp="2026-07-27T19:03:01Z" version="1" id="26080664" /><node lon="-3.7164578" changeset="1" visible="true" lat="40.4250282" uid="1" user="OSMnx" timestamp="2026-07-27T19:03:01Z" version="1" id="26080665" /><node lon="-3.7154971" changeset="1" visible="true" lat="40.4241005" uid="1" user="OSMnx" timestamp="2026-07-27T19:03:01Z" version="1" id="26080667" /><node lon="-3.7159496" changeset="1" visible="true" lat="40.4247524" uid="1" user="OSMnx" timestamp="2026-07-27T19:03:01Z" version="1" id="26080688" /><node lon="-3.7156188" changeset="1" visible="true" lat="40.4241284" uid="1" user="OSMnx" timestamp="2026-07-27T19:03:01Z" version="1" id="26080738" /><node lon="-3.7184579" changeset="1" visible="true" lat="40.425469" uid="1" user="OSMnx" timestamp="2026-07-27T19:03:01Z" version="1" id="26080754" /><node lon="-3.7182799" changeset="1" visible="true" lat="40.4254769" uid="1" user="OSMnx" timestamp="2026-07-27T19:03:01Z" version="1" id="26080755" /><node lon="-3.7184524" changeset="1" visible="true" lat="40.4255719" uid="1" user="OSMnx" timestamp="2026-07-27T19:03:01Z" version="1" id="26080756" /><node lon="-3.7186775" changeset="1" visible="true" lat="40.425781" uid="1" user="OSMnx" timestamp="2026-07-27T19:03:01Z" version="1" id="26080757" /><node lon="-3.7196945" changeset="1" visible="true" lat="40.4268249" uid="1" user="OSMnx" timestamp="2026-07-27T19:03:01Z" version="1" id="26080763" /><node lon="-3.7146265" changeset="1" visible="true" lat="40.4282605" uid="1" user="OSMnx" timestamp="2026-07-27T19:03:01Z" version="1" id="26080778" /><node lon="-3.714219" changeset="1" visible="true" lat="40.4277051" uid="1" user="OSMnx" timestamp="2026-07-27T19:03:01Z" version="1" id="26080779" /><node lon="-3.7142826" changeset="1" visible="true" lat="40.4266075" uid="1" user="OSMnx" timestamp="2026-07-27T19:03:01Z" version="1" id="26080781" /><node lon="-3.7171105" changeset="1" visible="true" lat="40.4319228" uid="1" user="OSMnx" timestamp="2026-07-27T19:03:01Z" version="1" id="26578942" /><node lon="-3.7173983" changeset="1" visible="true" lat="40.4322992" uid="1" user="OSMnx" timestamp="2026-07-27T19:03:01Z" version="1" id="26578943"><tag k="highway" v="traffic_signals" /></node><node lon="-3.7179129" changeset="1" visible="true" lat="40.4330227" uid="1" user="OSMnx" timestamp="2026-07-27T19:03:01Z" version="1" id="26578944" /><node lon="-3.7185671" changeset="1" visible="true" lat="40.4339433" uid="1" user="OSMnx" timestamp="2026-07-27T19:03:01Z" version="1" id="26578945"><tag k="highway" v="traffic_signals" /></node><node lon="-3.7187427" changeset="1" visible="true" lat="40.4341818" uid="1" user="OSMnx" timestamp="2026-07-27T19:03:01Z" version="1" id="26578946" /><node lon="-3.7196737" changeset="1" visible="true" lat="40.4314157" uid="1" user="OSMnx" timestamp="2026-07-27T19:03:01Z" version="1" id="26578950" /><node lon="-3.7206561" changeset="1" visible="true" lat="40.4309988" uid="1" user="OSMnx" timestamp="2026-07-27T19:03:01Z" version="1" id="26578951" /><node lon="-3.7180218" changeset="1" visible="true" lat="40.4329844" uid="1" user="OSMnx" timestamp="2026-07-27T19:03:01Z" version="1" id="26578954" /><node lon="-3.7202608" changeset="1" visible="true" lat="40.4320699" uid="1" user="OSMnx" timestamp="2026-07-27T19:03:01Z" version="1" id="26578956"><tag k="highway" v="traffic_signals" /></node><node lon="-3.7212525" changeset="1" visible="true" lat="40.4316438" uid="1" user="OSMnx" timestamp="2026-07-27T19:03:01Z" version="1" id="26578957" /><node lon="-3.7178537" changeset="1" visible="true" lat="40.432752" uid="1" user="OSMnx" timestamp="2026-07-27T19:03:01Z" version="1" id="26578958"><tag k="highway" v="crossing" /></node><node lon="-3.7195061" changeset="1" visible="true" lat="40.4349856" uid="1" user="OSMnx" timestamp="2026-07-27T19:03:01Z" version="1" id="26578960" /><node lon="-3.7195778" changeset="1" visible="true" lat="40.4349394" uid="1" user="OSMnx" timestamp="2026-07-27T19:03:01Z" version="1" id="26578961" /><node lon="-3.7216644" changeset="1" visible="true" lat="40.4340388" uid="1" user="OSMnx" timestamp="2026-07-27T19:03:01Z" version="1" id="26578963" /><node lon="-3.7233905" changeset="1" visible="true" lat="40.4324159" uid="1" user="OSMnx" timestamp="2026-07-27T19:03:01Z" version="1" id="26578974" /><node lon="-3.7228178" changeset="1" visible="true" lat="40.4318256" uid="1" user="OSMnx" timestamp="2026-07-27T19:03:01Z" version="1" id="26578975" /><node lon="-3.716866" changeset="1" visible="true" lat="40.4255068" uid="1" user="OSMnx" timestamp="2026-07-27T19:03:01Z" version="1" id="55138143"><tag k="highway" v="crossing" /></node><node lon="-3.7158819" changeset="1" visible="true" lat="40.4248129" uid="1" user="OSMnx" timestamp="2026-07-27T19:03:01Z" version="1" id="55138155"><tag k="highway" v="crossing" /></node><node lon="-3.7153842" changeset="1" visible="true" lat="40.4253544" uid="1" user="OSMnx" timestamp="2026-07-27T19:03:01Z" version="1" id="55138166" /><node lon="-3.714876" changeset="1" visible="true" lat="40.4259357" uid="1" user="OSMnx" timestamp="2026-07-27T19:03:01Z" version="1" id="55138174" /><node lon="-3.7175377" changeset="1" visible="true" lat="40.4323222" uid="1" user="OSMnx" timestamp="2026-07-27T19:03:01Z" version="1" id="55138197" /><node lon="-3.7136301" changeset="1" visible="true" lat="40.4256383" uid="1" user="OSMnx" timestamp="2026-07-27T19:03:01Z" version="1" id="55138206" /><node lon="-3.7227494" changeset="1" visible="true" lat="40.431755" uid="1" user="OSMnx" timestamp="2026-07-27T19:03:01Z" version="1" id="55161023" /><node lon="-3.7161226" changeset="1" visible="true" lat="40.4261356" uid="1" user="OSMnx" timestamp="2026-07-27T19:03:01Z" version="1" id="55161030" /><node lon="-3.7154954" changeset="1" visible="true" lat="40.4266525" uid="1" user="OSMnx" timestamp="2026-07-27T19:03:01Z" version="1" id="55161034" /><node lon="-3.7191775" changeset="1" visible="true" lat="40.4325245" uid="1" user="OSMnx" timestamp="2026-07-27T19:03:01Z" version="1" id="55161040" /><node lon="-3.7143761" changeset="1" visible="true" lat="40.426505" uid="1" user="OSMnx" timestamp="2026-07-27T19:03:01Z" version="1" id="55161044" /><node lon="-3.7139989" changeset="1" visible="true" lat="40.4250146" uid="1" user="OSMnx" timestamp="2026-07-27T19:03:01Z" version="1" id="55161046" /><node lon="-3.7144124" changeset="1" visible="true" lat="40.4242996" uid="1" user="OSMnx" timestamp="2026-07-27T19:03:01Z" version="1" id="55161049" /><node lon="-3.7148919" changeset="1" visible="true" lat="40.4271531" uid="1" user="OSMnx" timestamp="2026-07-27T19:03:01Z" version="1" id="55161051" /><node lon="-3.7154109" changeset="1" visible="true" lat="40.4277862" uid="1" user="OSMnx" timestamp="2026-07-27T19:03:01Z" version="1" id="55161055" /><node lon="-3.7161126" changeset="1" visible="true" lat="40.4273542" uid="1" user="OSMnx" timestamp="2026-07-27T19:03:01Z" version="1" id="55161059" /><node lon="-3.71684" changeset="1" visible="true" lat="40.4269087" uid="1" user="OSMnx" timestamp="2026-07-27T19:03:01Z" version="1" id="55161064" /><node lon="-3.7176075" changeset="1" visible="true" lat="40.426452" uid="1" user="OSMnx" timestamp="2026-07-27T19:03:01Z" version="1" id="55161067"><tag k="highway" v="traffic_signals" /></node><node lon="-3.7185012" changeset="1" visible="true" lat="40.4273851" uid="1" user="OSMnx" timestamp="2026-07-27T19:03:01Z" version="1" id="55161074" /><node lon="-3.7176403" changeset="1" visible="true" lat="40.4277617" uid="1" user="OSMnx" timestamp="2026-07-27T19:03:01Z" version="1" id="55161078" /><node lon="-3.7168093" changeset="1" visible="true" lat="40.4281253" uid="1" user="OSMnx" timestamp="2026-07-27T19:03:01Z" version="1" id="55161082" /><node lon="-3.7159749" changeset="1" visible="true" lat="40.4284856" uid="1" user="OSMnx" timestamp="2026-07-27T19:03:01Z" version="1" id="55161088" /><node lon="-3.7166476" changeset="1" visible="true" lat="40.4293142" uid="1" user="OSMnx" timestamp="2026-07-27T19:03:01Z" version="1" id="55161091" /><node lon="-3.7175179" changeset="1" visible="true" lat="40.4289351" uid="1" user="OSMnx" timestamp="2026-07-27T19:03:01Z" version="1" id="55161094" /><node lon="-3.718385" changeset="1" visible="true" lat="40.4285608" uid="1" user="OSMnx" timestamp="2026-07-27T19:03:01Z" version="1" id="55161100" /><node lon="-3.7192718" changeset="1" visible="true" lat="40.4281743" uid="1" user="OSMnx" timestamp="2026-07-27T19:03:01Z" version="1" id="55161108" /><node lon="-3.7203175" changeset="1" visible="true" lat="40.4292591" uid="1" user="OSMnx" timestamp="2026-07-27T19:03:01Z" version="1" id="55161119"><tag k="highway" v="traffic_signals" /></node><node lon="-3.719334" changeset="1" visible="true" lat="40.4295748" uid="1" user="OSMnx" timestamp="2026-07-27T19:03:01Z" version="1" id="55161124" /><node lon="-3.7183351" changeset="1" visible="true" lat="40.4299035" uid="1" user="OSMnx" timestamp="2026-07-27T19:03:01Z" version="1" id="55161130"><tag k="highway" v="traffic_signals" /></node><node lon="-3.7173652" changeset="1" visible="true" lat="40.4302182" uid="1" user="OSMnx" timestamp="2026-07-27T19:03:01Z" version="1" id="55161135"><tag k="highway" v="traffic_signals" /></node><node lon="-3.7184152" changeset="1" visible="true" lat="40.4299848" uid="1" user="OSMnx" timestamp="2026-07-27T19:03:01Z" version="1" id="55161145"><tag k="highway" v="traffic_signals" /></node><node lon="-3.7194743" changeset="1" visible="true" lat="40.4296443" uid="1" user="OSMnx" timestamp="2026-07-27T19:03:01Z" version="1" id="55161154" /><node lon="-3.720405" changeset="1" visible="true" lat="40.4293494" uid="1" user="OSMnx" timestamp="2026-07-27T19:03:01Z" version="1" id="55161167"><tag k="highway" v="traffic_signals" /></node><node lon="-3.7181387" changeset="1" visible="true" lat="40.4311908" uid="1" user="OSMnx" timestamp="2026-07-27T19:03:01Z" version="1" id="55161170" /><node lon="-3.7186516" changeset="1" visible="true" lat="40.4318494" uid="1" user="OSMnx" timestamp="2026-07-27T19:03:01Z" version="1" id="55161174" /><node lon="-3.7216191" changeset="1" visible="true" lat="40.4305906" uid="1" user="OSMnx" timestamp="2026-07-27T19:03:01Z" version="1" id="55161178" /><node lon="-3.7210307" changeset="1" visible="true" lat="40.4299909" uid="1" user="OSMnx" timestamp="2026-07-27T19:03:01Z" version="1" id="55161181"><tag k="highway" v="traffic_signals" /></node><node lon="-3.7222423" changeset="1" visible="true" lat="40.4312331" uid="1" user="OSMnx" timestamp="2026-07-27T19:03:01Z" version="1" id="55161188"><tag k="highway" v="traffic_signals" /></node><node lon="-3.7224677" changeset="1" visible="true" lat="40.4314659" uid="1" user="OSMnx" timestamp="2026-07-27T19:03:01Z" version="1" id="55161192" /><node lon="-3.7139102" changeset="1" visible="true" lat="40.4227485" uid="1" user="OSMnx" timestamp="2026-07-27T19:03:01Z" version="1" id="292118637" /><node lon="-3.7133765" changeset="1" visible="true" lat="40.4223752" uid="1" user="OSMnx" timestamp="2026-07-27T19:03:01Z" version="1" id="292118644" /><node lon="-3.7130097" changeset="1" visible="true" lat="40.4221827" uid="1" user="OSMnx" timestamp="2026-07-27T19:03:01Z" version="1" id="292118651" /><node lon="-3.7142075" changeset="1" visible="true" lat="40.4228087" uid="1" user="OSMnx" timestamp="2026-07-27T19:03:01Z" version="1" id="292118697" /><node lon="-3.7132462" changeset="1" visible="true" lat="40.4219403" uid="1" user="OSMnx" timestamp="2026-07-27T19:03:01Z" version="1" id="292118700" /><node lon="-3.7130625" changeset="1" visible="true" lat="40.4221975" uid="1" user="OSMnx" timestamp="2026-07-27T19:03:01Z" version="1" id="292118733" /><node lon="-3.7153399" changeset="1" visible="true" lat="40.423944" uid="1" user="OSMnx" timestamp="2026-07-27T19:03:01Z" version="1" id="292123017" /><node lon="-3.7151855" changeset="1" visible="true" lat="40.423701" uid="1" user="OSMnx" timestamp="2026-07-27T19:03:01Z" version="1" id="292123018" /><node lon="-3.7170997" changeset="1" visible="true" lat="40.425321" uid="1" user="OSMnx" timestamp="2026-07-27T19:03:01Z" version="1" id="293293726" /><node lon="-3.7142741" changeset="1" visible="true" lat="40.427978" uid="1" user="OSMnx" timestamp="2026-07-27T19:03:01Z" version="1" id="298448863" /><node lon="-3.7127351" changeset="1" visible="true" lat="40.4243081" uid="1" user="OSMnx" timestamp="2026-07-27T19:03:01Z" version="1" id="298608902" /><node lon="-3.7128162" changeset="1" visible="true" lat="40.4242702" uid="1" user="OSMnx" timestamp="2026-07-27T19:03:01Z" version="1" id="298609149" /><node lon="-3.712857" changeset="1" visible="true" lat="40.424622" uid="1" user="OSMnx" timestamp="2026-07-27T19:03:01Z" version="1" id="298609151" /><node lon="-3.7126541" changeset="1" visible="true" lat="40.42439" uid="1" user="OSMnx" timestamp="2026-07-27T19:03:01Z" version="1" id="298609181" /><node lon="-3.7128324" changeset="1" visible="true" lat="40.4246172" uid="1" user="OSMnx" timestamp="2026-07-27T19:03:01Z" version="1" id="298609192" /><node lon="-3.7130261" changeset="1" visible="true" lat="40.4245545" uid="1" user="OSMnx" timestamp="2026-07-27T19:03:01Z" version="1" id="298609205" /><node lon="-3.7125258" changeset="1" visible="true" lat="40.4253388" uid="1" user="OSMnx" timestamp="2026-07-27T19:03:01Z" version="1" id="298609370" /><node lon="-3.7138164" changeset="1" visible="true" lat="40.4247456" uid="1" user="OSMnx" timestamp="2026-07-27T19:03:01Z" version="1" id="298609424" /><node lon="-3.7214834" changeset="1" visible="true" lat="40.4286581" uid="1" user="OSMnx" timestamp="2026-07-27T19:03:01Z" version="1" id="318919466" /><node lon="-3.7160194" changeset="1" visible="true" lat="40.4246396" uid="1" user="OSMnx" timestamp="2026-07-27T19:03:01Z" version="1" id="454563947" /><node lon="-3.7152549" changeset="1" visible="true" lat="40.4292017" uid="1" user="OSMnx" timestamp="2026-07-27T19:03:01Z" version="1" id="614036231" /><node lon="-3.7151152" changeset="1" visible="true" lat="40.429073" uid="1" user="OSMnx" timestamp="2026-07-27T19:03:01Z" version="1" id="614036232" /><node lon="-3.716495" changeset="1" visible="true" lat="40.4306087" uid="1" user="OSMnx" timestamp="2026-07-27T19:03:01Z" version="1" id="622204580"><tag k="highway" v="crossing" /></node><node lon="-3.7164404" changeset="1" visible="true" lat="40.4305213" uid="1" user="OSMnx" timestamp="2026-07-27T19:03:01Z" version="1" id="622204581"><tag k="highway" v="crossing" /></node><node lon="-3.7161205" changeset="1" visible="true" lat="40.430345" uid="1" user="OSMnx" timestamp="2026-07-27T19:03:01Z" version="1" id="622204582"><tag k="highway" v="crossing" /></node><node lon="-3.7160267" changeset="1" visible="true" lat="40.4303801" uid="1" user="OSMnx" timestamp="2026-07-27T19:03:01Z" version="1" id="622204583"><tag k="highway" v="crossing" /></node><node lon="-3.7163247" changeset="1" visible="true" lat="40.430839" uid="1" user="OSMnx" timestamp="2026-07-27T19:03:01Z" version="1" id="622204586"><tag k="highway" v="crossing" /></node><node lon="-3.7164323" changeset="1" visible="true" lat="40.4307992" uid="1" user="OSMnx" timestamp="2026-07-27T19:03:01Z" version="1" id="622204587"><tag k="highway" v="crossing" /></node><node lon="-3.7162308" changeset="1" visible="true" lat="40.4248058" uid="1" user="OSMnx" timestamp="2026-07-27T19:03:01Z" version="1" id="623071227"><tag k="highway" v="crossing" /></node><node lon="-3.7160723" changeset="1" visible="true" lat="40.4248697" uid="1" user="OSMnx" timestamp="2026-07-27T19:03:01Z" version="1" id="623071228"><tag k="highway" v="crossing" /></node><node lon="-3.7149584" changeset="1" visible="true" lat="40.4291026" uid="1" user="OSMnx" timestamp="2026-07-27T19:03:01Z" version="1" id="858587190" /><node lon="-3.7158219" changeset="1" visible="true" lat="40.4299086" uid="1" user="OSMnx" timestamp="2026-07-27T19:03:01Z" version="1" id="858587194" /><node lon="-3.7150956" changeset="1" visible="true" lat="40.4291207" uid="1" user="OSMnx" timestamp="2026-07-27T19:03:01Z" version="1" id="858587220" /><node lon="-3.7157112" changeset="1" visible="true" lat="40.4298215" uid="1" user="OSMnx" timestamp="2026-07-27T19:03:01Z" version="1" id="858587240" /><node lon="-3.713122" changeset="1" visible="true" lat="40.4263332" uid="1" user="OSMnx" timestamp="2026-07-27T19:03:01Z" version="1" id="893869107" /><node lon="-3.7124126" changeset="1" visible="true" lat="40.4253594" uid="1" user="OSMnx" timestamp="2026-07-27T19:03:01Z" version="1" id="904868123" /><node lon="-3.7122778" changeset="1" visible="true" lat="40.4251694" uid="1" user="OSMnx" timestamp="2026-07-27T19:03:01Z" version="1" id="904868125" /><node lon="-3.7191917" changeset="1" visible="true" lat="40.4348271" uid="1" user="OSMnx" timestamp="2026-07-27T19:03:01Z" version="1" id="913080864"><tag k="highway" v="crossing" /></node><node lon="-3.7130119" changeset="1" visible="true" lat="40.4261823" uid="1" user="OSMnx" timestamp="2026-07-27T19:03:01Z" version="1" id="913080865"><tag k="highway" v="traffic_signals" /></node><node lon="-3.7144272" changeset="1" visible="true" lat="40.4280031" uid="1" user="OSMnx" timestamp="2026-07-27T19:03:01Z" version="1" id="913080866"><tag k="highway" v="crossing" /></node><node lon="-3.7197373" changeset="1" visible="true" lat="40.4348638" uid="1" user="OSMnx" timestamp="2026-07-27T19:03:01Z" version="1" id="913080867"><tag k="highway" v="crossing" /></node><node lon="-3.719378" changeset="1" visible="true" lat="40.4347523" uid="1" user="OSMnx" timestamp="2026-07-27T19:03:01Z" version="1" id="913080870"><tag k="highway" v="crossing" /></node><node lon="-3.7141462" changeset="1" visible="true" lat="40.427796" uid="1" user="OSMnx" timestamp="2026-07-27T19:03:01Z" version="1" id="913080871" /><node lon="-3.7149541" changeset="1" visible="true" lat="40.429108" uid="1" user="OSMnx" timestamp="2026-07-27T19:03:01Z" version="1" id="913206910"><tag k="highway" v="crossing" /></node><node lon="-3.7121047" changeset="1" visible="true" lat="40.4242403" uid="1" user="OSMnx" timestamp="2026-07-27T19:03:01Z" version="1" id="913224061" /><node lon="-3.7111901" changeset="1" visible="true" lat="40.423732" uid="1" user="OSMnx" timestamp="2026-07-27T19:03:01Z" version="1" id="913224073" /><node lon="-3.7147067" changeset="1" visible="true" lat="40.4269303" uid="1" user="OSMnx" timestamp="2026-07-27T19:03:01Z" version="1" id="927751050" /><node lon="-3.7139107" changeset="1" visible="true" lat="40.4272781" uid="1" user="OSMnx" timestamp="2026-07-27T19:03:01Z" version="1" id="927751052" /><node lon="-3.7172774" changeset="1" visible="true" lat="40.4319681" uid="1" user="OSMnx" timestamp="2026-07-27T19:03:01Z" version="1" id="929294336"><tag k="highway" v="crossing" /></node><node lon="-3.7182063" changeset="1" visible="true" lat="40.4334309" uid="1" user="OSMnx" timestamp="2026-07-27T19:03:01Z" version="1" id="937660054" /><node lon="-3.7185057" changeset="1" visible="true" lat="40.433661" uid="1" user="OSMnx" timestamp="2026-07-27T19:03:01Z" version="1" id="937660056"><tag k="highway" v="traffic_signals" /></node><node lon="-3.7182773" changeset="1" visible="true" lat="40.4333441" uid="1" user="OSMnx" timestamp="2026-07-27T19:03:01Z" version="1" id="937660057"><tag k="highway" v="crossing" /></node><node lon="-3.717032" changeset="1" visible="true" lat="40.4252226" uid="1" user="OSMnx" timestamp="2026-07-27T19:03:01Z" version="1" id="937706305"><tag k="highway" v="crossing" /></node><node lon="-3.7125088" changeset="1" visible="true" lat="40.4225053" uid="1" user="OSMnx" timestamp="2026-07-27T19:03:01Z" version="1" id="960747254" /><node lon="-3.7128138" changeset="1" visible="true" lat="40.4259215" uid="1" user="OSMnx" timestamp="2026-07-27T19:03:01Z" version="1" id="1067565836" /><node lon="-3.7184493" changeset="1" visible="true" lat="40.4335909" uid="1" user="OSMnx" timestamp="2026-07-27T19:03:01Z" version="1" id="1067565849" /><node lon="-3.7214929" changeset="1" visible="true" lat="40.4288889" uid="1" user="OSMnx" timestamp="2026-07-27T19:03:01Z" version="1" id="1095709754" /><node lon="-3.7204701" changeset="1" visible="true" lat="40.4292094" uid="1" user="OSMnx" timestamp="2026-07-27T19:03:01Z" version="1" id="1095709758"><tag k="highway" v="crossing" /></node><node lon="-3.7215922" changeset="1" visible="true" lat="40.4289787" uid="1" user="OSMnx" timestamp="2026-07-27T19:03:01Z" version="1" id="1095709759" /><node lon="-3.7213946" changeset="1" visible="true" lat="40.4289104" uid="1" user="OSMnx" timestamp="2026-07-27T19:03:01Z" version="1" id="1095709761"><tag k="highway" v="traffic_signals" /></node><node lon="-3.7214905" changeset="1" visible="true" lat="40.4290119" uid="1" user="OSMnx" timestamp="2026-07-27T19:03:01Z" version="1" id="1095709762"><tag k="highway" v="traffic_signals" /></node><node lon="-3.7205734" changeset="1" visible="true" lat="40.4292944" uid="1" user="OSMnx" timestamp="2026-07-27T19:03:01Z" version="1" id="1095709764"><tag k="highway" v="crossing" /></node><node lon="-3.7202106" changeset="1" visible="true" lat="40.4291488" uid="1" user="OSMnx" timestamp="2026-07-27T19:03:01Z" version="1" id="1179021961"><tag k="highway" v="crossing" /></node><node lon="-3.7148692" changeset="1" visible="true" lat="40.4287875" uid="1" user="OSMnx" timestamp="2026-07-27T19:03:01Z" version="1" id="1179022127"><tag k="highway" v="traffic_signals" /></node><node lon="-3.7167936" changeset="1" visible="true" lat="40.4252596" uid="1" user="OSMnx" timestamp="2026-07-27T19:03:01Z" version="1" id="1179022159"><tag k="highway" v="traffic_signals" /></node><node lon="-3.7151983" changeset="1" visible="true" lat="40.4289864" uid="1" user="OSMnx" timestamp="2026-07-27T19:03:01Z" version="1" id="1179022182"><tag k="highway" v="crossing" /></node><node lon="-3.7151722" changeset="1" visible="true" lat="40.4288261" uid="1" user="OSMnx" timestamp="2026-07-27T19:03:01Z" version="1" id="1179022300"><tag k="highway" v="crossing" /></node><node lon="-3.7148916" changeset="1" visible="true" lat="40.428992" uid="1" user="OSMnx" timestamp="2026-07-27T19:03:01Z" version="1" id="1179022387"><tag k="highway" v="crossing" /></node><node lon="-3.7187477" changeset="1" visible="true" lat="40.425854" uid="1" user="OSMnx" timestamp="2026-07-27T19:03:01Z" version="1" id="1179022390"><tag k="highway" v="traffic_signals" /></node><node lon="-3.7167912" changeset="1" visible="true" lat="40.4253109" uid="1" user="OSMnx" timestamp="2026-07-27T19:03:01Z" version="1" id="1179022515" /><node lon="-3.7158021" changeset="1" visible="true" lat="40.4296865" uid="1" user="OSMnx" timestamp="2026-07-27T19:03:01Z" version="1" id="1179022518"><tag k="highway" v="crossing" /></node><node lon="-3.7149422" changeset="1" visible="true" lat="40.4286907" uid="1" user="OSMnx" timestamp="2026-07-27T19:03:01Z" version="1" id="1179022533" /><node lon="-3.7155082" changeset="1" visible="true" lat="40.4296862" uid="1" user="OSMnx" timestamp="2026-07-27T19:03:01Z" version="1" id="1179022558" /><node lon="-3.7150377" changeset="1" visible="true" lat="40.4290368" uid="1" user="OSMnx" timestamp="2026-07-27T19:03:01Z" version="1" id="1179022561"><tag k="highway" v="crossing" /></node><node lon="-3.7110855" changeset="1" visible="true" lat="40.423257" uid="1" user="OSMnx" timestamp="2026-07-27T19:03:01Z" version="1" id="1352957236"><tag k="highway" v="crossing" /></node><node lon="-3.7111593" changeset="1" visible="true" lat="40.4233305" uid="1" user="OSMnx" timestamp="2026-07-27T19:03:01Z" version="1" id="1352957241"><tag k="highway" v="crossing" /></node><node lon="-3.711082" changeset="1" visible="true" lat="40.4236064" uid="1" user="OSMnx" timestamp="2026-07-27T19:03:01Z" version="1" id="1352957251"><tag k="highway" v="traffic_signals" /></node><node lon="-3.7184034" changeset="1" visible="true" lat="40.4272842" uid="1" user="OSMnx" timestamp="2026-07-27T19:03:01Z" version="1" id="1358036196"><tag k="highway" v="traffic_signals" /></node><node lon="-3.7186216" changeset="1" visible="true" lat="40.427332" uid="1" user="OSMnx" timestamp="2026-07-27T19:03:01Z" version="1" id="1358036197"><tag k="highway" v="crossing" /></node><node lon="-3.7183465" changeset="1" visible="true" lat="40.4274523" uid="1" user="OSMnx" timestamp="2026-07-27T19:03:01Z" version="1" id="1358036198"><tag k="highway" v="traffic_signals" /></node><node lon="-3.7186105" changeset="1" visible="true" lat="40.4274979" uid="1" user="OSMnx" timestamp="2026-07-27T19:03:01Z" version="1" id="1358036199"><tag k="highway" v="crossing" /></node><node lon="-3.7168724" changeset="1" visible="true" lat="40.4280977" uid="1" user="OSMnx" timestamp="2026-07-27T19:03:01Z" version="1" id="1358036200"><tag k="highway" v="crossing" /></node><node lon="-3.7191947" changeset="1" visible="true" lat="40.4281007" uid="1" user="OSMnx" timestamp="2026-07-27T19:03:01Z" version="1" id="1358036201"><tag k="highway" v="traffic_signals" /></node><node lon="-3.7193778" changeset="1" visible="true" lat="40.4281246" uid="1" user="OSMnx" timestamp="2026-07-27T19:03:01Z" version="1" id="1358036202"><tag k="highway" v="traffic_signals" /></node><node lon="-3.7191456" changeset="1" visible="true" lat="40.4282307" uid="1" user="OSMnx" timestamp="2026-07-27T19:03:01Z" version="1" id="1358036203"><tag k="highway" v="crossing" /></node><node lon="-3.7167028" changeset="1" visible="true" lat="40.4255237" uid="1" user="OSMnx" timestamp="2026-07-27T19:03:01Z" version="1" id="1364770887"><tag k="highway" v="crossing" /></node><node lon="-3.7183441" changeset="1" visible="true" lat="40.425502" uid="1" user="OSMnx" timestamp="2026-07-27T19:03:01Z" version="1" id="1364770889" /><node lon="-3.7185601" changeset="1" visible="true" lat="40.4258713" uid="1" user="OSMnx" timestamp="2026-07-27T19:03:01Z" version="1" id="1364770912"><tag k="highway" v="crossing" /></node><node lon="-3.719576" changeset="1" visible="true" lat="40.4269157" uid="1" user="OSMnx" timestamp="2026-07-27T19:03:01Z" version="1" id="1364770953"><tag k="highway" v="traffic_signals" /></node><node lon="-3.7203194" changeset="1" visible="true" lat="40.4277176" uid="1" user="OSMnx" timestamp="2026-07-27T19:03:01Z" version="1" id="1364771096"><tag k="highway" v="crossing" /></node><node lon="-3.72209" changeset="1" visible="true" lat="40.42955" uid="1" user="OSMnx" timestamp="2026-07-27T19:03:01Z" version="1" id="1364771581" /><node lon="-3.7226721" changeset="1" visible="true" lat="40.4301432" uid="1" user="OSMnx" timestamp="2026-07-27T19:03:01Z" version="1" id="1364771695" /><node lon="-3.7233306" changeset="1" visible="true" lat="40.4307813" uid="1" user="OSMnx" timestamp="2026-07-27T19:03:01Z" version="1" id="1364771799"><tag k="highway" v="crossing" /></node><node lon="-3.7238883" changeset="1" visible="true" lat="40.4313886" uid="1" user="OSMnx" timestamp="2026-07-27T19:03:01Z" version="1" id="1364771873" /><node lon="-3.7244253" changeset="1" visible="true" lat="40.4319793" uid="1" user="OSMnx" timestamp="2026-07-27T19:03:01Z" version="1" id="1364771904"><tag k="highway" v="crossing" /></node><node lon="-3.7239085" changeset="1" visible="true" lat="40.4329403" uid="1" user="OSMnx" timestamp="2026-07-27T19:03:01Z" version="1" id="1364772083"><tag k="highway" v="crossing" /></node><node lon="-3.7215957" changeset="1" visible="true" lat="40.4339343" uid="1" user="OSMnx" timestamp="2026-07-27T19:03:01Z" version="1" id="1364772380"><tag k="highway" v="crossing" /></node><node lon="-3.7143221" changeset="1" visible="true" lat="40.4276262" uid="1" user="OSMnx" timestamp="2026-07-27T19:03:01Z" version="1" id="1378696850"><tag k="highway" v="traffic_signals" /></node><node lon="-3.7140961" changeset="1" visible="true" lat="40.4277174" uid="1" user="OSMnx" timestamp="2026-07-27T19:03:01Z" version="1" id="1378696853"><tag k="highway" v="traffic_signals" /></node><node lon="-3.7142654" changeset="1" visible="true" lat="40.4277838" uid="1" user="OSMnx" timestamp="2026-07-27T19:03:01Z" version="1" id="1378696856"><tag k="highway" v="traffic_signals" /></node><node lon="-3.7142015" changeset="1" visible="true" lat="40.4280202" uid="1" user="OSMnx" timestamp="2026-07-27T19:03:01Z" version="1" id="1378696858"><tag k="highway" v="crossing" /></node><node lon="-3.7143237" changeset="1" visible="true" lat="40.4280446" uid="1" user="OSMnx" timestamp="2026-07-27T19:03:01Z" version="1" id="1378696860"><tag k="highway" v="crossing" /></node><node lon="-3.71689" changeset="1" visible="true" lat="40.4314295" uid="1" user="OSMnx" timestamp="2026-07-27T19:03:01Z" version="1" id="1378696877"><tag k="highway" v="traffic_signals" /></node><node lon="-3.7171698" changeset="1" visible="true" lat="40.4315932" uid="1" user="OSMnx" timestamp="2026-07-27T19:03:01Z" version="1" id="1378696878"><tag k="highway" v="crossing" /></node><node lon="-3.7172019" changeset="1" visible="true" lat="40.4318636" uid="1" user="OSMnx" timestamp="2026-07-27T19:03:01Z" version="1" id="1378696879" /><node lon="-3.7185037" changeset="1" visible="true" lat="40.4338561" uid="1" user="OSMnx" timestamp="2026-07-27T19:03:01Z" version="1" id="1446632660" /><node lon="-3.7194436" changeset="1" visible="true" lat="40.4350563" uid="1" user="OSMnx" timestamp="2026-07-27T19:03:01Z" version="1" id="1486142511" /><node lon="-3.7129939" changeset="1" visible="true" lat="40.4222065" uid="1" user="OSMnx" timestamp="2026-07-27T19:03:01Z" version="1" id="1501171058"><tag k="highway" v="crossing" /></node><node lon="-3.7132692" changeset="1" visible="true" lat="40.4219615" uid="1" user="OSMnx" timestamp="2026-07-27T19:03:01Z" version="1" id="1501171068"><tag k="highway" v="traffic_signals" /></node><node lon="-3.7132932" changeset="1" visible="true" lat="40.4219853" uid="1" user="OSMnx" timestamp="2026-07-27T19:03:01Z" version="1" id="1501171070" /><node lon="-3.7131968" changeset="1" visible="true" lat="40.4219901" uid="1" user="OSMnx" timestamp="2026-07-27T19:03:01Z" version="1" id="1501171071"><tag k="highway" v="traffic_signals" /></node><node lon="-3.7131506" changeset="1" visible="true" lat="40.4222403" uid="1" user="OSMnx" timestamp="2026-07-27T19:03:01Z" version="1" id="1501171095" /><node lon="-3.7133371" changeset="1" visible="true" lat="40.4235519" uid="1" user="OSMnx" timestamp="2026-07-27T19:03:01Z" version="1" id="1501171147" /><node lon="-3.7109359" changeset="1" visible="true" lat="40.4234775" uid="1" user="OSMnx" timestamp="2026-07-27T19:03:01Z" version="1" id="1501200366" /><node lon="-3.7110123" changeset="1" visible="true" lat="40.4235378" uid="1" user="OSMnx" timestamp="2026-07-27T19:03:01Z" version="1" id="1501200369" /><node lon="-3.7116038" changeset="1" visible="true" lat="40.4242502" uid="1" user="OSMnx" timestamp="2026-07-27T19:03:01Z" version="1" id="1501200383"><tag k="highway" v="crossing" /></node><node lon="-3.7115807" changeset="1" visible="true" lat="40.4244568" uid="1" user="OSMnx" timestamp="2026-07-27T19:03:01Z" version="1" id="1501200384"><tag k="highway" v="crossing" /></node><node lon="-3.7119367" changeset="1" visible="true" lat="40.4245034" uid="1" user="OSMnx" timestamp="2026-07-27T19:03:01Z" version="1" id="1501200385"><tag k="highway" v="crossing" /></node><node lon="-3.7118184" changeset="1" visible="true" lat="40.424551" uid="1" user="OSMnx" timestamp="2026-07-27T19:03:01Z" version="1" id="1501200393"><tag k="highway" v="crossing" /></node><node lon="-3.7144199" changeset="1" visible="true" lat="40.4231873" uid="1" user="OSMnx" timestamp="2026-07-27T19:03:01Z" version="1" id="1501213545" /><node lon="-3.7177586" changeset="1" visible="true" lat="40.4327958" uid="1" user="OSMnx" timestamp="2026-07-27T19:03:01Z" version="1" id="1505080991"><tag k="highway" v="crossing" /></node><node lon="-3.7181514" changeset="1" visible="true" lat="40.4329502" uid="1" user="OSMnx" timestamp="2026-07-27T19:03:01Z" version="1" id="1505080997"><tag k="highway" v="crossing" /></node><node lon="-3.7180901" changeset="1" visible="true" lat="40.433081" uid="1" user="OSMnx" timestamp="2026-07-27T19:03:01Z" version="1" id="1505081012"><tag k="highway" v="traffic_signals" /></node><node lon="-3.7181732" changeset="1" visible="true" lat="40.4333847" uid="1" user="OSMnx" timestamp="2026-07-27T19:03:01Z" version="1" id="1505081028"><tag k="highway" v="crossing" /></node><node lon="-3.7183471" changeset="1" visible="true" lat="40.433633" uid="1" user="OSMnx" timestamp="2026-07-27T19:03:01Z" version="1" id="1505081040" /><node lon="-3.7128955" changeset="1" visible="true" lat="40.4242823" uid="1" user="OSMnx" timestamp="2026-07-27T19:03:01Z" version="1" id="1652768007" /><node lon="-3.7130385" changeset="1" visible="true" lat="40.4244926" uid="1" user="OSMnx" timestamp="2026-07-27T19:03:01Z" version="1" id="1652768037" /><node lon="-3.7169938" changeset="1" visible="true" lat="40.4319288" uid="1" user="OSMnx" timestamp="2026-07-27T19:03:01Z" version="1" id="1669117694"><tag k="highway" v="crossing" /></node><node lon="-3.7177128" changeset="1" visible="true" lat="40.4253595" uid="1" user="OSMnx" timestamp="2026-07-27T19:03:01Z" version="1" id="1715383485" /><node lon="-3.7131086" changeset="1" visible="true" lat="40.4261399" uid="1" user="OSMnx" timestamp="2026-07-27T19:03:01Z" version="1" id="1789638279"><tag k="highway" v="traffic_signals" /></node><node lon="-3.713308" changeset="1" visible="true" lat="40.4261856" uid="1" user="OSMnx" timestamp="2026-07-27T19:03:01Z" version="1" id="1789638280"><tag k="highway" v="traffic_signals" /></node><node lon="-3.713592" changeset="1" visible="true" lat="40.4268448" uid="1" user="OSMnx" timestamp="2026-07-27T19:03:01Z" version="1" id="1789638281"><tag k="highway" v="crossing" /></node><node lon="-3.7134958" changeset="1" visible="true" lat="40.4268814" uid="1" user="OSMnx" timestamp="2026-07-27T19:03:01Z" version="1" id="1789638282"><tag k="highway" v="crossing" /></node><node lon="-3.7138881" changeset="1" visible="true" lat="40.4270674" uid="1" user="OSMnx" timestamp="2026-07-27T19:03:01Z" version="1" id="1789638283"><tag k="highway" v="traffic_signals" /></node><node lon="-3.7138442" changeset="1" visible="true" lat="40.4271279" uid="1" user="OSMnx" timestamp="2026-07-27T19:03:01Z" version="1" id="1789638284" /><node lon="-3.7146328" changeset="1" visible="true" lat="40.4233894" uid="1" user="OSMnx" timestamp="2026-07-27T19:03:01Z" version="1" id="1855048164" /><node lon="-3.7146125" changeset="1" visible="true" lat="40.4239403" uid="1" user="OSMnx" timestamp="2026-07-27T19:03:01Z" version="1" id="1855048168" /><node lon="-3.715195" changeset="1" visible="true" lat="40.4237383" uid="1" user="OSMnx" timestamp="2026-07-27T19:03:01Z" version="1" id="2017305752" /><node lon="-3.7187147" changeset="1" visible="true" lat="40.4340278" uid="1" user="OSMnx" timestamp="2026-07-27T19:03:01Z" version="1" id="2480629208"><tag k="highway" v="traffic_signals" /></node><node lon="-3.7109175" changeset="1" visible="true" lat="40.4233296" uid="1" user="OSMnx" timestamp="2026-07-27T19:03:01Z" version="1" id="2598785470" /><node lon="-3.7144434" changeset="1" visible="true" lat="40.4280287" uid="1" user="OSMnx" timestamp="2026-07-27T19:03:01Z" version="1" id="2973127101"><tag k="highway" v="traffic_signals" /></node><node lon="-3.7167919" changeset="1" visible="true" lat="40.4314695" uid="1" user="OSMnx" timestamp="2026-07-27T19:03:01Z" version="1" id="3033655161"><tag k="highway" v="traffic_signals" /></node><node lon="-3.7171741" changeset="1" visible="true" lat="40.4320046" uid="1" user="OSMnx" timestamp="2026-07-27T19:03:01Z" version="1" id="3033655162"><tag k="highway" v="crossing" /></node><node lon="-3.7140443" changeset="1" visible="true" lat="40.4249362" uid="1" user="OSMnx" timestamp="2026-07-27T19:03:01Z" version="1" id="3100329628" /><node lon="-3.7139329" changeset="1" visible="true" lat="40.4248868" uid="1" user="OSMnx" timestamp="2026-07-27T19:03:01Z" version="1" id="3100332229" /><node lon="-3.7139705" changeset="1" visible="true" lat="40.4249086" uid="1" user="OSMnx" timestamp="2026-07-27T19:03:01Z" version="1" id="3100332230" /><node lon="-3.7126718" changeset="1" visible="true" lat="40.4243367" uid="1" user="OSMnx" timestamp="2026-07-27T19:03:01Z" version="1" id="3100336111" /><node lon="-3.7194122" changeset="1" visible="true" lat="40.432429" uid="1" user="OSMnx" timestamp="2026-07-27T19:03:01Z" version="1" id="3253942876" /><node lon="-3.7218327" changeset="1" visible="true" lat="40.4339663" uid="1" user="OSMnx" timestamp="2026-07-27T19:03:01Z" version="1" id="3253942905"><tag k="highway" v="crossing" /></node><node lon="-3.7194809" changeset="1" visible="true" lat="40.429738" uid="1" user="OSMnx" timestamp="2026-07-27T19:03:01Z" version="1" id="3471276060"><tag k="highway" v="crossing" /></node><node lon="-3.7175947" changeset="1" visible="true" lat="40.4302438" uid="1" user="OSMnx" timestamp="2026-07-27T19:03:01Z" version="1" id="3471276061" /><node lon="-3.7213585" changeset="1" visible="true" lat="40.4336023" uid="1" user="OSMnx" timestamp="2026-07-27T19:03:01Z" version="1" id="3471276063" /><node lon="-3.7201665" changeset="1" visible="true" lat="40.4293076" uid="1" user="OSMnx" timestamp="2026-07-27T19:03:01Z" version="1" id="3471365915"><tag k="highway" v="crossing" /></node><node lon="-3.7202552" changeset="1" visible="true" lat="40.4293948" uid="1" user="OSMnx" timestamp="2026-07-27T19:03:01Z" version="1" id="3471365921"><tag k="highway" v="crossing" /></node><node lon="-3.7205313" changeset="1" visible="true" lat="40.4294791" uid="1" user="OSMnx" timestamp="2026-07-27T19:03:01Z" version="1" id="3471365928"><tag k="highway" v="crossing" /></node><node lon="-3.7153594" changeset="1" visible="true" lat="40.4278174" uid="1" user="OSMnx" timestamp="2026-07-27T19:03:01Z" version="1" id="3644754710" /><node lon="-3.7196694" changeset="1" visible="true" lat="40.4349656" uid="1" user="OSMnx" timestamp="2026-07-27T19:03:01Z" version="1" id="3769069723" /><node lon="-3.7128081" changeset="1" visible="true" lat="40.4246046" uid="1" user="OSMnx" timestamp="2026-07-27T19:03:01Z" version="1" id="3903476292" /><node lon="-3.7200412" changeset="1" visible="true" lat="40.4303406" uid="1" user="OSMnx" timestamp="2026-07-27T19:03:01Z" version="1" id="3927556254"><tag k="highway" v="crossing" /></node><node lon="-3.7174964" changeset="1" visible="true" lat="40.4303661" uid="1" user="OSMnx" timestamp="2026-07-27T19:03:01Z" version="1" id="3927556255"><tag k="highway" v="crossing" /></node><node lon="-3.7200372" changeset="1" visible="true" lat="40.4304025" uid="1" user="OSMnx" timestamp="2026-07-27T19:03:01Z" version="1" id="3927556256"><tag k="highway" v="give_way" /></node><node lon="-3.7199854" changeset="1" visible="true" lat="40.430424" uid="1" user="OSMnx" timestamp="2026-07-27T19:03:01Z" version="1" id="3927556757"><tag k="highway" v="crossing" /></node><node lon="-3.7201294" changeset="1" visible="true" lat="40.430437" uid="1" user="OSMnx" timestamp="2026-07-27T19:03:01Z" version="1" id="3927556758"><tag k="highway" v="crossing" /></node><node lon="-3.719093" changeset="1" visible="true" lat="40.4307582" uid="1" user="OSMnx" timestamp="2026-07-27T19:03:01Z" version="1" id="3927556759"><tag k="highway" v="give_way" /></node><node lon="-3.7190467" changeset="1" visible="true" lat="40.4308138" uid="1" user="OSMnx" timestamp="2026-07-27T19:03:01Z" version="1" id="3927556760"><tag k="highway" v="crossing" /></node><node lon="-3.7191744" changeset="1" visible="true" lat="40.430851" uid="1" user="OSMnx" timestamp="2026-07-27T19:03:01Z" version="1" id="3927556761"><tag k="highway" v="crossing" /></node><node lon="-3.7207385" changeset="1" visible="true" lat="40.4309638" uid="1" user="OSMnx" timestamp="2026-07-27T19:03:01Z" version="1" id="3927556763"><tag k="highway" v="crossing" /></node><node lon="-3.7206856" changeset="1" visible="true" lat="40.4310335" uid="1" user="OSMnx" timestamp="2026-07-27T19:03:01Z" version="1" id="3927556764"><tag k="highway" v="give_way" /></node><node lon="-3.7207103" changeset="1" visible="true" lat="40.4310602" uid="1" user="OSMnx" timestamp="2026-07-27T19:03:01Z" version="1" id="3927556765"><tag k="highway" v="crossing" /></node><node lon="-3.718105" changeset="1" visible="true" lat="40.4311475" uid="1" user="OSMnx" timestamp="2026-07-27T19:03:01Z" version="1" id="3927556766"><tag k="highway" v="crossing" /></node><node lon="-3.7180493" changeset="1" visible="true" lat="40.431228" uid="1" user="OSMnx" timestamp="2026-07-27T19:03:01Z" version="1" id="3927556767"><tag k="highway" v="crossing" /></node><node lon="-3.7181682" changeset="1" visible="true" lat="40.4312286" uid="1" user="OSMnx" timestamp="2026-07-27T19:03:01Z" version="1" id="3927556768"><tag k="highway" v="give_way" /></node><node lon="-3.7181892" changeset="1" visible="true" lat="40.4312556" uid="1" user="OSMnx" timestamp="2026-07-27T19:03:01Z" version="1" id="3927556769"><tag k="highway" v="crossing" /></node><node lon="-3.7197786" changeset="1" visible="true" lat="40.431371" uid="1" user="OSMnx" timestamp="2026-07-27T19:03:01Z" version="1" id="3927556770"><tag k="highway" v="crossing" /></node><node lon="-3.7196315" changeset="1" visible="true" lat="40.4313698" uid="1" user="OSMnx" timestamp="2026-07-27T19:03:01Z" version="1" id="3927556771"><tag k="highway" v="crossing" /></node><node lon="-3.7197218" changeset="1" visible="true" lat="40.4314737" uid="1" user="OSMnx" timestamp="2026-07-27T19:03:01Z" version="1" id="3927556772"><tag k="highway" v="crossing" /></node><node lon="-3.7186095" changeset="1" visible="true" lat="40.4317953" uid="1" user="OSMnx" timestamp="2026-07-27T19:03:01Z" version="1" id="3927556773"><tag k="highway" v="crossing" /></node><node lon="-3.718741" changeset="1" visible="true" lat="40.4318115" uid="1" user="OSMnx" timestamp="2026-07-27T19:03:01Z" version="1" id="3927556774"><tag k="highway" v="crossing" /></node><node lon="-3.7186925" changeset="1" visible="true" lat="40.4319018" uid="1" user="OSMnx" timestamp="2026-07-27T19:03:01Z" version="1" id="3927556775"><tag k="highway" v="crossing" /></node><node lon="-3.7150373" changeset="1" visible="true" lat="40.429074" uid="1" user="OSMnx" timestamp="2026-07-27T19:03:01Z" version="1" id="4110020824" /><node lon="-3.715166" changeset="1" visible="true" lat="40.4290899" uid="1" user="OSMnx" timestamp="2026-07-27T19:03:01Z" version="1" id="4110020825" /><node lon="-3.7109824" changeset="1" visible="true" lat="40.423484" uid="1" user="OSMnx" timestamp="2026-07-27T19:03:01Z" version="1" id="4110031995" /><node lon="-3.7136229" changeset="1" visible="true" lat="40.4234623" uid="1" user="OSMnx" timestamp="2026-07-27T19:03:01Z" version="1" id="4110036588"><tag k="highway" v="crossing" /></node><node lon="-3.7125148" changeset="1" visible="true" lat="40.4240716" uid="1" user="OSMnx" timestamp="2026-07-27T19:03:01Z" version="1" id="4110043272"><tag k="highway" v="crossing" /></node><node lon="-3.7128532" changeset="1" visible="true" lat="40.4242681" uid="1" user="OSMnx" timestamp="2026-07-27T19:03:01Z" version="1" id="4110043278" /><node lon="-3.7126541" changeset="1" visible="true" lat="40.4243671" uid="1" user="OSMnx" timestamp="2026-07-27T19:03:01Z" version="1" id="4110043285" /><node lon="-3.7130436" changeset="1" visible="true" lat="40.4245264" uid="1" user="OSMnx" timestamp="2026-07-27T19:03:01Z" version="1" id="4110043288" /><node lon="-3.7128859" changeset="1" visible="true" lat="40.4246132" uid="1" user="OSMnx" timestamp="2026-07-27T19:03:01Z" version="1" id="4110093636" /><node lon="-3.7131045" changeset="1" visible="true" lat="40.4265077" uid="1" user="OSMnx" timestamp="2026-07-27T19:03:01Z" version="1" id="4110093642"><tag k="highway" v="crossing" /></node><node lon="-3.710874" changeset="1" visible="true" lat="40.4234383" uid="1" user="OSMnx" timestamp="2026-07-27T19:03:01Z" version="1" id="4110114627" /><node lon="-3.7208179" changeset="1" visible="true" lat="40.4328425" uid="1" user="OSMnx" timestamp="2026-07-27T19:03:01Z" version="1" id="4157306544" /><node lon="-3.7230961" changeset="1" visible="true" lat="40.4334206" uid="1" user="OSMnx" timestamp="2026-07-27T19:03:01Z" version="1" id="4197170916" /><node lon="-3.7173339" changeset="1" visible="true" lat="40.430173" uid="1" user="OSMnx" timestamp="2026-07-27T19:03:01Z" version="1" id="4203412903"><tag k="highway" v="crossing" /></node><node lon="-3.7166754" changeset="1" visible="true" lat="40.4256665" uid="1" user="OSMnx" timestamp="2026-07-27T19:03:01Z" version="1" id="4234171259"><tag k="highway" v="crossing" /></node><node lon="-3.714826" changeset="1" visible="true" lat="40.4259927" uid="1" user="OSMnx" timestamp="2026-07-27T19:03:01Z" version="1" id="4242179816"><tag k="highway" v="crossing" /></node><node lon="-3.7149235" changeset="1" visible="true" lat="40.4259896" uid="1" user="OSMnx" timestamp="2026-07-27T19:03:01Z" version="1" id="4242179828"><tag k="highway" v="crossing" /></node><node lon="-3.7182875" changeset="1" visible="true" lat="40.4298505" uid="1" user="OSMnx" timestamp="2026-07-27T19:03:01Z" version="1" id="4245283126"><tag k="highway" v="crossing" /></node><node lon="-3.7201274" changeset="1" visible="true" lat="40.4321319" uid="1" user="OSMnx" timestamp="2026-07-27T19:03:01Z" version="1" id="4249550724"><tag k="highway" v="crossing" /></node><node lon="-3.7136759" changeset="1" visible="true" lat="40.4255593" uid="1" user="OSMnx" timestamp="2026-07-27T19:03:01Z" version="1" id="4285281349"><tag k="highway" v="crossing" /></node><node lon="-3.7137203" changeset="1" visible="true" lat="40.4256826" uid="1" user="OSMnx" timestamp="2026-07-27T19:03:01Z" version="1" id="4285281350"><tag k="highway" v="crossing" /></node><node lon="-3.7160491" changeset="1" visible="true" lat="40.4273898" uid="1" user="OSMnx" timestamp="2026-07-27T19:03:01Z" version="1" id="4307340621"><tag k="highway" v="crossing" /></node><node lon="-3.7160751" changeset="1" visible="true" lat="40.4273104" uid="1" user="OSMnx" timestamp="2026-07-27T19:03:01Z" version="1" id="4307340622"><tag k="highway" v="crossing" /></node><node lon="-3.7160929" changeset="1" visible="true" lat="40.4273315" uid="1" user="OSMnx" timestamp="2026-07-27T19:03:01Z" version="1" id="4307340623"><tag k="highway" v="give_way" /></node><node lon="-3.7184768" changeset="1" visible="true" lat="40.4300531" uid="1" user="OSMnx" timestamp="2026-07-27T19:03:01Z" version="1" id="4311985760"><tag k="highway" v="crossing" /></node><node lon="-3.7186755" changeset="1" visible="true" lat="40.4318801" uid="1" user="OSMnx" timestamp="2026-07-27T19:03:01Z" version="1" id="4324546709"><tag k="highway" v="give_way" /></node><node lon="-3.7169209" changeset="1" visible="true" lat="40.4268609" uid="1" user="OSMnx" timestamp="2026-07-27T19:03:01Z" version="1" id="4346484128"><tag k="highway" v="crossing" /></node><node lon="-3.7166065" changeset="1" visible="true" lat="40.4292663" uid="1" user="OSMnx" timestamp="2026-07-27T19:03:01Z" version="1" id="4437657599"><tag k="highway" v="crossing" /></node><node lon="-3.7166897" changeset="1" visible="true" lat="40.4292975" uid="1" user="OSMnx" timestamp="2026-07-27T19:03:01Z" version="1" id="4437657600"><tag k="highway" v="crossing" /></node><node lon="-3.7245667" changeset="1" visible="true" lat="40.4319225" uid="1" user="OSMnx" timestamp="2026-07-27T19:03:01Z" version="1" id="4456608447"><tag k="highway" v="give_way" /></node><node lon="-3.7150291" changeset="1" visible="true" lat="40.4291082" uid="1" user="OSMnx" timestamp="2026-07-27T19:03:01Z" version="1" id="4500945119" /><node lon="-3.7191206" changeset="1" visible="true" lat="40.4324515" uid="1" user="OSMnx" timestamp="2026-07-27T19:03:01Z" version="1" id="4757946968"><tag k="highway" v="crossing" /></node><node lon="-3.7176352" changeset="1" visible="true" lat="40.4322785" uid="1" user="OSMnx" timestamp="2026-07-27T19:03:01Z" version="1" id="4757946972"><tag k="highway" v="crossing" /></node><node lon="-3.7203928" changeset="1" visible="true" lat="40.4345832" uid="1" user="OSMnx" timestamp="2026-07-27T19:03:01Z" version="1" id="5005343788" /><node lon="-3.7207949" changeset="1" visible="true" lat="40.4344111" uid="1" user="OSMnx" timestamp="2026-07-27T19:03:01Z" version="1" id="5005343789" /><node lon="-3.7210976" changeset="1" visible="true" lat="40.4342815" uid="1" user="OSMnx" timestamp="2026-07-27T19:03:01Z" version="1" id="5005343790" /><node lon="-3.7191876" changeset="1" visible="true" lat="40.4344678" uid="1" user="OSMnx" timestamp="2026-07-27T19:03:01Z" version="1" id="5006352946"><tag k="ref" v="740" /></node><node lon="-3.72136" changeset="1" visible="true" lat="40.4341691" uid="1" user="OSMnx" timestamp="2026-07-27T19:03:01Z" version="1" id="5006352965" /><node lon="-3.7110046" changeset="1" visible="true" lat="40.4233232" uid="1" user="OSMnx" timestamp="2026-07-27T19:03:01Z" version="1" id="5243353538" /><node lon="-3.7110903" changeset="1" visible="true" lat="40.4234677" uid="1" user="OSMnx" timestamp="2026-07-27T19:03:01Z" version="1" id="5268725083" /><node lon="-3.7111133" changeset="1" visible="true" lat="40.4233623" uid="1" user="OSMnx" timestamp="2026-07-27T19:03:01Z" version="1" id="5268725084" /><node lon="-3.7111092" changeset="1" visible="true" lat="40.4235168" uid="1" user="OSMnx" timestamp="2026-07-27T19:03:01Z" version="1" id="5268725087" /><node lon="-3.7109329" changeset="1" visible="true" lat="40.4233967" uid="1" user="OSMnx" timestamp="2026-07-27T19:03:01Z" version="1" id="5268725088" /><node lon="-3.7174425" changeset="1" visible="true" lat="40.4302969" uid="1" user="OSMnx" timestamp="2026-07-27T19:03:01Z" version="1" id="5273358099"><tag k="highway" v="traffic_signals" /></node><node lon="-3.717339" changeset="1" visible="true" lat="40.4303307" uid="1" user="OSMnx" timestamp="2026-07-27T19:03:01Z" version="1" id="5273361954"><tag k="highway" v="crossing" /></node><node lon="-3.7172968" changeset="1" visible="true" lat="40.4302416" uid="1" user="OSMnx" timestamp="2026-07-27T19:03:01Z" version="1" id="5273361955"><tag k="highway" v="crossing" /></node><node lon="-3.7109704" changeset="1" visible="true" lat="40.4234203" uid="1" user="OSMnx" timestamp="2026-07-27T19:03:01Z" version="1" id="5342725027" /><node lon="-3.7109835" changeset="1" visible="true" lat="40.4233722" uid="1" user="OSMnx" timestamp="2026-07-27T19:03:01Z" version="1" id="5342725028" /><node lon="-3.7108575" changeset="1" visible="true" lat="40.4233611" uid="1" user="OSMnx" timestamp="2026-07-27T19:03:01Z" version="1" id="5350038440" /><node lon="-3.7172585" changeset="1" visible="true" lat="40.4321197" uid="1" user="OSMnx" timestamp="2026-07-27T19:03:01Z" version="1" id="5385239919" /><node lon="-3.7157143" changeset="1" visible="true" lat="40.42995" uid="1" user="OSMnx" timestamp="2026-07-27T19:03:01Z" version="1" id="5385239920" /><node lon="-3.7145938" changeset="1" visible="true" lat="40.4284183" uid="1" user="OSMnx" timestamp="2026-07-27T19:03:01Z" version="1" id="5385241321" /><node lon="-3.7129099" changeset="1" visible="true" lat="40.4260475" uid="1" user="OSMnx" timestamp="2026-07-27T19:03:01Z" version="1" id="5385241322" /><node lon="-3.7118985" changeset="1" visible="true" lat="40.4246636" uid="1" user="OSMnx" timestamp="2026-07-27T19:03:01Z" version="1" id="5385241323" /><node lon="-3.712972" changeset="1" visible="true" lat="40.4259517" uid="1" user="OSMnx" timestamp="2026-07-27T19:03:01Z" version="1" id="5385241356" /><node lon="-3.7143496" changeset="1" visible="true" lat="40.4279015" uid="1" user="OSMnx" timestamp="2026-07-27T19:03:01Z" version="1" id="5385241357" /><node lon="-3.7159148" changeset="1" visible="true" lat="40.4300458" uid="1" user="OSMnx" timestamp="2026-07-27T19:03:01Z" version="1" id="5385241358" /><node lon="-3.7173281" changeset="1" visible="true" lat="40.4320374" uid="1" user="OSMnx" timestamp="2026-07-27T19:03:01Z" version="1" id="5385241359" /><node lon="-3.7111761" changeset="1" visible="true" lat="40.4235629" uid="1" user="OSMnx" timestamp="2026-07-27T19:03:01Z" version="1" id="5559534844"><tag k="highway" v="traffic_signals" /></node><node lon="-3.711029" changeset="1" visible="true" lat="40.4234546" uid="1" user="OSMnx" timestamp="2026-07-27T19:03:01Z" version="1" id="5559534846" /><node lon="-3.7110801" changeset="1" visible="true" lat="40.4234451" uid="1" user="OSMnx" timestamp="2026-07-27T19:03:01Z" version="1" id="5559534847" /><node lon="-3.7117909" changeset="1" visible="true" lat="40.4229791" uid="1" user="OSMnx" timestamp="2026-07-27T19:03:01Z" version="1" id="5970484993"><tag k="ref" v="854" /></node><node lon="-3.7110246" changeset="1" visible="true" lat="40.4232958" uid="1" user="OSMnx" timestamp="2026-07-27T19:03:01Z" version="1" id="6109357402" /><node lon="-3.7203711" changeset="1" visible="true" lat="40.4320189" uid="1" user="OSMnx" timestamp="2026-07-27T19:03:01Z" version="1" id="6981674370"><tag k="highway" v="crossing" /></node><node lon="-3.7202025" changeset="1" visible="true" lat="40.4320075" uid="1" user="OSMnx" timestamp="2026-07-27T19:03:01Z" version="1" id="6981674371"><tag k="highway" v="crossing" /></node><node lon="-3.7170544" changeset="1" visible="true" lat="40.4318464" uid="1" user="OSMnx" timestamp="2026-07-27T19:03:01Z" version="1" id="6981674372"><tag k="highway" v="traffic_signals" /></node><node lon="-3.7151968" changeset="1" visible="true" lat="40.4291209" uid="1" user="OSMnx" timestamp="2026-07-27T19:03:01Z" version="1" id="6981674375" /><node lon="-3.71495" changeset="1" visible="true" lat="40.4235504" uid="1" user="OSMnx" timestamp="2026-07-27T19:03:01Z" version="1" id="7126146744"><tag k="highway" v="crossing" /></node><node lon="-3.7161376" changeset="1" visible="true" lat="40.4246169" uid="1" user="OSMnx" timestamp="2026-07-27T19:03:01Z" version="1" id="7126146745" /><node lon="-3.714138" changeset="1" visible="true" lat="40.423103" uid="1" user="OSMnx" timestamp="2026-07-27T19:03:01Z" version="1" id="7126146758" /><node lon="-3.7192214" changeset="1" visible="true" lat="40.4263423" uid="1" user="OSMnx" timestamp="2026-07-27T19:03:01Z" version="1" id="7140036350" /><node lon="-3.7168648" changeset="1" visible="true" lat="40.4251891" uid="1" user="OSMnx" timestamp="2026-07-27T19:03:01Z" version="1" id="7140036355" /><node lon="-3.7167722" changeset="1" visible="true" lat="40.4253431" uid="1" user="OSMnx" timestamp="2026-07-27T19:03:01Z" version="1" id="7140036356" /><node lon="-3.7166566" changeset="1" visible="true" lat="40.4253648" uid="1" user="OSMnx" timestamp="2026-07-27T19:03:01Z" version="1" id="7140036357" /><node lon="-3.7165402" changeset="1" visible="true" lat="40.4252721" uid="1" user="OSMnx" timestamp="2026-07-27T19:03:01Z" version="1" id="7140036358" /><node lon="-3.7166093" changeset="1" visible="true" lat="40.4253405" uid="1" user="OSMnx" timestamp="2026-07-27T19:03:01Z" version="1" id="7140036359" /><node lon="-3.7141592" changeset="1" visible="true" lat="40.4277638" uid="1" user="OSMnx" timestamp="2026-07-27T19:03:01Z" version="1" id="7537445996" /><node lon="-3.714228" changeset="1" visible="true" lat="40.428008" uid="1" user="OSMnx" timestamp="2026-07-27T19:03:01Z" version="1" id="7537445997"><tag k="highway" v="traffic_signals" /></node><node lon="-3.7142622" changeset="1" visible="true" lat="40.4279916" uid="1" user="OSMnx" timestamp="2026-07-27T19:03:01Z" version="1" id="7537445998" /><node lon="-3.7141881" changeset="1" visible="true" lat="40.4277317" uid="1" user="OSMnx" timestamp="2026-07-27T19:03:01Z" version="1" id="7537445999" /><node lon="-3.7132768" changeset="1" visible="true" lat="40.426242" uid="1" user="OSMnx" timestamp="2026-07-27T19:03:01Z" version="1" id="7537446000" /><node lon="-3.7132559" changeset="1" visible="true" lat="40.4263217" uid="1" user="OSMnx" timestamp="2026-07-27T19:03:01Z" version="1" id="7537446001" /><node lon="-3.7132621" changeset="1" visible="true" lat="40.4262829" uid="1" user="OSMnx" timestamp="2026-07-27T19:03:01Z" version="1" id="7537446002" /><node lon="-3.7136597" changeset="1" visible="true" lat="40.4256431" uid="1" user="OSMnx" timestamp="2026-07-27T19:03:01Z" version="1" id="7537446003" /><node lon="-3.7136886" changeset="1" visible="true" lat="40.425657" uid="1" user="OSMnx" timestamp="2026-07-27T19:03:01Z" version="1" id="7537446004" /><node lon="-3.7140581" changeset="1" visible="true" lat="40.425009" uid="1" user="OSMnx" timestamp="2026-07-27T19:03:01Z" version="1" id="7537446005" /><node lon="-3.7140197" changeset="1" visible="true" lat="40.4250033" uid="1" user="OSMnx" timestamp="2026-07-27T19:03:01Z" version="1" id="7537446006" /><node lon="-3.7140404" changeset="1" visible="true" lat="40.4250032" uid="1" user="OSMnx" timestamp="2026-07-27T19:03:01Z" version="1" id="7537446007" /><node lon="-3.7147207" changeset="1" visible="true" lat="40.4237903" uid="1" user="OSMnx" timestamp="2026-07-27T19:03:01Z" version="1" id="7537446010" /><node lon="-3.7148487" changeset="1" visible="true" lat="40.4235073" uid="1" user="OSMnx" timestamp="2026-07-27T19:03:01Z" version="1" id="7555089990" /><node lon="-3.7148328" changeset="1" visible="true" lat="40.4234242" uid="1" user="OSMnx" timestamp="2026-07-27T19:03:01Z" version="1" id="7555089991" /><node lon="-3.7144269" changeset="1" visible="true" lat="40.4242736" uid="1" user="OSMnx" timestamp="2026-07-27T19:03:01Z" version="1" id="7619689676" /><node lon="-3.7143584" changeset="1" visible="true" lat="40.4242589" uid="1" user="OSMnx" timestamp="2026-07-27T19:03:01Z" version="1" id="7619689677" /><node lon="-3.7144272" changeset="1" visible="true" lat="40.4243331" uid="1" user="OSMnx" timestamp="2026-07-27T19:03:01Z" version="1" id="7619689678" /><node lon="-3.7143977" changeset="1" visible="true" lat="40.424274" uid="1" user="OSMnx" timestamp="2026-07-27T19:03:01Z" version="1" id="7619689679" /><node lon="-3.7144188" changeset="1" visible="true" lat="40.4243195" uid="1" user="OSMnx" timestamp="2026-07-27T19:03:01Z" version="1" id="7619689680" /><node lon="-3.7143788" changeset="1" visible="true" lat="40.4242705" uid="1" user="OSMnx" timestamp="2026-07-27T19:03:01Z" version="1" id="7619689681" /><node lon="-3.7136015" changeset="1" visible="true" lat="40.4234386" uid="1" user="OSMnx" timestamp="2026-07-27T19:03:01Z" version="1" id="7619712786" /><node lon="-3.7135834" changeset="1" visible="true" lat="40.4234201" uid="1" user="OSMnx" timestamp="2026-07-27T19:03:01Z" version="1" id="7619712787" /><node lon="-3.7141667" changeset="1" visible="true" lat="40.423088" uid="1" user="OSMnx" timestamp="2026-07-27T19:03:01Z" version="1" id="7619712789" /><node lon="-3.7142436" changeset="1" visible="true" lat="40.4230736" uid="1" user="OSMnx" timestamp="2026-07-27T19:03:01Z" version="1" id="7619712790" /><node lon="-3.714264" changeset="1" visible="true" lat="40.4230827" uid="1" user="OSMnx" timestamp="2026-07-27T19:03:01Z" version="1" id="7619712791" /><node lon="-3.7142821" changeset="1" visible="true" lat="40.4230968" uid="1" user="OSMnx" timestamp="2026-07-27T19:03:01Z" version="1" id="7619712792" /><node lon="-3.7143267" changeset="1" visible="true" lat="40.4231392" uid="1" user="OSMnx" timestamp="2026-07-27T19:03:01Z" version="1" id="7619712793" /><node lon="-3.7142202" changeset="1" visible="true" lat="40.42307" uid="1" user="OSMnx" timestamp="2026-07-27T19:03:01Z" version="1" id="7619712795" /><node lon="-3.714824" changeset="1" visible="true" lat="40.4236263" uid="1" user="OSMnx" timestamp="2026-07-27T19:03:01Z" version="1" id="7619712797" /><node lon="-3.7186948" changeset="1" visible="true" lat="40.4338689" uid="1" user="OSMnx" timestamp="2026-07-27T19:03:01Z" version="1" id="7859244870" /><node lon="-3.7131321" changeset="1" visible="true" lat="40.4263748" uid="1" user="OSMnx" timestamp="2026-07-27T19:03:01Z" version="1" id="7930651356" /><node lon="-3.7131566" changeset="1" visible="true" lat="40.4264254" uid="1" user="OSMnx" timestamp="2026-07-27T19:03:01Z" version="1" id="7930651357" /><node lon="-3.7131601" changeset="1" visible="true" lat="40.4264732" uid="1" user="OSMnx" timestamp="2026-07-27T19:03:01Z" version="1" id="7930651358" /><node lon="-3.713005" changeset="1" visible="true" lat="40.4265642" uid="1" user="OSMnx" timestamp="2026-07-27T19:03:01Z" version="1" id="7930651361" /><node lon="-3.7131839" changeset="1" visible="true" lat="40.4264264" uid="1" user="OSMnx" timestamp="2026-07-27T19:03:01Z" version="1" id="7930651364" /><node lon="-3.7132164" changeset="1" visible="true" lat="40.4268084" uid="1" user="OSMnx" timestamp="2026-07-27T19:03:01Z" version="1" id="7934347506" /><node lon="-3.7132904" changeset="1" visible="true" lat="40.4267856" uid="1" user="OSMnx" timestamp="2026-07-27T19:03:01Z" version="1" id="7934347509"><tag k="highway" v="crossing" /></node><node lon="-3.7133202" changeset="1" visible="true" lat="40.4267753" uid="1" user="OSMnx" timestamp="2026-07-27T19:03:01Z" version="1" id="7934347510" /><node lon="-3.7134129" changeset="1" visible="true" lat="40.4267534" uid="1" user="OSMnx" timestamp="2026-07-27T19:03:01Z" version="1" id="7934347511" /><node lon="-3.7134523" changeset="1" visible="true" lat="40.4267379" uid="1" user="OSMnx" timestamp="2026-07-27T19:03:01Z" version="1" id="7934347512" /><node lon="-3.7134674" changeset="1" visible="true" lat="40.4267252" uid="1" user="OSMnx" timestamp="2026-07-27T19:03:01Z" version="1" id="7934347513" /><node lon="-3.7134728" changeset="1" visible="true" lat="40.4267101" uid="1" user="OSMnx" timestamp="2026-07-27T19:03:01Z" version="1" id="7934347514" /><node lon="-3.7134807" changeset="1" visible="true" lat="40.4266835" uid="1" user="OSMnx" timestamp="2026-07-27T19:03:01Z" version="1" id="7934347515" /><node lon="-3.7124635" changeset="1" visible="true" lat="40.4252527" uid="1" user="OSMnx" timestamp="2026-07-27T19:03:01Z" version="1" id="7934347520"><tag k="highway" v="crossing" /></node><node lon="-3.7123626" changeset="1" visible="true" lat="40.4252891" uid="1" user="OSMnx" timestamp="2026-07-27T19:03:01Z" version="1" id="7934347521"><tag k="highway" v="crossing" /></node><node lon="-3.7137699" changeset="1" visible="true" lat="40.4270798" uid="1" user="OSMnx" timestamp="2026-07-27T19:03:01Z" version="1" id="7965756605" /><node lon="-3.7161123" changeset="1" visible="true" lat="40.42472" uid="1" user="OSMnx" timestamp="2026-07-27T19:03:01Z" version="1" id="7968363511" /><node lon="-3.7160006" changeset="1" visible="true" lat="40.4246948" uid="1" user="OSMnx" timestamp="2026-07-27T19:03:01Z" version="1" id="7968363512" /><node lon="-3.7149057" changeset="1" visible="true" lat="40.4237448" uid="1" user="OSMnx" timestamp="2026-07-27T19:03:01Z" version="1" id="7968363513" /><node lon="-3.7148403" changeset="1" visible="true" lat="40.4234622" uid="1" user="OSMnx" timestamp="2026-07-27T19:03:01Z" version="1" id="7968363514" /><node lon="-3.7150124" changeset="1" visible="true" lat="40.4238392" uid="1" user="OSMnx" timestamp="2026-07-27T19:03:01Z" version="1" id="7968363515" /><node lon="-3.7147931" changeset="1" visible="true" lat="40.4235445" uid="1" user="OSMnx" timestamp="2026-07-27T19:03:01Z" version="1" id="7968363521" /><node lon="-3.714711" changeset="1" visible="true" lat="40.4232863" uid="1" user="OSMnx" timestamp="2026-07-27T19:03:01Z" version="1" id="7968363523" /><node lon="-3.7132092" changeset="1" visible="true" lat="40.4222723" uid="1" user="OSMnx" timestamp="2026-07-27T19:03:01Z" version="1" id="7968363528" /><node lon="-3.7136353" changeset="1" visible="true" lat="40.4225486" uid="1" user="OSMnx" timestamp="2026-07-27T19:03:01Z" version="1" id="7968363529" /><node lon="-3.7133771" changeset="1" visible="true" lat="40.4220863" uid="1" user="OSMnx" timestamp="2026-07-27T19:03:01Z" version="1" id="7968363532" /><node lon="-3.7132808" changeset="1" visible="true" lat="40.4219534" uid="1" user="OSMnx" timestamp="2026-07-27T19:03:01Z" version="1" id="7968363533" /><node lon="-3.7132794" changeset="1" visible="true" lat="40.4219365" uid="1" user="OSMnx" timestamp="2026-07-27T19:03:01Z" version="1" id="7968363534" /><node lon="-3.7132882" changeset="1" visible="true" lat="40.4219089" uid="1" user="OSMnx" timestamp="2026-07-27T19:03:01Z" version="1" id="7968363535" /><node lon="-3.7133187" changeset="1" visible="true" lat="40.4220208" uid="1" user="OSMnx" timestamp="2026-07-27T19:03:01Z" version="1" id="7968363536" /><node lon="-3.7135319" changeset="1" visible="true" lat="40.4222236" uid="1" user="OSMnx" timestamp="2026-07-27T19:03:01Z" version="1" id="7968363537" /><node lon="-3.7136782" changeset="1" visible="true" lat="40.4223409" uid="1" user="OSMnx" timestamp="2026-07-27T19:03:01Z" version="1" id="7968363538" /><node lon="-3.7142945" changeset="1" visible="true" lat="40.4228884" uid="1" user="OSMnx" timestamp="2026-07-27T19:03:01Z" version="1" id="7987655992" /><node lon="-3.7151533" changeset="1" visible="true" lat="40.4239775" uid="1" user="OSMnx" timestamp="2026-07-27T19:03:01Z" version="1" id="7991188275" /><node lon="-3.7152375" changeset="1" visible="true" lat="40.4238046" uid="1" user="OSMnx" timestamp="2026-07-27T19:03:01Z" version="1" id="7991188276" /><node lon="-3.7152809" changeset="1" visible="true" lat="40.4238536" uid="1" user="OSMnx" timestamp="2026-07-27T19:03:01Z" version="1" id="7991193694" /><node lon="-3.7154293" changeset="1" visible="true" lat="40.4242027" uid="1" user="OSMnx" timestamp="2026-07-27T19:03:01Z" version="1" id="7991193695" /><node lon="-3.7158752" changeset="1" visible="true" lat="40.424676" uid="1" user="OSMnx" timestamp="2026-07-27T19:03:01Z" version="1" id="8325971338"><tag k="highway" v="traffic_signals" /></node><node lon="-3.7138555" changeset="1" visible="true" lat="40.4271072" uid="1" user="OSMnx" timestamp="2026-07-27T19:03:01Z" version="1" id="8428817433" /><node lon="-3.7115709" changeset="1" visible="true" lat="40.4240434" uid="1" user="OSMnx" timestamp="2026-07-27T19:03:01Z" version="1" id="8430090471" /><node lon="-3.7189705" changeset="1" visible="true" lat="40.4345114" uid="1" user="OSMnx" timestamp="2026-07-27T19:03:01Z" version="1" id="8430090473" /><node lon="-3.7144575" changeset="1" visible="true" lat="40.4282313" uid="1" user="OSMnx" timestamp="2026-07-27T19:03:01Z" version="1" id="8430090474" /><node lon="-3.7158755" changeset="1" visible="true" lat="40.4301719" uid="1" user="OSMnx" timestamp="2026-07-27T19:03:01Z" version="1" id="8430090475" /><node lon="-3.7157611" changeset="1" visible="true" lat="40.4264343" uid="1" user="OSMnx" timestamp="2026-07-27T19:03:01Z" version="1" id="8440879523" /><node lon="-3.7188231" changeset="1" visible="true" lat="40.4259262" uid="1" user="OSMnx" timestamp="2026-07-27T19:03:01Z" version="1" id="8440879525" /><node lon="-3.7234994" changeset="1" visible="true" lat="40.4323709" uid="1" user="OSMnx" timestamp="2026-07-27T19:03:01Z" version="1" id="8440879527" /><node lon="-3.7237039" changeset="1" visible="true" lat="40.4322857" uid="1" user="OSMnx" timestamp="2026-07-27T19:03:01Z" version="1" id="8440879528" /><node lon="-3.7218197" changeset="1" visible="true" lat="40.4307949" uid="1" user="OSMnx" timestamp="2026-07-27T19:03:01Z" version="1" id="8440879529" /><node lon="-3.7200364" changeset="1" visible="true" lat="40.4289674" uid="1" user="OSMnx" timestamp="2026-07-27T19:03:01Z" version="1" id="8440879530" /><node lon="-3.7226125" changeset="1" visible="true" lat="40.4310814" uid="1" user="OSMnx" timestamp="2026-07-27T19:03:01Z" version="1" id="8447103714" /><node lon="-3.7197" changeset="1" visible="true" lat="40.429575" uid="1" user="OSMnx" timestamp="2026-07-27T19:03:01Z" version="1" id="8447103715" /><node lon="-3.7186351" changeset="1" visible="true" lat="40.4298031" uid="1" user="OSMnx" timestamp="2026-07-27T19:03:01Z" version="1" id="8447121533" /><node lon="-3.7210389" changeset="1" visible="true" lat="40.4290246" uid="1" user="OSMnx" timestamp="2026-07-27T19:03:01Z" version="1" id="8447121534" /><node lon="-3.718634" changeset="1" visible="true" lat="40.4275222" uid="1" user="OSMnx" timestamp="2026-07-27T19:03:01Z" version="1" id="8473661003" /><node lon="-3.7139039" changeset="1" visible="true" lat="40.4274282" uid="1" user="OSMnx" timestamp="2026-07-27T19:03:01Z" version="1" id="8577075124" /><node lon="-3.7174518" changeset="1" visible="true" lat="40.4323739" uid="1" user="OSMnx" timestamp="2026-07-27T19:03:01Z" version="1" id="8577075129" /><node lon="-3.7186433" changeset="1" visible="true" lat="40.4340477" uid="1" user="OSMnx" timestamp="2026-07-27T19:03:01Z" version="1" id="8577075130" /><node lon="-3.7166877" changeset="1" visible="true" lat="40.4293644" uid="1" user="OSMnx" timestamp="2026-07-27T19:03:01Z" version="1" id="8646829050"><tag k="highway" v="crossing" /></node><node lon="-3.7154553" changeset="1" visible="true" lat="40.4266051" uid="1" user="OSMnx" timestamp="2026-07-27T19:03:01Z" version="1" id="8715771071"><tag k="highway" v="crossing" /></node><node lon="-3.7154753" changeset="1" visible="true" lat="40.4266288" uid="1" user="OSMnx" timestamp="2026-07-27T19:03:01Z" version="1" id="8715771072"><tag k="highway" v="give_way" /></node><node lon="-3.7128473" changeset="1" visible="true" lat="40.4221658" uid="1" user="OSMnx" timestamp="2026-07-27T19:03:01Z" version="1" id="9281757109" /><node lon="-3.7136906" changeset="1" visible="true" lat="40.4233605" uid="1" user="OSMnx" timestamp="2026-07-27T19:03:01Z" version="1" id="9281775202" /><node lon="-3.7135409" changeset="1" visible="true" lat="40.4234444" uid="1" user="OSMnx" timestamp="2026-07-27T19:03:01Z" version="1" id="9300514868" /><node lon="-3.7130604" changeset="1" visible="true" lat="40.4237116" uid="1" user="OSMnx" timestamp="2026-07-27T19:03:01Z" version="1" id="9306444660" /><node lon="-3.7116484" changeset="1" visible="true" lat="40.4243127" uid="1" user="OSMnx" timestamp="2026-07-27T19:03:01Z" version="1" id="9306444673"><tag k="highway" v="crossing" /></node><node lon="-3.7117413" changeset="1" visible="true" lat="40.424272" uid="1" user="OSMnx" timestamp="2026-07-27T19:03:01Z" version="1" id="9306444674"><tag k="highway" v="crossing" /></node><node lon="-3.7116953" changeset="1" visible="true" lat="40.4242109" uid="1" user="OSMnx" timestamp="2026-07-27T19:03:01Z" version="1" id="9306444675"><tag k="highway" v="crossing" /></node><node lon="-3.7149098" changeset="1" visible="true" lat="40.4235133" uid="1" user="OSMnx" timestamp="2026-07-27T19:03:01Z" version="1" id="9306444689" /><node lon="-3.7148655" changeset="1" visible="true" lat="40.4237023" uid="1" user="OSMnx" timestamp="2026-07-27T19:03:01Z" version="1" id="9306444692"><tag k="highway" v="traffic_signals" /></node><node lon="-3.7148423" changeset="1" visible="true" lat="40.4235659" uid="1" user="OSMnx" timestamp="2026-07-27T19:03:01Z" version="1" id="9306444693" /><node lon="-3.7111412" changeset="1" visible="true" lat="40.4231688" uid="1" user="OSMnx" timestamp="2026-07-27T19:03:01Z" version="1" id="9307490304"><tag k="highway" v="crossing" /></node><node lon="-3.712982" changeset="1" visible="true" lat="40.4221609" uid="1" user="OSMnx" timestamp="2026-07-27T19:03:01Z" version="1" id="9307490316" /><node lon="-3.7130446" changeset="1" visible="true" lat="40.4221389" uid="1" user="OSMnx" timestamp="2026-07-27T19:03:01Z" version="1" id="9307495417" /><node lon="-3.7128878" changeset="1" visible="true" lat="40.4220614" uid="1" user="OSMnx" timestamp="2026-07-27T19:03:01Z" version="1" id="9307495418" /><node lon="-3.7128243" changeset="1" visible="true" lat="40.4222278" uid="1" user="OSMnx" timestamp="2026-07-27T19:03:01Z" version="1" id="9307495420" /><node lon="-3.7133877" changeset="1" visible="true" lat="40.4218358" uid="1" user="OSMnx" timestamp="2026-07-27T19:03:01Z" version="1" id="9307495422" /><node lon="-3.7129101" changeset="1" visible="true" lat="40.4221004" uid="1" user="OSMnx" timestamp="2026-07-27T19:03:01Z" version="1" id="9307495426" /><node lon="-3.7127365" changeset="1" visible="true" lat="40.4223907" uid="1" user="OSMnx" timestamp="2026-07-27T19:03:01Z" version="1" id="9307495429" /><node lon="-3.7120417" changeset="1" visible="true" lat="40.4227106" uid="1" user="OSMnx" timestamp="2026-07-27T19:03:01Z" version="1" id="9307495431" /><node lon="-3.711743" changeset="1" visible="true" lat="40.4228774" uid="1" user="OSMnx" timestamp="2026-07-27T19:03:01Z" version="1" id="9307495432" /><node lon="-3.7122956" changeset="1" visible="true" lat="40.4225777" uid="1" user="OSMnx" timestamp="2026-07-27T19:03:01Z" version="1" id="9307495438" /><node lon="-3.7134689" changeset="1" visible="true" lat="40.4221741" uid="1" user="OSMnx" timestamp="2026-07-27T19:03:01Z" version="1" id="9307495443" /><node lon="-3.7132876" changeset="1" visible="true" lat="40.4223192" uid="1" user="OSMnx" timestamp="2026-07-27T19:03:01Z" version="1" id="9307495444" /><node lon="-3.721702" changeset="1" visible="true" lat="40.4288798" uid="1" user="OSMnx" timestamp="2026-07-27T19:03:01Z" version="1" id="9435349738" /><node lon="-3.720807" changeset="1" visible="true" lat="40.4328272" uid="1" user="OSMnx" timestamp="2026-07-27T19:03:01Z" version="1" id="9439650465" /><node lon="-3.718587" changeset="1" visible="true" lat="40.4254724" uid="1" user="OSMnx" timestamp="2026-07-27T19:03:01Z" version="1" id="9483986398" /><node lon="-3.7184023" changeset="1" visible="true" lat="40.4255339" uid="1" user="OSMnx" timestamp="2026-07-27T19:03:01Z" version="1" id="9483986399" /><node lon="-3.7155647" changeset="1" visible="true" lat="40.4241216" uid="1" user="OSMnx" timestamp="2026-07-27T19:03:01Z" version="1" id="10016776542" /><node lon="-3.7130109" changeset="1" visible="true" lat="40.4221587" uid="1" user="OSMnx" timestamp="2026-07-27T19:03:01Z" version="1" id="10016776544" /><node lon="-3.7126701" changeset="1" visible="true" lat="40.4224289" uid="1" user="OSMnx" timestamp="2026-07-27T19:03:01Z" version="1" id="10016776546" /><node lon="-3.7124173" changeset="1" visible="true" lat="40.422537" uid="1" user="OSMnx" timestamp="2026-07-27T19:03:01Z" version="1" id="10016776550" /><node lon="-3.7122072" changeset="1" visible="true" lat="40.4226199" uid="1" user="OSMnx" timestamp="2026-07-27T19:03:01Z" version="1" id="10016776551" /><node lon="-3.7110599" changeset="1" visible="true" lat="40.4234768" uid="1" user="OSMnx" timestamp="2026-07-27T19:03:01Z" version="1" id="10016776552" /><node lon="-3.714858" changeset="1" visible="true" lat="40.4236106" uid="1" user="OSMnx" timestamp="2026-07-27T19:03:01Z" version="1" id="10604931740" /><node lon="-3.7148421" changeset="1" visible="true" lat="40.4236468" uid="1" user="OSMnx" timestamp="2026-07-27T19:03:01Z" version="1" id="10931205596" /><node lon="-3.7159132" changeset="1" visible="true" lat="40.4284176" uid="1" user="OSMnx" timestamp="2026-07-27T19:03:01Z" version="1" id="11237949945"><tag k="highway" v="crossing" /></node><node lon="-3.7194175" changeset="1" visible="true" lat="40.4324268" uid="1" user="OSMnx" timestamp="2026-07-27T19:03:01Z" version="1" id="11279337787" /><node lon="-3.7190209" changeset="1" visible="true" lat="40.4342299" uid="1" user="OSMnx" timestamp="2026-07-27T19:03:01Z" version="1" id="11280466187"><tag k="ref" v="11980" /></node><node lon="-3.7157633" changeset="1" visible="true" lat="40.4245934" uid="1" user="OSMnx" timestamp="2026-07-27T19:03:01Z" version="1" id="11327800846" /><node lon="-3.7162719" changeset="1" visible="true" lat="40.4250687" uid="1" user="OSMnx" timestamp="2026-07-27T19:03:01Z" version="1" id="11327800847" /><node lon="-3.7143992" changeset="1" visible="true" lat="40.4229985" uid="1" user="OSMnx" timestamp="2026-07-27T19:03:01Z" version="1" id="11511962957" /><node lon="-3.7129442" changeset="1" visible="true" lat="40.424588" uid="1" user="OSMnx" timestamp="2026-07-27T19:03:01Z" version="1" id="11765098321" /><node lon="-3.7129831" changeset="1" visible="true" lat="40.4245721" uid="1" user="OSMnx" timestamp="2026-07-27T19:03:01Z" version="1" id="11765098351" /><node lon="-3.7188714" changeset="1" visible="true" lat="40.4340838" uid="1" user="OSMnx" timestamp="2026-07-27T19:03:01Z" version="1" id="11844345284" /><node lon="-3.718882" changeset="1" visible="true" lat="40.4340656" uid="1" user="OSMnx" timestamp="2026-07-27T19:03:01Z" version="1" id="11844345285" /><node lon="-3.7188359" changeset="1" visible="true" lat="40.4340128" uid="1" user="OSMnx" timestamp="2026-07-27T19:03:01Z" version="1" id="11844345286" /><node lon="-3.7187923" changeset="1" visible="true" lat="40.4339645" uid="1" user="OSMnx" timestamp="2026-07-27T19:03:01Z" version="1" id="11844345287" /><node lon="-3.7188358" changeset="1" visible="true" lat="40.4340575" uid="1" user="OSMnx" timestamp="2026-07-27T19:03:01Z" version="1" id="11844345288" /><node lon="-3.7188071" changeset="1" visible="true" lat="40.434042" uid="1" user="OSMnx" timestamp="2026-07-27T19:03:01Z" version="1" id="11844345289" /><node lon="-3.7187717" changeset="1" visible="true" lat="40.4340313" uid="1" user="OSMnx" timestamp="2026-07-27T19:03:01Z" version="1" id="11844345290" /><node lon="-3.7187384" changeset="1" visible="true" lat="40.4340277" uid="1" user="OSMnx" timestamp="2026-07-27T19:03:01Z" version="1" id="11844345291" /><node lon="-3.7187404" changeset="1" visible="true" lat="40.4339116" uid="1" user="OSMnx" timestamp="2026-07-27T19:03:01Z" version="1" id="11844345294" /><node lon="-3.7239483" changeset="1" visible="true" lat="40.4329854" uid="1" user="OSMnx" timestamp="2026-07-27T19:03:01Z" version="1" id="12203620147" /><node lon="-3.7174197" changeset="1" visible="true" lat="40.4262514" uid="1" user="OSMnx" timestamp="2026-07-27T19:03:01Z" version="1" id="12203620148" /><node lon="-3.7183143" changeset="1" visible="true" lat="40.4333973" uid="1" user="OSMnx" timestamp="2026-07-27T19:03:01Z" version="1" id="12354677173" /><node lon="-3.7160332" changeset="1" visible="true" lat="40.4285539" uid="1" user="OSMnx" timestamp="2026-07-27T19:03:01Z" version="1" id="12400147466" /><node lon="-3.7118807" changeset="1" visible="true" lat="40.4243441" uid="1" user="OSMnx" timestamp="2026-07-27T19:03:01Z" version="1" id="12400374724" /><node lon="-3.7142563" changeset="1" visible="true" lat="40.4276754" uid="1" user="OSMnx" timestamp="2026-07-27T19:03:01Z" version="1" id="12400374729" /><node lon="-3.7146718" changeset="1" visible="true" lat="40.4282331" uid="1" user="OSMnx" timestamp="2026-07-27T19:03:01Z" version="1" id="12400374730" /><node lon="-3.7151421" changeset="1" visible="true" lat="40.4288382" uid="1" user="OSMnx" timestamp="2026-07-27T19:03:01Z" version="1" id="12400374732"><tag k="highway" v="traffic_signals" /></node><node lon="-3.7157547" changeset="1" visible="true" lat="40.4296999" uid="1" user="OSMnx" timestamp="2026-07-27T19:03:01Z" version="1" id="12400374733"><tag k="highway" v="give_way" /></node><node lon="-3.7163215" changeset="1" visible="true" lat="40.4305428" uid="1" user="OSMnx" timestamp="2026-07-27T19:03:01Z" version="1" id="12400374736" /><node lon="-3.7163755" changeset="1" visible="true" lat="40.4306378" uid="1" user="OSMnx" timestamp="2026-07-27T19:03:01Z" version="1" id="12400374737" /><node lon="-3.7175876" changeset="1" visible="true" lat="40.4322998" uid="1" user="OSMnx" timestamp="2026-07-27T19:03:01Z" version="1" id="12400374738" /><node lon="-3.7180617" changeset="1" visible="true" lat="40.4329739" uid="1" user="OSMnx" timestamp="2026-07-27T19:03:01Z" version="1" id="12400374739" /><node lon="-3.7239362" changeset="1" visible="true" lat="40.4329717" uid="1" user="OSMnx" timestamp="2026-07-27T19:03:01Z" version="1" id="12400374747" /><node lon="-3.7171053" changeset="1" visible="true" lat="40.4316385" uid="1" user="OSMnx" timestamp="2026-07-27T19:03:01Z" version="1" id="12400374750"><tag k="highway" v="crossing" /></node><node lon="-3.7216146" changeset="1" visible="true" lat="40.433963" uid="1" user="OSMnx" timestamp="2026-07-27T19:03:01Z" version="1" id="12400374752"><tag k="highway" v="crossing" /></node><node lon="-3.7116548" changeset="1" visible="true" lat="40.4244236" uid="1" user="OSMnx" timestamp="2026-07-27T19:03:01Z" version="1" id="12400374754" /><node lon="-3.7138782" changeset="1" visible="true" lat="40.4274624" uid="1" user="OSMnx" timestamp="2026-07-27T19:03:01Z" version="1" id="12400374757" /><node lon="-3.7149124" changeset="1" visible="true" lat="40.428971" uid="1" user="OSMnx" timestamp="2026-07-27T19:03:01Z" version="1" id="12400374758" /><node lon="-3.7150682" changeset="1" visible="true" lat="40.4291155" uid="1" user="OSMnx" timestamp="2026-07-27T19:03:01Z" version="1" id="12400374760" /><node lon="-3.7160735" changeset="1" visible="true" lat="40.4305616" uid="1" user="OSMnx" timestamp="2026-07-27T19:03:01Z" version="1" id="12400374761" /><node lon="-3.7161133" changeset="1" visible="true" lat="40.4306609" uid="1" user="OSMnx" timestamp="2026-07-27T19:03:01Z" version="1" id="12400374762" /><node lon="-3.716904" changeset="1" visible="true" lat="40.4316715" uid="1" user="OSMnx" timestamp="2026-07-27T19:03:01Z" version="1" id="12400374807"><tag k="highway" v="crossing" /></node><node lon="-3.7170866" changeset="1" visible="true" lat="40.431924" uid="1" user="OSMnx" timestamp="2026-07-27T19:03:01Z" version="1" id="12400374808"><tag k="highway" v="crossing" /></node><node lon="-3.7178842" changeset="1" visible="true" lat="40.4330338" uid="1" user="OSMnx" timestamp="2026-07-27T19:03:01Z" version="1" id="12400374810"><tag k="highway" v="crossing" /></node><node lon="-3.7186045" changeset="1" visible="true" lat="40.4340624" uid="1" user="OSMnx" timestamp="2026-07-27T19:03:01Z" version="1" id="12400374812"><tag k="highway" v="crossing" /></node><node lon="-3.7187" changeset="1" visible="true" lat="40.4341988" uid="1" user="OSMnx" timestamp="2026-07-27T19:03:01Z" version="1" id="12400374813"><tag k="highway" v="crossing" /></node><node lon="-3.7125197" changeset="1" visible="true" lat="40.4225616" uid="1" user="OSMnx" timestamp="2026-07-27T19:03:01Z" version="1" id="12410331095" /><node lon="-3.712318" changeset="1" visible="true" lat="40.4226629" uid="1" user="OSMnx" timestamp="2026-07-27T19:03:01Z" version="1" id="12410331096" /><node lon="-3.711079" changeset="1" visible="true" lat="40.4234088" uid="1" user="OSMnx" timestamp="2026-07-27T19:03:01Z" version="1" id="12410331097" /><node lon="-3.7114352" changeset="1" visible="true" lat="40.4231841" uid="1" user="OSMnx" timestamp="2026-07-27T19:03:01Z" version="1" id="12410331098" /><node lon="-3.7108128" changeset="1" visible="true" lat="40.4233932" uid="1" user="OSMnx" timestamp="2026-07-27T19:03:01Z" version="1" id="12410331099" /><node lon="-3.7119077" changeset="1" visible="true" lat="40.4243328" uid="1" user="OSMnx" timestamp="2026-07-27T19:03:01Z" version="1" id="12410343602"><tag k="highway" v="crossing" /></node><node lon="-3.7109748" changeset="1" visible="true" lat="40.4235046" uid="1" user="OSMnx" timestamp="2026-07-27T19:03:01Z" version="1" id="12410357014" /><node lon="-3.7184669" changeset="1" visible="true" lat="40.4338037" uid="1" user="OSMnx" timestamp="2026-07-27T19:03:01Z" version="1" id="12674385036" /><node lon="-3.7154186" changeset="1" visible="true" lat="40.4292965" uid="1" user="OSMnx" timestamp="2026-07-27T19:03:01Z" version="1" id="12674385037" /><node lon="-3.7116888" changeset="1" visible="true" lat="40.4243687" uid="1" user="OSMnx" timestamp="2026-07-27T19:03:01Z" version="1" id="12674385038" /><node lon="-3.7192833" changeset="1" visible="true" lat="40.4295206" uid="1" user="OSMnx" timestamp="2026-07-27T19:03:01Z" version="1" id="12828583143"><tag k="highway" v="crossing" /></node><node lon="-3.713187" changeset="1" visible="true" lat="40.4268099" uid="1" user="OSMnx" timestamp="2026-07-27T19:03:01Z" version="1" id="12840937955" /><node lon="-3.7189797" changeset="1" visible="true" lat="40.4342064" uid="1" user="OSMnx" timestamp="2026-07-27T19:03:01Z" version="1" id="12845246727" /><node lon="-3.7189914" changeset="1" visible="true" lat="40.4342188" uid="1" user="OSMnx" timestamp="2026-07-27T19:03:01Z" version="1" id="12845246728" /><node lon="-3.7197723" changeset="1" visible="true" lat="40.4348488" uid="1" user="OSMnx" timestamp="2026-07-27T19:03:01Z" version="1" id="13027284300" /><node lon="-3.7217295" changeset="1" visible="true" lat="40.4288742" uid="1" user="OSMnx" timestamp="2026-07-27T19:03:01Z" version="1" id="13027387100"><tag k="highway" v="crossing" /></node><node lon="-3.71836" changeset="1" visible="true" lat="40.4254733" uid="1" user="OSMnx" timestamp="2026-07-27T19:03:01Z" version="1" id="13027416608"><tag k="highway" v="crossing" /></node><node lon="-3.7170775" changeset="1" visible="true" lat="40.4252299" uid="1" user="OSMnx" timestamp="2026-07-27T19:03:01Z" version="1" id="13027416609" /><node lon="-3.7216421" changeset="1" visible="true" lat="40.4340049" uid="1" user="OSMnx" timestamp="2026-07-27T19:03:01Z" version="1" id="13027418001"><tag k="highway" v="crossing" /></node><node lon="-3.7239762" changeset="1" visible="true" lat="40.433017" uid="1" user="OSMnx" timestamp="2026-07-27T19:03:01Z" version="1" id="13027418003" /><node lon="-3.7197942" changeset="1" visible="true" lat="40.426924" uid="1" user="OSMnx" timestamp="2026-07-27T19:03:01Z" version="1" id="13076727639"><tag k="highway" v="traffic_signals" /></node><node lon="-3.7204864" changeset="1" visible="true" lat="40.4276385" uid="1" user="OSMnx" timestamp="2026-07-27T19:03:01Z" version="1" id="13076727640" /><node lon="-3.720561" changeset="1" visible="true" lat="40.4277117" uid="1" user="OSMnx" timestamp="2026-07-27T19:03:01Z" version="1" id="13076727641"><tag k="highway" v="crossing" /></node><node lon="-3.7215619" changeset="1" visible="true" lat="40.4287463" uid="1" user="OSMnx" timestamp="2026-07-27T19:03:01Z" version="1" id="13076727642"><tag k="highway" v="traffic_signals" /></node><node lon="-3.7218544" changeset="1" visible="true" lat="40.4290527" uid="1" user="OSMnx" timestamp="2026-07-27T19:03:01Z" version="1" id="13076727643"><tag k="highway" v="traffic_signals" /></node><node lon="-3.7222651" changeset="1" visible="true" lat="40.4294773" uid="1" user="OSMnx" timestamp="2026-07-27T19:03:01Z" version="1" id="13076727645" /><node lon="-3.722344" changeset="1" visible="true" lat="40.4295591" uid="1" user="OSMnx" timestamp="2026-07-27T19:03:01Z" version="1" id="13076727647" /><node lon="-3.7227135" changeset="1" visible="true" lat="40.4299429" uid="1" user="OSMnx" timestamp="2026-07-27T19:03:01Z" version="1" id="13076727648" /><node lon="-3.7227982" changeset="1" visible="true" lat="40.4300274" uid="1" user="OSMnx" timestamp="2026-07-27T19:03:01Z" version="1" id="13076727650" /><node lon="-3.7228417" changeset="1" visible="true" lat="40.4300712" uid="1" user="OSMnx" timestamp="2026-07-27T19:03:01Z" version="1" id="13076727651" /><node lon="-3.7233579" changeset="1" visible="true" lat="40.4306107" uid="1" user="OSMnx" timestamp="2026-07-27T19:03:01Z" version="1" id="13076727652" /><node lon="-3.7234681" changeset="1" visible="true" lat="40.4307278" uid="1" user="OSMnx" timestamp="2026-07-27T19:03:01Z" version="1" id="13076727653" /><node lon="-3.7235226" changeset="1" visible="true" lat="40.430783" uid="1" user="OSMnx" timestamp="2026-07-27T19:03:01Z" version="1" id="13076727654"><tag k="highway" v="traffic_signals" /></node><node lon="-3.7240494" changeset="1" visible="true" lat="40.4313261" uid="1" user="OSMnx" timestamp="2026-07-27T19:03:01Z" version="1" id="13076727655" /><node lon="-3.7241007" changeset="1" visible="true" lat="40.4313788" uid="1" user="OSMnx" timestamp="2026-07-27T19:03:01Z" version="1" id="13076727656"><tag k="highway" v="traffic_signals" /></node><node lon="-3.7245255" changeset="1" visible="true" lat="40.4318104" uid="1" user="OSMnx" timestamp="2026-07-27T19:03:01Z" version="1" id="13076727657"><tag k="highway" v="crossing" /></node><node lon="-3.7246083" changeset="1" visible="true" lat="40.4319069" uid="1" user="OSMnx" timestamp="2026-07-27T19:03:01Z" version="1" id="13076727658" /><node lon="-3.7250983" changeset="1" visible="true" lat="40.4324232" uid="1" user="OSMnx" timestamp="2026-07-27T19:03:01Z" version="1" id="13076727659" /><node lon="-3.725143" changeset="1" visible="true" lat="40.4324905" uid="1" user="OSMnx" timestamp="2026-07-27T19:03:01Z" version="1" id="13076727660" /><node lon="-3.7251248" changeset="1" visible="true" lat="40.4325693" uid="1" user="OSMnx" timestamp="2026-07-27T19:03:01Z" version="1" id="13076727661" /><node lon="-3.7250426" changeset="1" visible="true" lat="40.4326095" uid="1" user="OSMnx" timestamp="2026-07-27T19:03:01Z" version="1" id="13076727662"><tag k="highway" v="crossing" /></node><node lon="-3.7239922" changeset="1" visible="true" lat="40.4330362" uid="1" user="OSMnx" timestamp="2026-07-27T19:03:01Z" version="1" id="13076727663" /><node lon="-3.7235764" changeset="1" visible="true" lat="40.4332174" uid="1" user="OSMnx" timestamp="2026-07-27T19:03:01Z" version="1" id="13076727664" /><node lon="-3.7207931" changeset="1" visible="true" lat="40.4328077" uid="1" user="OSMnx" timestamp="2026-07-27T19:03:01Z" version="1" id="13076727688" /><node lon="-3.7207533" changeset="1" visible="true" lat="40.4327517" uid="1" user="OSMnx" timestamp="2026-07-27T19:03:01Z" version="1" id="13076727689" /><node lon="-3.7206595" changeset="1" visible="true" lat="40.4326199" uid="1" user="OSMnx" timestamp="2026-07-27T19:03:01Z" version="1" id="13076727690" /><node lon="-3.7204545" changeset="1" visible="true" lat="40.4323286" uid="1" user="OSMnx" timestamp="2026-07-27T19:03:01Z" version="1" id="13076727691" /><node lon="-3.7203125" changeset="1" visible="true" lat="40.4321281" uid="1" user="OSMnx" timestamp="2026-07-27T19:03:01Z" version="1" id="13076727692"><tag k="highway" v="crossing" /></node><node lon="-3.714764" changeset="1" visible="true" lat="40.4237267" uid="1" user="OSMnx" timestamp="2026-07-27T19:03:01Z" version="1" id="13423404198"><tag k="highway" v="traffic_signals" /></node><node lon="-3.7194812" changeset="1" visible="true" lat="40.4295275" uid="1" user="OSMnx" timestamp="2026-07-27T19:03:01Z" version="1" id="13448660818"><tag k="highway" v="crossing" /></node><node lon="-3.7195393" changeset="1" visible="true" lat="40.4296231" uid="1" user="OSMnx" timestamp="2026-07-27T19:03:01Z" version="1" id="13448660819"><tag k="highway" v="crossing" /></node><node lon="-3.7194682" changeset="1" visible="true" lat="40.4296849" uid="1" user="OSMnx" timestamp="2026-07-27T19:03:01Z" version="1" id="13448660822"><tag k="highway" v="stop" /></node><node lon="-3.7131365" changeset="1" visible="true" lat="40.4264937" uid="1" user="OSMnx" timestamp="2026-07-27T19:03:01Z" version="1" id="13619179683"><tag k="highway" v="traffic_signals" /></node><node lon="-3.7132534" changeset="1" visible="true" lat="40.426797" uid="1" user="OSMnx" timestamp="2026-07-27T19:03:01Z" version="1" id="13619179684"><tag k="highway" v="traffic_signals" /></node><node lon="-3.7136104" changeset="1" visible="true" lat="40.4268692" uid="1" user="OSMnx" timestamp="2026-07-27T19:03:01Z" version="1" id="13619179685"><tag k="highway" v="traffic_signals" /></node><node lon="-3.7134422" changeset="1" visible="true" lat="40.4267986" uid="1" user="OSMnx" timestamp="2026-07-27T19:03:01Z" version="1" id="13619179686"><tag k="highway" v="traffic_signals" /></node><node lon="-3.7138241" changeset="1" visible="true" lat="40.4275435" uid="1" user="OSMnx" timestamp="2026-07-27T19:03:01Z" version="1" id="13619179687"><tag k="highway" v="crossing" /></node><node lon="-3.7142963" changeset="1" visible="true" lat="40.4276455" uid="1" user="OSMnx" timestamp="2026-07-27T19:03:01Z" version="1" id="13619179688"><tag k="highway" v="crossing" /></node><node lon="-3.7143048" changeset="1" visible="true" lat="40.4280192" uid="1" user="OSMnx" timestamp="2026-07-27T19:03:01Z" version="1" id="13619179689"><tag k="highway" v="traffic_signals" /></node><node lon="-3.7146995" changeset="1" visible="true" lat="40.4282164" uid="1" user="OSMnx" timestamp="2026-07-27T19:03:01Z" version="1" id="13619179690"><tag k="highway" v="crossing" /></node><node lon="-3.7152182" changeset="1" visible="true" lat="40.4290144" uid="1" user="OSMnx" timestamp="2026-07-27T19:03:01Z" version="1" id="13619179691"><tag k="highway" v="traffic_signals" /></node><node lon="-3.7150184" changeset="1" visible="true" lat="40.429009" uid="1" user="OSMnx" timestamp="2026-07-27T19:03:01Z" version="1" id="13619179692"><tag k="highway" v="traffic_signals" /></node><node lon="-3.7148704" changeset="1" visible="true" lat="40.4290233" uid="1" user="OSMnx" timestamp="2026-07-27T19:03:01Z" version="1" id="13619179693"><tag k="highway" v="traffic_signals" /></node><node lon="-3.7149194" changeset="1" visible="true" lat="40.429113" uid="1" user="OSMnx" timestamp="2026-07-27T19:03:01Z" version="1" id="13619179694"><tag k="highway" v="traffic_signals" /></node><node lon="-3.7160074" changeset="1" visible="true" lat="40.4303523" uid="1" user="OSMnx" timestamp="2026-07-27T19:03:01Z" version="1" id="13619179695"><tag k="highway" v="traffic_signals" /></node><node lon="-3.716137" changeset="1" visible="true" lat="40.4303677" uid="1" user="OSMnx" timestamp="2026-07-27T19:03:01Z" version="1" id="13619179696"><tag k="highway" v="traffic_signals" /></node><node lon="-3.7164898" changeset="1" visible="true" lat="40.4305052" uid="1" user="OSMnx" timestamp="2026-07-27T19:03:01Z" version="1" id="13619179697"><tag k="highway" v="traffic_signals" /></node><node lon="-3.7164437" changeset="1" visible="true" lat="40.4306212" uid="1" user="OSMnx" timestamp="2026-07-27T19:03:01Z" version="1" id="13619179698"><tag k="highway" v="traffic_signals" /></node><node lon="-3.7159959" changeset="1" visible="true" lat="40.4305629" uid="1" user="OSMnx" timestamp="2026-07-27T19:03:01Z" version="1" id="13619179699"><tag k="highway" v="traffic_signals" /></node><node lon="-3.7164481" changeset="1" visible="true" lat="40.4308209" uid="1" user="OSMnx" timestamp="2026-07-27T19:03:01Z" version="1" id="13619184401"><tag k="highway" v="traffic_signals" /></node><node lon="-3.7163029" changeset="1" visible="true" lat="40.4308053" uid="1" user="OSMnx" timestamp="2026-07-27T19:03:01Z" version="1" id="13619184402"><tag k="highway" v="traffic_signals" /></node><node lon="-3.7111711" changeset="1" visible="true" lat="40.4231833" uid="1" user="OSMnx" timestamp="2026-07-27T19:03:01Z" version="1" id="13665143705" /><node lon="-3.7110987" changeset="1" visible="true" lat="40.4233758" uid="1" user="OSMnx" timestamp="2026-07-27T19:03:01Z" version="1" id="13665143706" /><node lon="-3.7110863" changeset="1" visible="true" lat="40.4233927" uid="1" user="OSMnx" timestamp="2026-07-27T19:03:01Z" version="1" id="13665143707" /><node lon="-3.7110765" changeset="1" visible="true" lat="40.4234224" uid="1" user="OSMnx" timestamp="2026-07-27T19:03:01Z" version="1" id="13665143708" /><node lon="-3.712573" changeset="1" visible="true" lat="40.4224795" uid="1" user="OSMnx" timestamp="2026-07-27T19:03:01Z" version="1" id="13665143709" /><node lon="-3.7122532" changeset="1" visible="true" lat="40.4225972" uid="1" user="OSMnx" timestamp="2026-07-27T19:03:01Z" version="1" id="13665143715" /><node lon="-3.7125427" changeset="1" visible="true" lat="40.4224923" uid="1" user="OSMnx" timestamp="2026-07-27T19:03:01Z" version="1" id="13665143716" /><node lon="-3.71261" changeset="1" visible="true" lat="40.4224621" uid="1" user="OSMnx" timestamp="2026-07-27T19:03:01Z" version="1" id="13665143717" /><node lon="-3.7125533" changeset="1" visible="true" lat="40.4225443" uid="1" user="OSMnx" timestamp="2026-07-27T19:03:01Z" version="1" id="13665143718" /><node lon="-3.7128562" changeset="1" visible="true" lat="40.4222176" uid="1" user="OSMnx" timestamp="2026-07-27T19:03:01Z" version="1" id="13665143719" /><node lon="-3.7128087" changeset="1" visible="true" lat="40.4223011" uid="1" user="OSMnx" timestamp="2026-07-27T19:03:01Z" version="1" id="13665143720" /><node lon="-3.7128087" changeset="1" visible="true" lat="40.4223866" uid="1" user="OSMnx" timestamp="2026-07-27T19:03:01Z" version="1" id="13665143721" /><node lon="-3.7129465" changeset="1" visible="true" lat="40.4222598" uid="1" user="OSMnx" timestamp="2026-07-27T19:03:01Z" version="1" id="13665143722" /><node lon="-3.7128478" changeset="1" visible="true" lat="40.4223544" uid="1" user="OSMnx" timestamp="2026-07-27T19:03:01Z" version="1" id="13665143723" /><node lon="-3.7130218" changeset="1" visible="true" lat="40.4221548" uid="1" user="OSMnx" timestamp="2026-07-27T19:03:01Z" version="1" id="13665155956" /><node lon="-3.7129944" changeset="1" visible="true" lat="40.4221616" uid="1" user="OSMnx" timestamp="2026-07-27T19:03:01Z" version="1" id="13665155957" /><way changeset="1" uid="1" user="OSMnx" visible="true" timestamp="2026-07-27T19:03:01Z" version="1" id="4308021"><nd ref="26067863" /><nd ref="13665143721" /><nd ref="13665143723" /><nd ref="13665143722" /><nd ref="1501171058" /><nd ref="292118651" /><tag k="name" v="Plaza de España" /><tag k="maxspeed" v="30" /><tag k="tunnel" v="yes" /><tag k="oneway" v="yes" /><tag k="lanes" v="1" /><tag k="access" v="no" /><tag k="highway" v="residential" /></way><way changeset="1" uid="1" user="OSMnx" visible="true" timestamp="2026-07-27T19:03:01Z" version="1" id="4308596"><nd ref="4110114627" /><nd ref="1501200366" /><nd ref="12410357014" /><nd ref="1501200369" /><tag k="name" v="Plaza de España" /><tag k="maxspeed" v="50" /><tag k="oneway" v="yes" /><tag k="lanes" v="4" /><tag k="highway" v="residential" /></way><way changeset="1" uid="1" user="OSMnx" visible="true" timestamp="2026-07-27T19:03:01Z" version="1" id="4308597"><nd ref="26578960" /><nd ref="913080870" /><nd ref="5006352946" /><tag k="name" v="Calle de la Princesa" /><tag k="maxspeed" v="50" /><tag k="oneway" v="yes" /><tag k="lanes" v="3" /><tag k="highway" v="primary" /></way><way changeset="1" uid="1" user="OSMnx" visible="true" timestamp="2026-07-27T19:03:01Z" version="1" id="4319192"><nd ref="25935532" /><nd ref="12400374807" /><tag k="name" v="Calle de Hilarión Eslava" /><tag k="oneway" v="yes" /><tag k="lanes" v="2" /><tag k="highway" v="residential" /></way><way changeset="1" uid="1" user="OSMnx" visible="true" timestamp="2026-07-27T19:03:01Z" version="1" id="4334160"><nd ref="9307495432" /><nd ref="26067836" /><nd ref="1352957236" /><tag k="name" v="Plaza de España" /><tag k="maxspeed" v="50" /><tag k="oneway" v="yes" /><tag k="lanes" v="4" /><tag k="highway" v="primary" /></way><way changeset="1" uid="1" user="OSMnx" visible="true" timestamp="2026-07-27T19:03:01Z" version="1" id="4334161"><nd ref="1352957241" /><nd ref="12410331098" /><nd ref="5970484993" /><nd ref="12410331096" /><nd ref="12410331095" /><nd ref="13665143718" /><nd ref="26067863" /><tag k="name" v="Plaza de España" /><tag k="maxspeed" v="30" /><tag k="oneway" v="yes" /><tag k="lanes" v="1" /><tag k="access" v="no" /><tag k="highway" v="residential" /></way><way changeset="1" uid="1" user="OSMnx" visible="true" timestamp="2026-07-27T19:03:01Z" version="1" id="4487131"><nd ref="26067836" /><nd ref="13665143705" /><nd ref="9307490304" /><tag k="name" v="Calle de Leganitos" /><tag k="oneway" v="yes" /><tag k="lanes" v="1" /><tag k="access" v="yes" /><tag k="highway" v="residential" /></way><way changeset="1" uid="1" user="OSMnx" visible="true" timestamp="2026-07-27T19:03:01Z" version="1" id="4487840"><nd ref="8577075124" /><nd ref="12400374757" /><nd ref="26067887" /><nd ref="13619179687" /><tag k="name" v="Calle de los Mártires de Alcalá" /><tag k="oneway" v="yes" /><tag k="lanes" v="1" /><tag k="highway" v="tertiary" /></way><way changeset="1" uid="1" user="OSMnx" visible="true" timestamp="2026-07-27T19:03:01Z" version="1" id="4950791"><nd ref="25935524" /><nd ref="25935522" /><tag k="name" v="Calle de Alberto Aguilera" /><tag k="maxspeed" v="50" /><tag k="oneway" v="yes" /><tag k="lanes" v="3" /><tag k="highway" v="primary" /></way><way changeset="1" uid="1" user="OSMnx" visible="true" timestamp="2026-07-27T19:03:01Z" version="1" id="5989265"><nd ref="13076727662" /><nd ref="13076727661" /><nd ref="13076727660" /><nd ref="13076727659" /><tag k="name" v="Paseo de Moret" /><tag k="maxspeed" v="50" /><tag k="oneway" v="yes" /><tag k="lanes" v="4" /><tag k="highway" v="secondary" /></way><way changeset="1" uid="1" user="OSMnx" visible="true" timestamp="2026-07-27T19:03:01Z" version="1" id="5989317"><nd ref="26578974" /><nd ref="8440879527" /><nd ref="8440879528" /><nd ref="1364771904" /><nd ref="4456608447" /><nd ref="13076727658" /><tag k="name" v="Calle de Lisboa" /><tag k="oneway" v="yes" /><tag k="highway" v="residential" /></way><way changeset="1" uid="1" user="OSMnx" visible="true" timestamp="2026-07-27T19:03:01Z" version="1" id="5990070"><nd ref="13076727651" /><nd ref="1364771695" /><nd ref="55161178" /><nd ref="3927556763" /><nd ref="26578951" /><nd ref="3927556770" /><nd ref="26578950" /><nd ref="3927556774" /><nd ref="55161174" /><nd ref="4757946972" /><nd ref="12400374738" /><nd ref="55138197" /><tag k="name" v="Calle de Benito Gutiérrez" /><tag k="maxspeed" v="50" /><tag k="oneway" v="yes" /><tag k="lanes" v="1" /><tag k="highway" v="residential" /></way><way changeset="1" uid="1" user="OSMnx" visible="true" timestamp="2026-07-27T19:03:01Z" version="1" id="5990071"><nd ref="25935531" /><nd ref="12400374750" /><nd ref="1378696878" /><nd ref="3927556767" /><nd ref="55161170" /><nd ref="3927556760" /><nd ref="25935534" /><nd ref="3927556757" /><nd ref="3927556256" /><nd ref="25935554" /><nd ref="55161181" /><nd ref="1364771581" /><nd ref="13076727645" /><tag k="name" v="Calle de Altamirano" /><tag k="maxspeed" v="30" /><tag k="oneway" v="yes" /><tag k="lanes" v="1" /><tag k="highway" v="residential" /></way><way changeset="1" uid="1" user="OSMnx" visible="true" timestamp="2026-07-27T19:03:01Z" version="1" id="5990532"><nd ref="13076727655" /><nd ref="1364771873" /><nd ref="26578975" /><tag k="name" v="Calle de Écija" /><tag k="maxspeed" v="50" /><tag k="oneway" v="yes" /><tag k="highway" v="residential" /></way><way changeset="1" uid="1" user="OSMnx" visible="true" timestamp="2026-07-27T19:03:01Z" version="1" id="5990533"><nd ref="13076727659" /><nd ref="13076727658" /><tag k="name" v="Paseo del Pintor Rosales" /><tag k="maxspeed" v="50" /><tag k="oneway" v="yes" /><tag k="highway" v="secondary" /></way><way changeset="1" uid="1" user="OSMnx" visible="true" timestamp="2026-07-27T19:03:01Z" version="1" id="5990534"><nd ref="3100329628" /><nd ref="3100332230" /><nd ref="3100332229" /><nd ref="298609424" /><nd ref="26068003" /><tag k="name" v="Calle de Martín de los Heros" /><tag k="maxspeed" v="20" /><tag k="oneway" v="yes" /><tag k="lanes" v="1" /><tag k="access" v="delivery" /><tag k="highway" v="living_street" /></way><way changeset="1" uid="1" user="OSMnx" visible="true" timestamp="2026-07-27T19:03:01Z" version="1" id="5990536"><nd ref="26578957" /><nd ref="3927556765" /><nd ref="3927556764" /><nd ref="26578951" /><nd ref="3927556758" /><nd ref="25935554" /><nd ref="3927556254" /><nd ref="3471276060" /><nd ref="13448660822" /><nd ref="55161154" /><tag k="name" v="Calle de Juan Álvarez Mendizábal" /><tag k="maxspeed" v="30" /><tag k="oneway" v="yes" /><tag k="lanes" v="1" /><tag k="highway" v="residential" /></way><way changeset="1" uid="1" user="OSMnx" visible="true" timestamp="2026-07-27T19:03:01Z" version="1" id="5991555"><nd ref="26068010" /><nd ref="4110043272" /><nd ref="298608902" /><tag k="name" v="Plaza de José Moreno Villa" /><tag k="oneway" v="no" /><tag k="highway" v="residential" /></way><way changeset="1" uid="1" user="OSMnx" visible="true" timestamp="2026-07-27T19:03:01Z" version="1" id="7593889"><nd ref="26080663" /><nd ref="293293726" /><nd ref="55138143" /><nd ref="26080658" /><nd ref="4234171259" /><nd ref="55161030" /><nd ref="8440879523" /><nd ref="55161034" /><nd ref="55161051" /><tag k="name" v="Calle de Evaristo San Miguel" /><tag k="maxspeed" v="30" /><tag k="oneway" v="yes" /><tag k="lanes" v="1" /><tag k="highway" v="residential" /></way><way changeset="1" uid="1" user="OSMnx" visible="true" timestamp="2026-07-27T19:03:01Z" version="1" id="7593896"><nd ref="26080778" /><nd ref="12400374730" /><nd ref="13619179690" /><nd ref="3644754710" /><nd ref="55161055" /><nd ref="4307340621" /><nd ref="55161059" /><tag k="name" v="Calle del Rey Francisco" /><tag k="maxspeed" v="50" /><tag k="oneway" v="yes" /><tag k="lanes" v="1" /><tag k="highway" v="residential" /></way><way changeset="1" uid="1" user="OSMnx" visible="true" timestamp="2026-07-27T19:03:01Z" version="1" id="7593899"><nd ref="25935515" /><nd ref="25935516" /><tag k="name" v="Calle de Quintana" /><tag k="oneway" v="yes" /><tag k="lanes" v="2" /><tag k="highway" v="tertiary" /></way><way changeset="1" uid="1" user="OSMnx" visible="true" timestamp="2026-07-27T19:03:01Z" version="1" id="7593903"><nd ref="13076727640" /><nd ref="1364771096" /><nd ref="1358036202" /><nd ref="55161108" /><tag k="name" v="Calle del Buen Suceso" /><tag k="maxspeed" v="50" /><tag k="oneway" v="yes" /><tag k="lanes" v="1" /><tag k="highway" v="residential" /></way><way changeset="1" uid="1" user="OSMnx" visible="true" timestamp="2026-07-27T19:03:01Z" version="1" id="7593908"><nd ref="25935523" /><nd ref="12400374737" /><nd ref="13619179698" /><nd ref="622204580" /><nd ref="5273361954" /><nd ref="5273358099" /><nd ref="3471276061" /><nd ref="55161145" /><nd ref="55161154" /><nd ref="13448660819" /><nd ref="8447103715" /><nd ref="3471365921" /><nd ref="55161167" /><tag k="name" v="Calle del Marqués de Urquijo" /><tag k="maxspeed" v="30" /><tag k="oneway" v="yes" /><tag k="lanes" v="2" /><tag k="highway" v="primary" /></way><way changeset="1" uid="1" user="OSMnx" visible="true" timestamp="2026-07-27T19:03:01Z" version="1" id="7604144"><nd ref="26080664" /><nd ref="26080665" /><nd ref="623071227" /><tag k="name" v="Calle de Ferraz" /><tag k="oneway" v="yes" /><tag k="lanes" v="4" /><tag k="highway" v="secondary" /></way><way changeset="1" uid="1" user="OSMnx" visible="true" timestamp="2026-07-27T19:03:01Z" version="1" id="7604150"><nd ref="26067257" /><nd ref="26067866" /><tag k="name" v="Plaza de España" /><tag k="maxspeed" v="30" /><tag k="oneway" v="yes" /><tag k="lanes" v="1" /><tag k="highway" v="residential" /></way><way changeset="1" uid="1" user="OSMnx" visible="true" timestamp="2026-07-27T19:03:01Z" version="1" id="7604153"><nd ref="26080658" /><nd ref="12203620148" /><nd ref="55161067" /><nd ref="1358036196" /><nd ref="55161074" /><tag k="name" v="Calle de Ferraz" /><tag k="maxspeed" v="50" /><tag k="oneway" v="yes" /><tag k="lanes" v="3" /><tag k="highway" v="secondary" /></way><way changeset="1" uid="1" user="OSMnx" visible="true" timestamp="2026-07-27T19:03:01Z" version="1" id="7604156"><nd ref="13076727690" /><nd ref="55161023" /><tag k="name" v="Calle de Francisco Lozano" /><tag k="oneway" v="yes" /><tag k="highway" v="residential" /></way><way changeset="1" uid="1" user="OSMnx" visible="true" timestamp="2026-07-27T19:03:01Z" version="1" id="7604160"><nd ref="55161040" /><nd ref="4757946968" /><nd ref="3927556775" /><nd ref="4324546709" /><nd ref="55161174" /><nd ref="3927556773" /><nd ref="3927556769" /><nd ref="3927556768" /><nd ref="55161170" /><nd ref="3927556766" /><nd ref="3927556255" /><nd ref="5273358099" /><tag k="name" v="Calle de Tutor" /><tag k="maxspeed" v="50" /><tag k="oneway" v="yes" /><tag k="highway" v="residential" /></way><way changeset="1" uid="1" user="OSMnx" visible="true" timestamp="2026-07-27T19:03:01Z" version="1" id="7642873"><nd ref="9483986398" /><nd ref="26080754" /><nd ref="13027416608" /><nd ref="26080755" /><tag k="name" v="Calle Profesor Martín Almagro Basch" /><tag k="maxspeed" v="40" /><tag k="oneway" v="yes" /><tag k="highway" v="residential" /></way><way changeset="1" uid="1" user="OSMnx" visible="true" timestamp="2026-07-27T19:03:01Z" version="1" id="7643019"><nd ref="26067885" /><nd ref="1789638284" /><nd ref="8428817433" /><nd ref="1789638283" /><nd ref="26080781" /><nd ref="55161044" /><nd ref="4242179816" /><nd ref="55138174" /><nd ref="55138166" /><nd ref="55138155" /><nd ref="26080688" /><tag k="name" v="Calle Luisa Fernanda" /><tag k="maxspeed" v="30" /><tag k="oneway" v="yes" /><tag k="lanes" v="2" /><tag k="highway" v="residential" /></way><way changeset="1" uid="1" user="OSMnx" visible="true" timestamp="2026-07-27T19:03:01Z" version="1" id="7649061"><nd ref="12400374813" /><nd ref="26578946" /><tag k="name" v="Calle de Fernando el Católico" /><tag k="maxspeed" v="30" /><tag k="oneway" v="yes" /><tag k="highway" v="residential" /></way><way changeset="1" uid="1" user="OSMnx" visible="true" timestamp="2026-07-27T19:03:01Z" version="1" id="7972386"><nd ref="26080738" /><nd ref="10016776542" /><nd ref="26080667" /><tag k="name" v="Calle de Ferraz" /><tag k="oneway" v="yes" /><tag k="highway" v="residential" /></way><way changeset="1" uid="1" user="OSMnx" visible="true" timestamp="2026-07-27T19:03:01Z" version="1" id="7972387"><nd ref="26080659" /><nd ref="7140036358" /><nd ref="7140036359" /><nd ref="7140036357" /><nd ref="26080661" /><nd ref="26080662" /><nd ref="7140036356" /><nd ref="1179022515" /><nd ref="1179022159" /><nd ref="26080664" /><tag k="maxspeed" v="40" /><tag k="oneway" v="yes" /><tag k="lanes" v="1" /><tag k="highway" v="secondary_link" /></way><way changeset="1" uid="1" user="OSMnx" visible="true" timestamp="2026-07-27T19:03:01Z" version="1" id="7972390"><nd ref="623071227" /><nd ref="7126146745" /><tag k="name" v="Calle de Ferraz" /><tag k="oneway" v="yes" /><tag k="highway" v="residential" /></way><way changeset="1" uid="1" user="OSMnx" visible="true" timestamp="2026-07-27T19:03:01Z" version="1" id="26631682"><nd ref="292118733" /><nd ref="1501171095" /><nd ref="7968363528" /><nd ref="9307495444" /><nd ref="292118644" /><tag k="name" v="Plaza de España" /><tag k="maxspeed" v="40" /><tag k="tunnel" v="yes" /><tag k="oneway" v="yes" /><tag k="lanes" v="2" /><tag k="highway" v="secondary" /></way><way changeset="1" uid="1" user="OSMnx" visible="true" timestamp="2026-07-27T19:03:01Z" version="1" id="26632411"><nd ref="292123017" /><nd ref="7991193694" /><nd ref="7991188276" /><nd ref="2017305752" /><nd ref="292123018" /><tag k="oneway" v="yes" /><tag k="lanes" v="1" /><tag k="highway" v="residential" /></way><way changeset="1" uid="1" user="OSMnx" visible="true" timestamp="2026-07-27T19:03:01Z" version="1" id="27196162"><nd ref="298448863" /><nd ref="7537445998" /><nd ref="7537445997" /><nd ref="1378696858" /><tag k="name" v="Calle de Seminario de Nobles" /><tag k="oneway" v="yes" /><tag k="highway" v="residential" /></way><way changeset="1" uid="1" user="OSMnx" visible="true" timestamp="2026-07-27T19:03:01Z" version="1" id="27211378"><nd ref="3100336111" /><nd ref="4110043285" /><nd ref="298609181" /><nd ref="3903476292" /><nd ref="298609192" /><nd ref="298609151" /><nd ref="4110093636" /><nd ref="11765098321" /><nd ref="11765098351" /><nd ref="298609205" /><nd ref="4110043288" /><nd ref="1652768037" /><nd ref="1652768007" /><nd ref="4110043278" /><nd ref="298609149" /><nd ref="298608902" /><nd ref="3100336111" /><tag k="name" v="Plaza de José Moreno Villa" /><tag k="oneway" v="yes" /><tag k="highway" v="residential" /></way><way changeset="1" uid="1" user="OSMnx" visible="true" timestamp="2026-07-27T19:03:01Z" version="1" id="31048279"><nd ref="55161167" /><nd ref="3471365928" /><nd ref="55161181" /><nd ref="55161178" /><nd ref="8440879529" /><nd ref="55161188" /><tag k="name" v="Calle de Ferraz" /><tag k="maxspeed" v="50" /><tag k="oneway" v="yes" /><tag k="lanes" v="3" /><tag k="highway" v="secondary" /></way><way changeset="1" uid="1" user="OSMnx" visible="true" timestamp="2026-07-27T19:03:01Z" version="1" id="31048280"><nd ref="9435349738" /><nd ref="13027387100" /><tag k="name" v="Calle de Francisco y Jacinto Alcántara" /><tag k="maxspeed" v="40" /><tag k="oneway" v="no" /><tag k="lanes" v="6" /><tag k="highway" v="primary" /></way><way changeset="1" uid="1" user="OSMnx" visible="true" timestamp="2026-07-27T19:03:01Z" version="1" id="31262308"><nd ref="13076727663" /><nd ref="13076727664" /><nd ref="4197170916" /><nd ref="3253942905" /><nd ref="26578963" /><tag k="name" v="Paseo de Moret" /><tag k="maxspeed" v="50" /><tag k="oneway" v="no" /><tag k="lanes" v="5" /><tag k="highway" v="secondary" /></way><way changeset="1" uid="1" user="OSMnx" visible="true" timestamp="2026-07-27T19:03:01Z" version="1" id="31768975"><nd ref="55161051" /><nd ref="55161055" /><nd ref="11237949945" /><nd ref="55161088" /><nd ref="12400147466" /><nd ref="4437657599" /><nd ref="55161091" /><nd ref="8646829050" /><nd ref="4203412903" /><nd ref="55161135" /><tag k="name" v="Calle de Tutor" /><tag k="maxspeed" v="30" /><tag k="oneway" v="yes" /><tag k="lanes" v="1" /><tag k="highway" v="residential" /></way><way changeset="1" uid="1" user="OSMnx" visible="true" timestamp="2026-07-27T19:03:01Z" version="1" id="31769101"><nd ref="55161124" /><nd ref="12828583143" /><nd ref="55161100" /><nd ref="55161078" /><nd ref="55161064" /><tag k="name" v="Calle de Juan Álvarez Mendizábal" /><tag k="maxspeed" v="50" /><tag k="oneway" v="yes" /><tag k="highway" v="residential" /></way><way changeset="1" uid="1" user="OSMnx" visible="true" timestamp="2026-07-27T19:03:01Z" version="1" id="33760308"><nd ref="25935522" /><nd ref="25935521" /><tag k="name" v="Calle de la Princesa" /><tag k="maxspeed" v="50" /><tag k="oneway" v="yes" /><tag k="lanes" v="3" /><tag k="highway" v="primary" /></way><way changeset="1" uid="1" user="OSMnx" visible="true" timestamp="2026-07-27T19:03:01Z" version="1" id="33760309"><nd ref="25935523" /><nd ref="25935524" /><tag k="name" v="Calle de la Princesa" /><tag k="maxspeed" v="50" /><tag k="oneway" v="yes" /><tag k="lanes" v="3" /><tag k="highway" v="primary" /></way><way changeset="1" uid="1" user="OSMnx" visible="true" timestamp="2026-07-27T19:03:01Z" version="1" id="33760310"><nd ref="26578944" /><nd ref="1505081028" /><nd ref="937660054" /><nd ref="1505081040" /><tag k="name" v="Calle de la Princesa" /><tag k="maxspeed" v="50" /><tag k="oneway" v="yes" /><tag k="lanes" v="3" /><tag k="highway" v="primary" /></way><way changeset="1" uid="1" user="OSMnx" visible="true" timestamp="2026-07-27T19:03:01Z" version="1" id="38448423"><nd ref="26080688" /><nd ref="7968363512" /><nd ref="454563947" /><tag k="name" v="Calle de Ferraz" /><tag k="oneway" v="yes" /><tag k="lanes" v="1" /><tag k="highway" v="residential" /></way><way changeset="1" uid="1" user="OSMnx" visible="true" timestamp="2026-07-27T19:03:01Z" version="1" id="43405568"><nd ref="26578954" /><nd ref="12400374739" /><nd ref="1505080997" /><nd ref="55161040" /><nd ref="3253942876" /><nd ref="11279337787" /><nd ref="4249550724" /><nd ref="26578956" /><tag k="name" v="Calle de Romero Robledo" /><tag k="maxspeed" v="50" /><tag k="oneway" v="yes" /><tag k="highway" v="residential" /></way><way changeset="1" uid="1" user="OSMnx" visible="true" timestamp="2026-07-27T19:03:01Z" version="1" id="43405569"><nd ref="26578954" /><nd ref="26578958" /><nd ref="55138197" /><tag k="name" v="Calle de la Princesa" /><tag k="maxspeed" v="50" /><tag k="oneway" v="yes" /><tag k="lanes" v="3" /><tag k="highway" v="primary" /></way><way changeset="1" uid="1" user="OSMnx" visible="true" timestamp="2026-07-27T19:03:01Z" version="1" id="43407379"><nd ref="25935516" /><nd ref="1179022533" /><nd ref="26080778" /><nd ref="2973127101" /><nd ref="913080866" /><nd ref="5385241357" /><nd ref="1378696856" /><nd ref="26080779" /><tag k="name" v="Calle de la Princesa" /><tag k="oneway" v="yes" /><tag k="lanes" v="3" /><tag k="highway" v="primary" /></way><way changeset="1" uid="1" user="OSMnx" visible="true" timestamp="2026-07-27T19:03:01Z" version="1" id="43407380"><nd ref="25935516" /><nd ref="12400374732" /><nd ref="1179022300" /><nd ref="55161088" /><nd ref="55161082" /><nd ref="1358036200" /><nd ref="55161078" /><nd ref="1358036198" /><nd ref="55161074" /><tag k="name" v="Calle de Quintana" /><tag k="maxspeed" v="50" /><tag k="oneway" v="yes" /><tag k="lanes" v="2" /><tag k="highway" v="residential" /></way><way changeset="1" uid="1" user="OSMnx" visible="true" timestamp="2026-07-27T19:03:01Z" version="1" id="43407381"><nd ref="8577075124" /><nd ref="1378696853" /><nd ref="913080871" /><nd ref="298448863" /><nd ref="13619179689" /><nd ref="1378696860" /><nd ref="8430090474" /><nd ref="5385241321" /><tag k="name" v="Calle de la Princesa" /><tag k="oneway" v="yes" /><tag k="lanes" v="3" /><tag k="highway" v="primary" /></way><way changeset="1" uid="1" user="OSMnx" visible="true" timestamp="2026-07-27T19:03:01Z" version="1" id="43410327"><nd ref="9307495417" /><nd ref="1501171071" /><nd ref="292118700" /><tag k="name" v="Plaza de España" /><tag k="maxspeed" v="50" /><tag k="tunnel" v="yes" /><tag k="oneway" v="yes" /><tag k="lanes" v="1" /><tag k="highway" v="primary" /></way><way changeset="1" uid="1" user="OSMnx" visible="true" timestamp="2026-07-27T19:03:01Z" version="1" id="43410330"><nd ref="292118644" /><nd ref="7968363529" /><nd ref="292118637" /><nd ref="1501213545" /><nd ref="1855048164" /><tag k="name" v="Plaza de España" /><tag k="maxspeed" v="40" /><tag k="tunnel" v="yes" /><tag k="oneway" v="yes" /><tag k="lanes" v="2" /><tag k="highway" v="secondary" /></way><way changeset="1" uid="1" user="OSMnx" visible="true" timestamp="2026-07-27T19:03:01Z" version="1" id="43410331"><nd ref="7968363523" /><nd ref="11511962957" /><nd ref="7987655992" /><nd ref="292118697" /><nd ref="7968363538" /><nd ref="7968363537" /><nd ref="9307495443" /><nd ref="7968363532" /><nd ref="7968363536" /><nd ref="1501171070" /><tag k="name" v="Plaza de España" /><tag k="maxspeed" v="40" /><tag k="tunnel" v="yes" /><tag k="oneway" v="yes" /><tag k="lanes" v="2" /><tag k="highway" v="primary" /></way><way changeset="1" uid="1" user="OSMnx" visible="true" timestamp="2026-07-27T19:03:01Z" version="1" id="44508926"><nd ref="55161188" /><nd ref="55161192" /><nd ref="55161023" /><nd ref="26578975" /><nd ref="26578974" /><tag k="name" v="Calle de Ferraz" /><tag k="maxspeed" v="50" /><tag k="oneway" v="yes" /><tag k="lanes" v="3" /><tag k="highway" v="secondary" /></way><way changeset="1" uid="1" user="OSMnx" visible="true" timestamp="2026-07-27T19:03:01Z" version="1" id="44508927"><nd ref="55161188" /><nd ref="8447103714" /><nd ref="1364771799" /><nd ref="13076727653" /><tag k="name" v="Calle de Romero Robledo" /><tag k="oneway" v="yes" /><tag k="highway" v="residential" /></way><way changeset="1" uid="1" user="OSMnx" visible="true" timestamp="2026-07-27T19:03:01Z" version="1" id="44508928"><nd ref="13076727648" /><nd ref="13076727647" /><nd ref="13076727645" /><nd ref="13076727643" /><nd ref="9435349738" /><tag k="name" v="Paseo del Pintor Rosales" /><tag k="maxspeed" v="50" /><tag k="oneway" v="yes" /><tag k="lanes" v="3" /><tag k="highway" v="secondary" /></way><way changeset="1" uid="1" user="OSMnx" visible="true" timestamp="2026-07-27T19:03:01Z" version="1" id="44508929"><nd ref="9435349738" /><nd ref="13076727642" /><nd ref="318919466" /><nd ref="13076727641" /><nd ref="13076727640" /><nd ref="13076727639" /><nd ref="26080763" /><nd ref="7140036350" /><nd ref="8440879525" /><nd ref="1179022390" /><nd ref="26080757" /><nd ref="26080756" /><nd ref="9483986399" /><nd ref="1364770889" /><nd ref="26080755" /><tag k="name" v="Paseo del Pintor Rosales" /><tag k="maxspeed" v="50" /><tag k="oneway" v="yes" /><tag k="lanes" v="3" /><tag k="highway" v="secondary" /></way><way changeset="1" uid="1" user="OSMnx" visible="true" timestamp="2026-07-27T19:03:01Z" version="1" id="44508930"><nd ref="9435349738" /><nd ref="1095709754" /><nd ref="1095709761" /><nd ref="8447121534" /><nd ref="1095709758" /><nd ref="55161119" /><tag k="name" v="Calle del Marqués de Urquijo" /><tag k="maxspeed" v="50" /><tag k="oneway" v="yes" /><tag k="lanes" v="3" /><tag k="highway" v="primary" /></way><way changeset="1" uid="1" user="OSMnx" visible="true" timestamp="2026-07-27T19:03:01Z" version="1" id="44508931"><nd ref="1095709764" /><nd ref="1095709762" /><nd ref="1095709759" /><nd ref="9435349738" /><tag k="name" v="Calle del Marqués de Urquijo" /><tag k="maxspeed" v="50" /><tag k="oneway" v="yes" /><tag k="lanes" v="3" /><tag k="highway" v="primary" /></way><way changeset="1" uid="1" user="OSMnx" visible="true" timestamp="2026-07-27T19:03:01Z" version="1" id="44535820"><nd ref="9307495426" /><nd ref="13665143719" /><nd ref="13665143720" /><nd ref="9307495429" /><tag k="name" v="Plaza de España" /><tag k="maxspeed" v="50" /><tag k="tunnel" v="yes" /><tag k="oneway" v="yes" /><tag k="lanes" v="3" /><tag k="highway" v="primary" /></way><way changeset="1" uid="1" user="OSMnx" visible="true" timestamp="2026-07-27T19:03:01Z" version="1" id="44535821"><nd ref="9307495426" /><nd ref="9307490316" /><nd ref="292118651" /><tag k="tunnel" v="yes" /><tag k="oneway" v="yes" /><tag k="lanes" v="2" /><tag k="highway" v="secondary_link" /></way><way changeset="1" uid="1" user="OSMnx" visible="true" timestamp="2026-07-27T19:03:01Z" version="1" id="46098091"><nd ref="26578946" /><nd ref="8430090473" /><nd ref="913080864" /><tag k="name" v="Calle de la Princesa" /><tag k="maxspeed" v="50" /><tag k="oneway" v="yes" /><tag k="lanes" v="3" /><tag k="highway" v="primary" /></way><way changeset="1" uid="1" user="OSMnx" visible="true" timestamp="2026-07-27T19:03:01Z" version="1" id="46098108"><nd ref="8577075130" /><nd ref="12400374812" /><tag k="name" v="Calle de Fernando el Católico" /><tag k="maxspeed" v="30" /><tag k="oneway" v="yes" /><tag k="highway" v="residential" /></way><way changeset="1" uid="1" user="OSMnx" visible="true" timestamp="2026-07-27T19:03:01Z" version="1" id="48334260"><nd ref="858587194" /><nd ref="858587240" /><nd ref="614036231" /><tag k="name" v="Calle de la Princesa" /><tag k="oneway" v="yes" /><tag k="lanes" v="1" /><tag k="highway" v="residential" /></way><way changeset="1" uid="1" user="OSMnx" visible="true" timestamp="2026-07-27T19:03:01Z" version="1" id="65167032"><nd ref="26578960" /><nd ref="1486142511" /><tag k="name" v="Calle de la Princesa" /><tag k="maxspeed" v="50" /><tag k="oneway" v="yes" /><tag k="lanes" v="1" /><tag k="highway" v="secondary_link" /></way><way changeset="1" uid="1" user="OSMnx" visible="true" timestamp="2026-07-27T19:03:01Z" version="1" id="65279237"><nd ref="55161130" /><nd ref="55161135" /><tag k="name" v="Calle del Marqués de Urquijo" /><tag k="maxspeed" v="50" /><tag k="oneway" v="yes" /><tag k="lanes" v="4" /><tag k="highway" v="primary" /></way><way changeset="1" uid="1" user="OSMnx" visible="true" timestamp="2026-07-27T19:03:01Z" version="1" id="65279238"><nd ref="55161130" /><nd ref="55161145" /><nd ref="4311985760" /><nd ref="3927556759" /><nd ref="25935534" /><nd ref="3927556761" /><nd ref="3927556771" /><nd ref="26578950" /><nd ref="3927556772" /><nd ref="6981674371" /><nd ref="26578956" /><tag k="name" v="Calle de Martín de los Heros" /><tag k="maxspeed" v="30" /><tag k="oneway" v="yes" /><tag k="highway" v="residential" /></way><way changeset="1" uid="1" user="OSMnx" visible="true" timestamp="2026-07-27T19:03:01Z" version="1" id="71270642"><nd ref="13076727658" /><nd ref="13076727657" /><nd ref="13076727656" /><nd ref="13076727655" /><nd ref="13076727654" /><nd ref="13076727653" /><tag k="name" v="Paseo del Pintor Rosales" /><tag k="maxspeed" v="50" /><tag k="oneway" v="yes" /><tag k="highway" v="secondary" /></way><way changeset="1" uid="1" user="OSMnx" visible="true" timestamp="2026-07-27T19:03:01Z" version="1" id="71270643"><nd ref="26578974" /><nd ref="1364772083" /><nd ref="12400374747" /><nd ref="12203620147" /><nd ref="13027418003" /><nd ref="13076727663" /><tag k="name" v="Calle de Ferraz" /><tag k="maxspeed" v="50" /><tag k="oneway" v="yes" /><tag k="lanes" v="3" /><tag k="highway" v="secondary" /></way><way changeset="1" uid="1" user="OSMnx" visible="true" timestamp="2026-07-27T19:03:01Z" version="1" id="71270645"><nd ref="5385241323" /><nd ref="904868125" /><nd ref="7934347521" /><nd ref="904868123" /><nd ref="1067565836" /><nd ref="5385241322" /><nd ref="913080865" /><nd ref="893869107" /><nd ref="7930651364" /><nd ref="7934347511" /><tag k="name" v="Calle de la Princesa" /><tag k="maxspeed" v="50" /><tag k="oneway" v="yes" /><tag k="lanes" v="3" /><tag k="highway" v="primary" /></way><way changeset="1" uid="1" user="OSMnx" visible="true" timestamp="2026-07-27T19:03:01Z" version="1" id="71270648"><nd ref="927751052" /><nd ref="26067885" /><tag k="name" v="Calle de la Princesa" /><tag k="oneway" v="yes" /><tag k="lanes" v="3" /><tag k="highway" v="primary" /></way><way changeset="1" uid="1" user="OSMnx" visible="true" timestamp="2026-07-27T19:03:01Z" version="1" id="71270650"><nd ref="26080663" /><nd ref="13027416609" /><nd ref="937706305" /><tag k="name" v="Paseo del Pintor Rosales" /><tag k="oneway" v="yes" /><tag k="lanes" v="4" /><tag k="highway" v="secondary" /></way><way changeset="1" uid="1" user="OSMnx" visible="true" timestamp="2026-07-27T19:03:01Z" version="1" id="71591677"><nd ref="11280466187" /><nd ref="11844345285" /><nd ref="11844345286" /><nd ref="11844345287" /><nd ref="11844345294" /><nd ref="7859244870" /><nd ref="937660056" /><nd ref="1067565849" /><tag k="name" v="Calle de la Princesa" /><tag k="maxspeed" v="50" /><tag k="oneway" v="yes" /><tag k="lanes" v="3" /><tag k="highway" v="primary" /></way><way changeset="1" uid="1" user="OSMnx" visible="true" timestamp="2026-07-27T19:03:01Z" version="1" id="71609573"><nd ref="913080867" /><nd ref="26578961" /><nd ref="26578960" /><tag k="maxspeed" v="50" /><tag k="oneway" v="yes" /><tag k="lanes" v="3" /><tag k="highway" v="secondary_link" /></way><way changeset="1" uid="1" user="OSMnx" visible="true" timestamp="2026-07-27T19:03:01Z" version="1" id="71808951"><nd ref="7968363535" /><nd ref="9307495422" /><tag k="name" v="Cuesta de San Vicente" /><tag k="maxspeed" v="50" /><tag k="tunnel" v="yes" /><tag k="oneway" v="yes" /><tag k="lanes" v="3" /><tag k="highway" v="primary" /></way><way changeset="1" uid="1" user="OSMnx" visible="true" timestamp="2026-07-27T19:03:01Z" version="1" id="72247159"><nd ref="614036231" /><nd ref="6981674375" /><nd ref="4110020825" /><nd ref="614036232" /><nd ref="4110020824" /><nd ref="858587190" /><tag k="name" v="Subterráneo de Princesa a Santa Cruz de Marcenado" /><tag k="tunnel" v="yes" /><tag k="oneway" v="yes" /><tag k="lanes" v="1" /><tag k="highway" v="residential" /></way><way changeset="1" uid="1" user="OSMnx" visible="true" timestamp="2026-07-27T19:03:01Z" version="1" id="72247167"><nd ref="12400374762" /><nd ref="25935521" /><tag k="name" v="Calle de Alberto Aguilera" /><tag k="maxspeed" v="50" /><tag k="oneway" v="yes" /><tag k="lanes" v="3" /><tag k="highway" v="primary" /></way><way changeset="1" uid="1" user="OSMnx" visible="true" timestamp="2026-07-27T19:03:01Z" version="1" id="72247172"><nd ref="858587220" /><nd ref="1179022558" /><tag k="name" v="Calle de la Princesa" /><tag k="oneway" v="yes" /><tag k="lanes" v="3" /><tag k="highway" v="primary" /></way><way changeset="1" uid="1" user="OSMnx" visible="true" timestamp="2026-07-27T19:03:01Z" version="1" id="72247192"><nd ref="25935515" /><nd ref="13619179692" /><nd ref="1179022561" /><nd ref="858587220" /><tag k="name" v="Calle de la Princesa" /><tag k="oneway" v="yes" /><tag k="lanes" v="3" /><tag k="highway" v="primary" /></way><way changeset="1" uid="1" user="OSMnx" visible="true" timestamp="2026-07-27T19:03:01Z" version="1" id="72247216"><nd ref="13619179694" /><nd ref="913206910" /><nd ref="4500945119" /><nd ref="12400374760" /><nd ref="858587220" /><tag k="width" v="8" /><tag k="name" v="Calle de Serrano Jover" /><tag k="maxspeed" v="30" /><tag k="oneway" v="yes" /><tag k="lanes" v="1" /><tag k="highway" v="residential" /></way><way changeset="1" uid="1" user="OSMnx" visible="true" timestamp="2026-07-27T19:03:01Z" version="1" id="76560500"><nd ref="1669117694" /><nd ref="12400374808" /><nd ref="26578942" /><tag k="name" v="Calle de Rodríguez San Pedro" /><tag k="oneway" v="yes" /><tag k="highway" v="residential" /></way><way changeset="1" uid="1" user="OSMnx" visible="true" timestamp="2026-07-27T19:03:01Z" version="1" id="77339507"><nd ref="55161046" /><nd ref="7537446006" /><nd ref="7537446007" /><nd ref="7537446005" /><nd ref="55138174" /><tag k="name" v="Calle de Martín de los Heros" /><tag k="oneway" v="yes" /><tag k="highway" v="residential" /></way><way changeset="1" uid="1" user="OSMnx" visible="true" timestamp="2026-07-27T19:03:01Z" version="1" id="77603044"><nd ref="26578963" /><nd ref="5006352965" /><tag k="name" v="Paseo de Moret" /><tag k="oneway" v="no" /><tag k="lanes" v="4" /><tag k="highway" v="secondary" /></way><way changeset="1" uid="1" user="OSMnx" visible="true" timestamp="2026-07-27T19:03:01Z" version="1" id="77603045"><nd ref="26080779" /><nd ref="7537445999" /><nd ref="7537445996" /><nd ref="913080871" /><tag k="name" v="Calle de Evaristo San Miguel" /><tag k="oneway" v="yes" /><tag k="lanes" v="1" /><tag k="highway" v="residential" /></way><way changeset="1" uid="1" user="OSMnx" visible="true" timestamp="2026-07-27T19:03:01Z" version="1" id="80240817"><nd ref="26578942" /><nd ref="1378696879" /><tag k="name" v="Calle de la Princesa" /><tag k="oneway" v="yes" /><tag k="lanes" v="1" /><tag k="highway" v="residential" /></way><way changeset="1" uid="1" user="OSMnx" visible="true" timestamp="2026-07-27T19:03:01Z" version="1" id="131447320"><nd ref="1446632660" /><nd ref="26578945" /><nd ref="8577075130" /><tag k="name" v="Calle de la Princesa" /><tag k="maxspeed" v="50" /><tag k="oneway" v="yes" /><tag k="lanes" v="3" /><tag k="highway" v="primary" /></way><way changeset="1" uid="1" user="OSMnx" visible="true" timestamp="2026-07-27T19:03:01Z" version="1" id="131450464"><nd ref="13619179693" /><nd ref="1179022387" /><nd ref="12400374758" /><nd ref="25935515" /><tag k="name" v="Calle de Serrano Jover" /><tag k="oneway" v="yes" /><tag k="lanes" v="3" /><tag k="highway" v="tertiary" /></way><way changeset="1" uid="1" user="OSMnx" visible="true" timestamp="2026-07-27T19:03:01Z" version="1" id="136832095"><nd ref="1501171070" /><nd ref="1501171068" /><nd ref="292118700" /><tag k="tunnel" v="yes" /><tag k="oneway" v="yes" /><tag k="lanes" v="2" /><tag k="highway" v="secondary" /></way><way changeset="1" uid="1" user="OSMnx" visible="true" timestamp="2026-07-27T19:03:01Z" version="1" id="174854716"><nd ref="26080688" /><nd ref="623071228" /><nd ref="11327800847" /><nd ref="26080659" /><tag k="name" v="Calle de Ferraz" /><tag k="oneway" v="yes" /><tag k="lanes" v="3" /><tag k="highway" v="secondary" /></way><way changeset="1" uid="1" user="OSMnx" visible="true" timestamp="2026-07-27T19:03:01Z" version="1" id="195168701"><nd ref="55138174" /><nd ref="4242179828" /><nd ref="8715771071" /><nd ref="8715771072" /><nd ref="55161034" /><nd ref="4307340622" /><nd ref="4307340623" /><nd ref="55161059" /><tag k="name" v="Calle de Martín de los Heros" /><tag k="maxspeed" v="30" /><tag k="oneway" v="yes" /><tag k="lanes" v="1" /><tag k="highway" v="residential" /></way><way changeset="1" uid="1" user="OSMnx" visible="true" timestamp="2026-07-27T19:03:01Z" version="1" id="238829520"><nd ref="913224073" /><nd ref="1501200383" /><nd ref="9306444673" /><nd ref="12674385038" /><nd ref="26067257" /><tag k="name" v="Plaza de España" /><tag k="maxspeed" v="50" /><tag k="oneway" v="yes" /><tag k="lanes" v="3" /><tag k="highway" v="primary" /></way><way changeset="1" uid="1" user="OSMnx" visible="true" timestamp="2026-07-27T19:03:01Z" version="1" id="238829521"><nd ref="26067866" /><nd ref="9306444674" /><nd ref="9306444675" /><nd ref="8430090471" /><nd ref="5559534844" /><tag k="name" v="Plaza de España" /><tag k="maxspeed" v="30" /><tag k="oneway" v="yes" /><tag k="lanes" v="2" /><tag k="highway" v="residential" /></way><way changeset="1" uid="1" user="OSMnx" visible="true" timestamp="2026-07-27T19:03:01Z" version="1" id="242546585"><nd ref="26578944" /><nd ref="26578954" /><tag k="width" v="12" /><tag k="name" v="Calle de Meléndez Valdés" /><tag k="maxspeed" v="30" /><tag k="oneway" v="yes" /><tag k="highway" v="residential" /></way><way changeset="1" uid="1" user="OSMnx" visible="true" timestamp="2026-07-27T19:03:01Z" version="1" id="251956454"><nd ref="11280466187" /><nd ref="12845246728" /><nd ref="12845246727" /><nd ref="11844345284" /><nd ref="11844345288" /><nd ref="11844345289" /><nd ref="11844345290" /><nd ref="11844345291" /><nd ref="2480629208" /><nd ref="8577075130" /><tag k="name" v="Calle de la Princesa" /><tag k="oneway" v="yes" /><tag k="lanes" v="3" /><tag k="highway" v="residential" /></way><way changeset="1" uid="1" user="OSMnx" visible="true" timestamp="2026-07-27T19:03:01Z" version="1" id="251971166"><nd ref="858587194" /><nd ref="25935540" /><tag k="name" v="Calle de la Princesa" /><tag k="oneway" v="yes" /><tag k="lanes" v="2" /><tag k="highway" v="primary" /></way><way changeset="1" uid="1" user="OSMnx" visible="true" timestamp="2026-07-27T19:03:01Z" version="1" id="251971168"><nd ref="25935540" /><nd ref="12674385037" /><nd ref="13619179691" /><nd ref="1179022182" /><nd ref="25935516" /><tag k="name" v="Calle de la Princesa" /><tag k="oneway" v="yes" /><tag k="lanes" v="3" /><tag k="highway" v="primary" /></way><way changeset="1" uid="1" user="OSMnx" visible="true" timestamp="2026-07-27T19:03:01Z" version="1" id="254044769"><nd ref="1352957236" /><nd ref="6109357402" /><nd ref="5243353538" /><nd ref="5342725028" /><nd ref="5342725027" /><tag k="name" v="Plaza de España" /><tag k="maxspeed" v="50" /><tag k="oneway" v="yes" /><tag k="lanes" v="1" /><tag k="highway" v="primary" /></way><way changeset="1" uid="1" user="OSMnx" visible="true" timestamp="2026-07-27T19:03:01Z" version="1" id="261929386"><nd ref="1501200384" /><nd ref="12400374754" /><nd ref="26067257" /><tag k="name" v="Calle de San Leonardo" /><tag k="maxspeed" v="30" /><tag k="oneway" v="yes" /><tag k="lanes" v="1" /><tag k="highway" v="residential" /></way><way changeset="1" uid="1" user="OSMnx" visible="true" timestamp="2026-07-27T19:03:01Z" version="1" id="261929398"><nd ref="9306444660" /><nd ref="1501171147" /><nd ref="9300514868" /><nd ref="7619712787" /><tag k="name" v="Plaza de España" /><tag k="maxspeed" v="20" /><tag k="oneway" v="yes" /><tag k="lanes" v="1" /><tag k="highway" v="living_street" /></way><way changeset="1" uid="1" user="OSMnx" visible="true" timestamp="2026-07-27T19:03:01Z" version="1" id="285654888"><nd ref="25935521" /><nd ref="25935523" /><tag k="name" v="Calle de Alberto Aguilera" /><tag k="maxspeed" v="50" /><tag k="oneway" v="yes" /><tag k="lanes" v="3" /><tag k="highway" v="primary" /></way><way changeset="1" uid="1" user="OSMnx" visible="true" timestamp="2026-07-27T19:03:01Z" version="1" id="285654891"><nd ref="25935524" /><nd ref="13619179696" /><nd ref="622204582" /><nd ref="5385241358" /><nd ref="858587194" /><tag k="name" v="Calle de la Princesa" /><tag k="oneway" v="yes" /><tag k="lanes" v="3" /><tag k="highway" v="primary" /></way><way changeset="1" uid="1" user="OSMnx" visible="true" timestamp="2026-07-27T19:03:01Z" version="1" id="285654896"><nd ref="25935521" /><nd ref="13619184402" /><nd ref="622204586" /><nd ref="3033655161" /><nd ref="25935532" /><tag k="name" v="Calle de la Princesa" /><tag k="oneway" v="yes" /><tag k="lanes" v="3" /><tag k="highway" v="primary" /></way><way changeset="1" uid="1" user="OSMnx" visible="true" timestamp="2026-07-27T19:03:01Z" version="1" id="297732474"><nd ref="26067884" /><nd ref="8577075124" /><tag k="name" v="Calle de la Princesa" /><tag k="oneway" v="yes" /><tag k="lanes" v="3" /><tag k="highway" v="primary" /></way><way changeset="1" uid="1" user="OSMnx" visible="true" timestamp="2026-07-27T19:03:01Z" version="1" id="299381859"><nd ref="1179022558" /><nd ref="5385239920" /><nd ref="8430090475" /><nd ref="13619179695" /><nd ref="622204583" /><nd ref="25935522" /><tag k="name" v="Calle de la Princesa" /><tag k="oneway" v="yes" /><tag k="lanes" v="2" /><tag k="highway" v="primary" /></way><way changeset="1" uid="1" user="OSMnx" visible="true" timestamp="2026-07-27T19:03:01Z" version="1" id="305412101"><nd ref="26067881" /><nd ref="7537446001" /><nd ref="7537446002" /><nd ref="7537446000" /><nd ref="1789638280" /><nd ref="55138206" /><nd ref="4285281349" /><nd ref="55161046" /><tag k="name" v="Calle de Ventura Rodríguez" /><tag k="maxspeed" v="50" /><tag k="oneway" v="yes" /><tag k="lanes" v="2" /><tag k="highway" v="primary" /></way><way changeset="1" uid="1" user="OSMnx" visible="true" timestamp="2026-07-27T19:03:01Z" version="1" id="318930686"><nd ref="3769069723" /><nd ref="913080867" /><tag k="oneway" v="yes" /><tag k="lanes" v="1" /><tag k="highway" v="secondary_link" /></way><way changeset="1" uid="1" user="OSMnx" visible="true" timestamp="2026-07-27T19:03:01Z" version="1" id="335717549"><nd ref="2598785470" /><nd ref="5350038440" /><tag k="name" v="Plaza de España" /><tag k="maxspeed" v="50" /><tag k="oneway" v="yes" /><tag k="lanes" v="2" /><tag k="highway" v="residential" /></way><way changeset="1" uid="1" user="OSMnx" visible="true" timestamp="2026-07-27T19:03:01Z" version="1" id="339929105"><nd ref="3471276063" /><nd ref="1364772380" /><nd ref="12400374752" /><nd ref="13027418001" /><nd ref="26578963" /><tag k="name" v="Calle de Martín de los Heros" /><tag k="oneway" v="yes" /><tag k="lanes" v="2" /><tag k="highway" v="residential" /></way><way changeset="1" uid="1" user="OSMnx" visible="true" timestamp="2026-07-27T19:03:01Z" version="1" id="339929108"><nd ref="26578956" /><nd ref="13076727692" /><nd ref="13076727691" /><nd ref="13076727690" /><nd ref="13076727689" /><nd ref="13076727688" /><nd ref="9439650465" /><nd ref="4157306544" /><nd ref="3471276063" /><tag k="name" v="Calle de Martín de los Heros" /><tag k="maxspeed" v="30" /><tag k="oneway" v="yes" /><tag k="lanes" v="2" /><tag k="highway" v="residential" /></way><way changeset="1" uid="1" user="OSMnx" visible="true" timestamp="2026-07-27T19:03:01Z" version="1" id="339929109"><nd ref="55138197" /><nd ref="5385241359" /><nd ref="929294336" /><nd ref="1378696879" /><nd ref="25935531" /><nd ref="1378696877" /><nd ref="13619184401" /><nd ref="622204587" /><nd ref="25935523" /><tag k="name" v="Calle de la Princesa" /><tag k="maxspeed" v="50" /><tag k="oneway" v="yes" /><tag k="lanes" v="3" /><tag k="highway" v="primary" /></way><way changeset="1" uid="1" user="OSMnx" visible="true" timestamp="2026-07-27T19:03:01Z" version="1" id="405940983"><nd ref="55138197" /><nd ref="8577075129" /><tag k="name" v="Calle de Benito Gutiérrez" /><tag k="maxspeed" v="30" /><tag k="oneway" v="yes" /><tag k="highway" v="residential" /></way><way changeset="1" uid="1" user="OSMnx" visible="true" timestamp="2026-07-27T19:03:01Z" version="1" id="414212315"><nd ref="26578942" /><nd ref="3033655162" /><nd ref="5385239919" /><nd ref="26578943" /><nd ref="8577075129" /><nd ref="1505080991" /><nd ref="26578944" /><tag k="name" v="Calle de la Princesa" /><tag k="maxspeed" v="50" /><tag k="oneway" v="yes" /><tag k="lanes" v="3" /><tag k="highway" v="primary" /></way><way changeset="1" uid="1" user="OSMnx" visible="true" timestamp="2026-07-27T19:03:01Z" version="1" id="423876763"><nd ref="55161108" /><nd ref="8440879530" /><nd ref="1179021961" /><nd ref="55161119" /><tag k="name" v="Calle de Ferraz" /><tag k="maxspeed" v="50" /><tag k="oneway" v="yes" /><tag k="lanes" v="3" /><tag k="highway" v="secondary" /></way><way changeset="1" uid="1" user="OSMnx" visible="true" timestamp="2026-07-27T19:03:01Z" version="1" id="423876764"><nd ref="55161108" /><nd ref="1358036203" /><nd ref="55161100" /><nd ref="55161094" /><nd ref="4437657600" /><nd ref="55161091" /><nd ref="1179022518" /><nd ref="12400374733" /><nd ref="25935540" /><tag k="name" v="Calle del Buen Suceso" /><tag k="maxspeed" v="30" /><tag k="oneway" v="yes" /><tag k="lanes" v="1" /><tag k="highway" v="residential" /></way><way changeset="1" uid="1" user="OSMnx" visible="true" timestamp="2026-07-27T19:03:01Z" version="1" id="428829834"><nd ref="26067881" /><nd ref="1789638279" /><nd ref="5385241356" /><nd ref="298609370" /><nd ref="7934347520" /><nd ref="26068006" /><nd ref="1501200385" /><nd ref="26067866" /><tag k="name" v="Calle de la Princesa" /><tag k="maxspeed" v="30" /><tag k="oneway" v="yes" /><tag k="lanes" v="2" /><tag k="highway" v="residential" /></way><way changeset="1" uid="1" user="OSMnx" visible="true" timestamp="2026-07-27T19:03:01Z" version="1" id="431525591"><nd ref="55161059" /><nd ref="55161082" /><nd ref="55161094" /><nd ref="4245283126" /><nd ref="55161130" /><tag k="name" v="Calle de Martín de los Heros" /><tag k="maxspeed" v="30" /><tag k="oneway" v="yes" /><tag k="lanes" v="1" /><tag k="highway" v="residential" /></way><way changeset="1" uid="1" user="OSMnx" visible="true" timestamp="2026-07-27T19:03:01Z" version="1" id="431525592"><nd ref="55161064" /><nd ref="55161030" /><nd ref="55138166" /><nd ref="7619689678" /><nd ref="7619689680" /><nd ref="55161049" /><tag k="name" v="Calle de Juan Álvarez Mendizábal" /><tag k="maxspeed" v="50" /><tag k="oneway" v="yes" /><tag k="highway" v="residential" /></way><way changeset="1" uid="1" user="OSMnx" visible="true" timestamp="2026-07-27T19:03:01Z" version="1" id="431525593"><nd ref="55161064" /><nd ref="4346484128" /><nd ref="55161067" /><nd ref="1364770912" /><nd ref="26080757" /><tag k="name" v="Calle del Rey Francisco" /><tag k="maxspeed" v="50" /><tag k="oneway" v="yes" /><tag k="highway" v="residential" /></way><way changeset="1" uid="1" user="OSMnx" visible="true" timestamp="2026-07-27T19:03:01Z" version="1" id="436929719"><nd ref="26080659" /><nd ref="1364770887" /><nd ref="26080658" /><tag k="name" v="Calle de Ferraz" /><tag k="oneway" v="yes" /><tag k="lanes" v="3" /><tag k="highway" v="secondary" /></way><way changeset="1" uid="1" user="OSMnx" visible="true" timestamp="2026-07-27T19:03:01Z" version="1" id="511223669"><nd ref="12400374810" /><nd ref="26578944" /><tag k="name" v="Calle de Meléndez Valdés" /><tag k="oneway" v="yes" /><tag k="lanes" v="5" /><tag k="highway" v="residential" /></way><way changeset="1" uid="1" user="OSMnx" visible="true" timestamp="2026-07-27T19:03:01Z" version="1" id="511777785"><nd ref="5005343788" /><nd ref="13027284300" /><nd ref="913080867" /><tag k="name" v="Paseo de Moret" /><tag k="oneway" v="no" /><tag k="lanes" v="4" /><tag k="highway" v="secondary" /></way><way changeset="1" uid="1" user="OSMnx" visible="true" timestamp="2026-07-27T19:03:01Z" version="1" id="511777786"><nd ref="5005343789" /><nd ref="5005343788" /><tag k="name" v="Paseo de Moret" /><tag k="oneway" v="no" /><tag k="lanes" v="4" /><tag k="highway" v="secondary" /></way><way changeset="1" uid="1" user="OSMnx" visible="true" timestamp="2026-07-27T19:03:01Z" version="1" id="511777787"><nd ref="5005343790" /><nd ref="5005343789" /><tag k="name" v="Paseo de Moret" /><tag k="oneway" v="no" /><tag k="lanes" v="4" /><tag k="highway" v="secondary" /></way><way changeset="1" uid="1" user="OSMnx" visible="true" timestamp="2026-07-27T19:03:01Z" version="1" id="511895882"><nd ref="5006352946" /><nd ref="11280466187" /><tag k="name" v="Calle de la Princesa" /><tag k="maxspeed" v="50" /><tag k="oneway" v="yes" /><tag k="lanes" v="3" /><tag k="highway" v="primary" /></way><way changeset="1" uid="1" user="OSMnx" visible="true" timestamp="2026-07-27T19:03:01Z" version="1" id="520069216"><nd ref="26067885" /><nd ref="7965756605" /><nd ref="13619179685" /><nd ref="1789638281" /><nd ref="7934347515" /><tag k="name" v="Calle de la Princesa" /><tag k="maxspeed" v="50" /><tag k="oneway" v="yes" /><tag k="lanes" v="3" /><tag k="highway" v="primary" /></way><way changeset="1" uid="1" user="OSMnx" visible="true" timestamp="2026-07-27T19:03:01Z" version="1" id="520069217"><nd ref="26080779" /><nd ref="927751052" /><tag k="name" v="Calle de la Princesa" /><tag k="oneway" v="yes" /><tag k="lanes" v="2" /><tag k="highway" v="primary" /></way><way changeset="1" uid="1" user="OSMnx" visible="true" timestamp="2026-07-27T19:03:01Z" version="1" id="542325012"><nd ref="1352957236" /><nd ref="2598785470" /><tag k="name" v="Plaza de España" /><tag k="maxspeed" v="50" /><tag k="oneway" v="yes" /><tag k="lanes" v="3" /><tag k="highway" v="residential" /></way><way changeset="1" uid="1" user="OSMnx" visible="true" timestamp="2026-07-27T19:03:01Z" version="1" id="542325013"><nd ref="9307495429" /><nd ref="10016776546" /><nd ref="13665143717" /><nd ref="13665143709" /><nd ref="13665143716" /><nd ref="960747254" /><nd ref="10016776550" /><nd ref="9307495438" /><nd ref="13665143715" /><nd ref="10016776551" /><nd ref="9307495431" /><nd ref="9307495432" /><tag k="name" v="Plaza de España" /><tag k="maxspeed" v="50" /><tag k="oneway" v="yes" /><tag k="lanes" v="3" /><tag k="highway" v="primary" /></way><way changeset="1" uid="1" user="OSMnx" visible="true" timestamp="2026-07-27T19:03:01Z" version="1" id="545103682"><nd ref="1501200369" /><nd ref="1352957251" /><nd ref="913224073" /><tag k="name" v="Plaza de España" /><tag k="maxspeed" v="50" /><tag k="oneway" v="yes" /><tag k="lanes" v="3" /><tag k="highway" v="primary" /></way><way changeset="1" uid="1" user="OSMnx" visible="true" timestamp="2026-07-27T19:03:01Z" version="1" id="545103684"><nd ref="5559534844" /><nd ref="5268725087" /><nd ref="10016776552" /><nd ref="5559534846" /><nd ref="5342725027" /><tag k="name" v="Plaza de España" /><tag k="maxspeed" v="30" /><tag k="oneway" v="yes" /><tag k="lanes" v="1" /><tag k="highway" v="residential" /></way><way changeset="1" uid="1" user="OSMnx" visible="true" timestamp="2026-07-27T19:03:01Z" version="1" id="546584317"><nd ref="26067866" /><nd ref="12400374724" /><nd ref="12410343602" /><tag k="name" v="Plaza de España" /><tag k="maxspeed" v="20" /><tag k="oneway" v="yes" /><tag k="lanes" v="1" /><tag k="highway" v="living_street" /></way><way changeset="1" uid="1" user="OSMnx" visible="true" timestamp="2026-07-27T19:03:01Z" version="1" id="546584319"><nd ref="12410343602" /><nd ref="913224061" /><nd ref="26068010" /><nd ref="26068003" /><nd ref="9306444660" /><tag k="name" v="Plaza de España" /><tag k="maxspeed" v="20" /><tag k="oneway" v="yes" /><tag k="lanes" v="1" /><tag k="highway" v="living_street" /></way><way changeset="1" uid="1" user="OSMnx" visible="true" timestamp="2026-07-27T19:03:01Z" version="1" id="548526337"><nd ref="5559534844" /><nd ref="5268725083" /><nd ref="5559534847" /><nd ref="13665143708" /><nd ref="12410331097" /><nd ref="13665143707" /><nd ref="13665143706" /><nd ref="5268725084" /><nd ref="1352957241" /><tag k="name" v="Plaza de España" /><tag k="maxspeed" v="30" /><tag k="oneway" v="yes" /><tag k="lanes" v="1" /><tag k="access" v="no" /><tag k="highway" v="residential" /></way><way changeset="1" uid="1" user="OSMnx" visible="true" timestamp="2026-07-27T19:03:01Z" version="1" id="554357607"><nd ref="13076727652" /><nd ref="13076727651" /><nd ref="13076727650" /><nd ref="13076727648" /><tag k="name" v="Paseo del Pintor Rosales" /><tag k="maxspeed" v="50" /><tag k="oneway" v="yes" /><tag k="lanes" v="3" /><tag k="highway" v="secondary" /></way><way changeset="1" uid="1" user="OSMnx" visible="true" timestamp="2026-07-27T19:03:01Z" version="1" id="604682695"><nd ref="55161124" /><nd ref="8447121533" /><nd ref="55161130" /><tag k="name" v="Calle del Marqués de Urquijo" /><tag k="maxspeed" v="50" /><tag k="oneway" v="yes" /><tag k="lanes" v="4" /><tag k="highway" v="primary" /></way><way changeset="1" uid="1" user="OSMnx" visible="true" timestamp="2026-07-27T19:03:01Z" version="1" id="604682696"><nd ref="55161135" /><nd ref="5273358099" /><tag k="name" v="Calle de Tutor" /><tag k="maxspeed" v="30" /><tag k="oneway" v="yes" /><tag k="lanes" v="1" /><tag k="highway" v="residential" /></way><way changeset="1" uid="1" user="OSMnx" visible="true" timestamp="2026-07-27T19:03:01Z" version="1" id="604682697"><nd ref="55161135" /><nd ref="5273361955" /><nd ref="13619179697" /><nd ref="622204581" /><nd ref="12400374736" /><nd ref="25935524" /><tag k="name" v="Calle del Marqués de Urquijo" /><tag k="maxspeed" v="50" /><tag k="oneway" v="yes" /><tag k="lanes" v="3" /><tag k="highway" v="primary" /></way><way changeset="1" uid="1" user="OSMnx" visible="true" timestamp="2026-07-27T19:03:01Z" version="1" id="673102680"><nd ref="292118651" /><nd ref="292118733" /><tag k="name" v="Plaza de España" /><tag k="tunnel" v="yes" /><tag k="oneway" v="yes" /><tag k="lanes" v="2" /><tag k="highway" v="secondary" /></way><way changeset="1" uid="1" user="OSMnx" visible="true" timestamp="2026-07-27T19:03:01Z" version="1" id="687241632"><nd ref="55161167" /><nd ref="1095709764" /><tag k="name" v="Calle del Marqués de Urquijo" /><tag k="maxspeed" v="30" /><tag k="oneway" v="yes" /><tag k="lanes" v="2" /><tag k="highway" v="primary" /></way><way changeset="1" uid="1" user="OSMnx" visible="true" timestamp="2026-07-27T19:03:01Z" version="1" id="687463489"><nd ref="937706305" /><nd ref="7140036355" /><nd ref="26080664" /><tag k="name" v="Paseo del Pintor Rosales" /><tag k="oneway" v="yes" /><tag k="lanes" v="4" /><tag k="highway" v="secondary" /></way><way changeset="1" uid="1" user="OSMnx" visible="true" timestamp="2026-07-27T19:03:01Z" version="1" id="687463490"><nd ref="623071227" /><nd ref="7968363511" /><nd ref="454563947" /><nd ref="26080667" /><nd ref="292123017" /><tag k="name" v="Calle de Ferraz" /><tag k="oneway" v="yes" /><tag k="lanes" v="4" /><tag k="highway" v="secondary" /></way><way changeset="1" uid="1" user="OSMnx" visible="true" timestamp="2026-07-27T19:03:01Z" version="1" id="687465094"><nd ref="292123017" /><nd ref="7126146744" /><nd ref="9306444689" /><tag k="name" v="Calle de Ferraz" /><tag k="oneway" v="yes" /><tag k="lanes" v="3" /><tag k="highway" v="secondary" /></way><way changeset="1" uid="1" user="OSMnx" visible="true" timestamp="2026-07-27T19:03:01Z" version="1" id="687861983"><nd ref="5385241321" /><nd ref="1179022127" /><nd ref="25935515" /><tag k="name" v="Calle de la Princesa" /><tag k="oneway" v="yes" /><tag k="lanes" v="3" /><tag k="highway" v="primary" /></way><way changeset="1" uid="1" user="OSMnx" visible="true" timestamp="2026-07-27T19:03:01Z" version="1" id="746008107"><nd ref="55161119" /><nd ref="55161167" /><tag k="name" v="Calle de Ferraz" /><tag k="maxspeed" v="50" /><tag k="oneway" v="yes" /><tag k="lanes" v="3" /><tag k="highway" v="secondary" /></way><way changeset="1" uid="1" user="OSMnx" visible="true" timestamp="2026-07-27T19:03:01Z" version="1" id="746008110"><nd ref="25935532" /><nd ref="6981674372" /><nd ref="26578942" /><tag k="name" v="Calle de la Princesa" /><tag k="oneway" v="yes" /><tag k="lanes" v="3" /><tag k="highway" v="primary" /></way><way changeset="1" uid="1" user="OSMnx" visible="true" timestamp="2026-07-27T19:03:01Z" version="1" id="762649989"><nd ref="1855048164" /><nd ref="7968363521" /><nd ref="10604931740" /><nd ref="7991193695" /><tag k="name" v="Calle de Ferraz" /><tag k="maxspeed" v="40" /><tag k="tunnel" v="yes" /><tag k="oneway" v="yes" /><tag k="lanes" v="3" /><tag k="highway" v="secondary" /></way><way changeset="1" uid="1" user="OSMnx" visible="true" timestamp="2026-07-27T19:03:01Z" version="1" id="763501191"><nd ref="13076727663" /><nd ref="13076727662" /><tag k="name" v="Paseo de Moret" /><tag k="maxspeed" v="50" /><tag k="oneway" v="yes" /><tag k="lanes" v="4" /><tag k="highway" v="secondary" /></way><way changeset="1" uid="1" user="OSMnx" visible="true" timestamp="2026-07-27T19:03:01Z" version="1" id="764265149"><nd ref="26080755" /><nd ref="1715383485" /><nd ref="26080663" /><tag k="name" v="Paseo del Pintor Rosales" /><tag k="maxspeed" v="50" /><tag k="oneway" v="yes" /><tag k="lanes" v="4" /><tag k="highway" v="secondary" /></way><way changeset="1" uid="1" user="OSMnx" visible="true" timestamp="2026-07-27T19:03:01Z" version="1" id="807911343"><nd ref="55161049" /><nd ref="7619689676" /><nd ref="1855048168" /><nd ref="7537446010" /><tag k="name" v="Calle de Ventura Rodríguez" /><tag k="maxspeed" v="50" /><tag k="oneway" v="yes" /><tag k="lanes" v="2" /><tag k="highway" v="primary" /></way><way changeset="1" uid="1" user="OSMnx" visible="true" timestamp="2026-07-27T19:03:01Z" version="1" id="815856974"><nd ref="7619712787" /><nd ref="7619712786" /><nd ref="4110036588" /><nd ref="7619689677" /><nd ref="7619689681" /><nd ref="7619689679" /><nd ref="7619689676" /><tag k="name" v="Calle de Juan Álvarez Mendizábal" /><tag k="maxspeed" v="30" /><tag k="oneway" v="yes" /><tag k="highway" v="residential" /></way><way changeset="1" uid="1" user="OSMnx" visible="true" timestamp="2026-07-27T19:03:01Z" version="1" id="815856975"><nd ref="55161046" /><nd ref="3100329628" /><nd ref="55161049" /><tag k="name" v="Calle de Ventura Rodríguez" /><tag k="maxspeed" v="50" /><tag k="oneway" v="yes" /><tag k="lanes" v="2" /><tag k="highway" v="primary" /></way><way changeset="1" uid="1" user="OSMnx" visible="true" timestamp="2026-07-27T19:03:01Z" version="1" id="815856977"><nd ref="7619712795" /><nd ref="7619712789" /><nd ref="7126146758" /><nd ref="9281775202" /><nd ref="7619712787" /><tag k="name" v="Plaza de España" /><tag k="maxspeed" v="20" /><tag k="oneway" v="yes" /><tag k="lanes" v="1" /><tag k="highway" v="living_street" /></way><way changeset="1" uid="1" user="OSMnx" visible="true" timestamp="2026-07-27T19:03:01Z" version="1" id="815856978"><nd ref="7619712797" /><nd ref="7619712793" /><nd ref="7619712792" /><nd ref="7619712791" /><nd ref="7619712790" /><nd ref="7619712795" /><tag k="name" v="Calle de Ferraz" /><tag k="maxspeed" v="20" /><tag k="oneway" v="yes" /><tag k="lanes" v="1" /><tag k="highway" v="living_street" /></way><way changeset="1" uid="1" user="OSMnx" visible="true" timestamp="2026-07-27T19:03:01Z" version="1" id="815856979"><nd ref="10931205596" /><nd ref="9306444692" /><nd ref="7968363513" /><nd ref="7968363515" /><nd ref="7991188275" /><nd ref="11327800846" /><nd ref="8325971338" /><tag k="name" v="Calle de Ferraz" /><tag k="maxspeed" v="30" /><tag k="oneway" v="yes" /><tag k="lanes" v="1" /><tag k="highway" v="residential" /></way><way changeset="1" uid="1" user="OSMnx" visible="true" timestamp="2026-07-27T19:03:01Z" version="1" id="815856980"><nd ref="7555089991" /><nd ref="7968363523" /><tag k="name" v="Calle de Ferraz" /><tag k="maxspeed" v="40" /><tag k="oneway" v="yes" /><tag k="lanes" v="3" /><tag k="highway" v="primary" /></way><way changeset="1" uid="1" user="OSMnx" visible="true" timestamp="2026-07-27T19:03:01Z" version="1" id="850049293"><nd ref="893869107" /><nd ref="7930651356" /><nd ref="7930651357" /><nd ref="7930651358" /><nd ref="13619179683" /><nd ref="4110093642" /><nd ref="7930651361" /><tag k="name" v="Duque de Liria" /><tag k="maxspeed" v="30" /><tag k="oneway" v="yes" /><tag k="lanes" v="3" /><tag k="highway" v="primary" /></way><way changeset="1" uid="1" user="OSMnx" visible="true" timestamp="2026-07-27T19:03:01Z" version="1" id="850469758"><nd ref="12840937955" /><nd ref="7934347506" /><nd ref="13619179684" /><nd ref="7934347509" /><nd ref="7934347510" /><nd ref="7934347511" /><tag k="name" v="Duque de Liria" /><tag k="oneway" v="yes" /><tag k="lanes" v="2" /><tag k="highway" v="primary" /></way><way changeset="1" uid="1" user="OSMnx" visible="true" timestamp="2026-07-27T19:03:01Z" version="1" id="854461430"><nd ref="8325971338" /><nd ref="26080688" /><tag k="name" v="Calle de Ferraz" /><tag k="oneway" v="yes" /><tag k="lanes" v="3" /><tag k="highway" v="secondary" /></way><way changeset="1" uid="1" user="OSMnx" visible="true" timestamp="2026-07-27T19:03:01Z" version="1" id="854461432"><nd ref="7991193695" /><nd ref="8325971338" /><tag k="name" v="Calle de Ferraz" /><tag k="oneway" v="yes" /><tag k="lanes" v="3" /><tag k="highway" v="secondary" /></way><way changeset="1" uid="1" user="OSMnx" visible="true" timestamp="2026-07-27T19:03:01Z" version="1" id="854461433"><nd ref="7619712797" /><nd ref="9306444693" /><nd ref="7555089990" /><nd ref="7968363514" /><nd ref="7555089991" /><tag k="name" v="Calle de Ventura Rodríguez" /><tag k="oneway" v="yes" /><tag k="lanes" v="2" /><tag k="highway" v="primary" /></way><way changeset="1" uid="1" user="OSMnx" visible="true" timestamp="2026-07-27T19:03:01Z" version="1" id="858720949"><nd ref="292118700" /><nd ref="7968363535" /><tag k="name" v="Cuesta de San Vicente" /><tag k="maxspeed" v="50" /><tag k="tunnel" v="yes" /><tag k="oneway" v="yes" /><tag k="lanes" v="3" /><tag k="highway" v="primary" /></way><way changeset="1" uid="1" user="OSMnx" visible="true" timestamp="2026-07-27T19:03:01Z" version="1" id="858885642"><nd ref="55161074" /><nd ref="1358036199" /><nd ref="8473661003" /><nd ref="1358036201" /><nd ref="55161108" /><tag k="name" v="Calle de Ferraz" /><tag k="maxspeed" v="50" /><tag k="oneway" v="yes" /><tag k="lanes" v="3" /><tag k="highway" v="secondary" /></way><way changeset="1" uid="1" user="OSMnx" visible="true" timestamp="2026-07-27T19:03:01Z" version="1" id="858885643"><nd ref="55161074" /><nd ref="1358036197" /><nd ref="1364770953" /><nd ref="26080763" /><tag k="name" v="Calle de Quintana" /><tag k="maxspeed" v="50" /><tag k="oneway" v="yes" /><tag k="lanes" v="2" /><tag k="highway" v="residential" /></way><way changeset="1" uid="1" user="OSMnx" visible="true" timestamp="2026-07-27T19:03:01Z" version="1" id="873314041"><nd ref="7934347511" /><nd ref="13619179686" /><nd ref="1789638282" /><nd ref="26067884" /><tag k="name" v="Calle de la Princesa" /><tag k="maxspeed" v="50" /><tag k="oneway" v="yes" /><tag k="lanes" v="3" /><tag k="highway" v="primary" /></way><way changeset="1" uid="1" user="OSMnx" visible="true" timestamp="2026-07-27T19:03:01Z" version="1" id="873314042"><nd ref="7934347511" /><nd ref="7934347512" /><nd ref="7934347513" /><nd ref="7934347514" /><nd ref="7934347515" /><tag k="name" v="Calle de la Princesa" /><tag k="maxspeed" v="30" /><tag k="oneway" v="yes" /><tag k="lanes" v="2" /><tag k="highway" v="primary" /></way><way changeset="1" uid="1" user="OSMnx" visible="true" timestamp="2026-07-27T19:03:01Z" version="1" id="873314043"><nd ref="7934347515" /><nd ref="26067881" /><tag k="name" v="Calle de la Princesa" /><tag k="maxspeed" v="50" /><tag k="oneway" v="yes" /><tag k="lanes" v="3" /><tag k="highway" v="primary" /></way><way changeset="1" uid="1" user="OSMnx" visible="true" timestamp="2026-07-27T19:03:01Z" version="1" id="907759981"><nd ref="25935522" /><nd ref="12400374761" /><nd ref="13619179699" /><tag k="name" v="Calle de Alberto Aguilera" /><tag k="maxspeed" v="50" /><tag k="oneway" v="yes" /><tag k="lanes" v="4" /><tag k="highway" v="primary" /></way><way changeset="1" uid="1" user="OSMnx" visible="true" timestamp="2026-07-27T19:03:01Z" version="1" id="908546755"><nd ref="1505081040" /><nd ref="12674385036" /><nd ref="1446632660" /><tag k="name" v="Calle de la Princesa" /><tag k="maxspeed" v="50" /><tag k="oneway" v="yes" /><tag k="lanes" v="3" /><tag k="highway" v="primary" /></way><way changeset="1" uid="1" user="OSMnx" visible="true" timestamp="2026-07-27T19:03:01Z" version="1" id="909084304"><nd ref="13076727653" /><nd ref="13076727652" /><tag k="name" v="Paseo del Pintor Rosales" /><tag k="maxspeed" v="50" /><tag k="oneway" v="yes" /><tag k="lanes" v="3" /><tag k="highway" v="secondary" /></way><way changeset="1" uid="1" user="OSMnx" visible="true" timestamp="2026-07-27T19:03:01Z" version="1" id="911311587"><nd ref="1067565849" /><nd ref="12354677173" /><nd ref="937660057" /><nd ref="1505081012" /><nd ref="26578954" /><tag k="name" v="Calle de la Princesa" /><tag k="maxspeed" v="50" /><tag k="oneway" v="yes" /><tag k="lanes" v="3" /><tag k="highway" v="primary" /></way><way changeset="1" uid="1" user="OSMnx" visible="true" timestamp="2026-07-27T19:03:01Z" version="1" id="940803290"><nd ref="5006352965" /><nd ref="5005343790" /><tag k="name" v="Paseo de Moret" /><tag k="oneway" v="no" /><tag k="lanes" v="4" /><tag k="highway" v="secondary" /></way><way changeset="1" uid="1" user="OSMnx" visible="true" timestamp="2026-07-27T19:03:01Z" version="1" id="976586079"><nd ref="26067257" /><nd ref="1501200393" /><nd ref="5385241323" /><tag k="name" v="Calle de la Princesa" /><tag k="oneway" v="yes" /><tag k="lanes" v="3" /><tag k="highway" v="primary" /></way><way changeset="1" uid="1" user="OSMnx" visible="true" timestamp="2026-07-27T19:03:01Z" version="1" id="1008751309"><nd ref="1501171070" /><nd ref="7968363533" /><nd ref="7968363534" /><nd ref="7968363535" /><tag k="name" v="Plaza de España" /><tag k="tunnel" v="yes" /><tag k="oneway" v="yes" /><tag k="lanes" v="2" /><tag k="highway" v="primary" /></way><way changeset="1" uid="1" user="OSMnx" visible="true" timestamp="2026-07-27T19:03:01Z" version="1" id="1008751310"><nd ref="9307490316" /><nd ref="13665155957" /><nd ref="10016776544" /><nd ref="13665155956" /><nd ref="9307495417" /><tag k="tunnel" v="yes" /><tag k="oneway" v="yes" /><tag k="lanes" v="1" /><tag k="highway" v="secondary_link" /></way><way changeset="1" uid="1" user="OSMnx" visible="true" timestamp="2026-07-27T19:03:01Z" version="1" id="1008751312"><nd ref="9307495418" /><nd ref="9281757109" /><nd ref="9307495420" /><nd ref="9307495429" /><tag k="tunnel" v="yes" /><tag k="oneway" v="yes" /><tag k="lanes" v="1" /><tag k="access" v="no" /><tag k="highway" v="secondary_link" /></way><way changeset="1" uid="1" user="OSMnx" visible="true" timestamp="2026-07-27T19:03:01Z" version="1" id="1085762238"><nd ref="7537446010" /><nd ref="13423404198" /><nd ref="7619712797" /><tag k="name" v="Calle de Ventura Rodríguez" /><tag k="oneway" v="yes" /><tag k="lanes" v="2" /><tag k="highway" v="primary" /></way><way changeset="1" uid="1" user="OSMnx" visible="true" timestamp="2026-07-27T19:03:01Z" version="1" id="1093659576"><nd ref="292118651" /><nd ref="9307495417" /><tag k="name" v="Plaza de España" /><tag k="maxspeed" v="50" /><tag k="tunnel" v="yes" /><tag k="oneway" v="yes" /><tag k="lanes" v="1" /><tag k="highway" v="residential" /></way><way changeset="1" uid="1" user="OSMnx" visible="true" timestamp="2026-07-27T19:03:01Z" version="1" id="1117831239"><nd ref="55161051" /><nd ref="1378696850" /><nd ref="13619179688" /><nd ref="12400374729" /><nd ref="26080779" /><tag k="name" v="Calle de Evaristo San Miguel" /><tag k="oneway" v="yes" /><tag k="lanes" v="2" /><tag k="highway" v="residential" /></way><way changeset="1" uid="1" user="OSMnx" visible="true" timestamp="2026-07-27T19:03:01Z" version="1" id="1117831240"><nd ref="55138206" /><nd ref="7537446003" /><nd ref="7537446004" /><nd ref="4285281350" /><nd ref="55161044" /><nd ref="927751050" /><nd ref="55161051" /><tag k="name" v="Calle de Tutor" /><tag k="maxspeed" v="30" /><tag k="oneway" v="yes" /><tag k="lanes" v="1" /><tag k="highway" v="residential" /></way><way changeset="1" uid="1" user="OSMnx" visible="true" timestamp="2026-07-27T19:03:01Z" version="1" id="1137690631"><nd ref="55161119" /><nd ref="3471365915" /><nd ref="13448660818" /><nd ref="55161124" /><tag k="name" v="Calle del Marqués de Urquijo" /><tag k="maxspeed" v="50" /><tag k="oneway" v="yes" /><tag k="lanes" v="3" /><tag k="highway" v="primary" /></way><way changeset="1" uid="1" user="OSMnx" visible="true" timestamp="2026-07-27T19:03:01Z" version="1" id="1137690637"><nd ref="9306444689" /><nd ref="7555089991" /><tag k="name" v="Calle de Ferraz" /><tag k="oneway" v="yes" /><tag k="lanes" v="3" /><tag k="highway" v="secondary" /></way><way changeset="1" uid="1" user="OSMnx" visible="true" timestamp="2026-07-27T19:03:01Z" version="1" id="1217318545"><nd ref="5342725027" /><nd ref="5268725088" /><nd ref="5350038440" /><tag k="name" v="Plaza de España" /><tag k="maxspeed" v="30" /><tag k="oneway" v="yes" /><tag k="lanes" v="1" /><tag k="highway" v="residential" /></way><way changeset="1" uid="1" user="OSMnx" visible="true" timestamp="2026-07-27T19:03:01Z" version="1" id="1217444756"><nd ref="8577075130" /><nd ref="26578946" /><tag k="name" v="Calle de la Princesa" /><tag k="maxspeed" v="50" /><tag k="oneway" v="yes" /><tag k="lanes" v="3" /><tag k="highway" v="primary" /></way><way changeset="1" uid="1" user="OSMnx" visible="true" timestamp="2026-07-27T19:03:01Z" version="1" id="1339188789"><nd ref="26578956" /><nd ref="6981674370" /><nd ref="26578957" /><nd ref="55161188" /><tag k="name" v="Calle de Romero Robledo" /><tag k="maxspeed" v="50" /><tag k="oneway" v="yes" /><tag k="highway" v="residential" /></way><way changeset="1" uid="1" user="OSMnx" visible="true" timestamp="2026-07-27T19:03:01Z" version="1" id="1342361812"><nd ref="12410331099" /><nd ref="4110114627" /><tag k="name" v="Plaza de España" /><tag k="maxspeed" v="50" /><tag k="oneway" v="yes" /><tag k="lanes" v="4" /><tag k="highway" v="residential" /></way><way changeset="1" uid="1" user="OSMnx" visible="true" timestamp="2026-07-27T19:03:01Z" version="1" id="1447671250"><nd ref="5350038440" /><nd ref="12410331099" /><tag k="name" v="Plaza de España" /><tag k="maxspeed" v="50" /><tag k="oneway" v="yes" /><tag k="lanes" v="2" /><tag k="highway" v="residential" /></way><way changeset="1" uid="1" user="OSMnx" visible="true" timestamp="2026-07-27T19:03:01Z" version="1" id="1447671253"><nd ref="5342725027" /><nd ref="4110031995" /><nd ref="1501200369" /><tag k="name" v="Plaza de España" /><tag k="maxspeed" v="50" /><tag k="oneway" v="yes" /><tag k="lanes" v="1" /><tag k="highway" v="primary" /></way><way changeset="1" uid="1" user="OSMnx" visible="true" timestamp="2026-07-27T19:03:01Z" version="1" id="1463417677"><nd ref="7619712797" /><nd ref="10931205596" /><tag k="name" v="Calle de Ferraz" /><tag k="maxspeed" v="30" /><tag k="oneway" v="yes" /><tag k="lanes" v="1" /><tag k="highway" v="residential" /></way></osm>