<?xml version='1.0' encoding='utf-8'?>
<osm attribution="https://www.openstreetmap.org/copyright" copyright="OpenStreetMap and contributors" generator="OSMnx 2.0.7" license="https://opendatacommons.org/licenses/odbl/1-0/" version="0.6"><bounds minlon="-3.725143" minlat="40.4218358" maxlon="-3.7108128" maxlat="40.4350563" /><node lon="-3.7149592" version="1" lat="40.4289237" timestamp="2026-05-12T23:23:03Z" id="25935515" uid="1" visible="true" user="OSMnx" changeset="1" /><node lon="-3.7150989" version="1" lat="40.4288591" timestamp="2026-05-12T23:23:03Z" id="25935516" uid="1" visible="true" user="OSMnx" changeset="1" /><node lon="-3.7162136" version="1" lat="40.430667" timestamp="2026-05-12T23:23:03Z" id="25935521" uid="1" visible="true" user="OSMnx" changeset="1" /><node lon="-3.7161447" version="1" lat="40.4305604" timestamp="2026-05-12T23:23:03Z" id="25935522" uid="1" visible="true" user="OSMnx" changeset="1" /><node lon="-3.7163298" version="1" lat="40.4306489" timestamp="2026-05-12T23:23:03Z" id="25935523" uid="1" visible="true" user="OSMnx" changeset="1" /><node lon="-3.7162708" version="1" lat="40.4305519" timestamp="2026-05-12T23:23:03Z" id="25935524" uid="1" visible="true" user="OSMnx" changeset="1" /><node lon="-3.717063" version="1" lat="40.4316681" timestamp="2026-05-12T23:23:03Z" id="25935531" uid="1" visible="true" user="OSMnx" changeset="1" /><node lon="-3.7169074" version="1" lat="40.4316461" timestamp="2026-05-12T23:23:03Z" id="25935532" uid="1" visible="true" user="OSMnx" changeset="1" /><node lon="-3.7191171" version="1" lat="40.4307846" timestamp="2026-05-12T23:23:03Z" id="25935534" uid="1" visible="true" user="OSMnx" changeset="1" /><node lon="-3.7157125" version="1" lat="40.4297103" timestamp="2026-05-12T23:23:03Z" id="25935540" uid="1" visible="true" user="OSMnx" changeset="1" /><node lon="-3.7200824" version="1" lat="40.4303837" timestamp="2026-05-12T23:23:03Z" id="25935554" uid="1" visible="true" user="OSMnx" changeset="1" /><node lon="-3.7117116" version="1" lat="40.4244003" timestamp="2026-05-12T23:23:03Z" id="26067257" uid="1" visible="true" user="OSMnx" changeset="1" /><node lon="-3.7112116" version="1" lat="40.4231942" timestamp="2026-05-12T23:23:03Z" id="26067836" uid="1" visible="true" user="OSMnx" changeset="1" /><node lon="-3.7127393" version="1" lat="40.4224377" timestamp="2026-05-12T23:23:03Z" id="26067863" uid="1" visible="true" user="OSMnx" changeset="1" /><node lon="-3.7118081" version="1" lat="40.4243672" timestamp="2026-05-12T23:23:03Z" id="26067866" uid="1" visible="true" user="OSMnx" changeset="1" /><node lon="-3.7132546" version="1" lat="40.426356" timestamp="2026-05-12T23:23:03Z" id="26067881" uid="1" visible="true" user="OSMnx" changeset="1" /><node lon="-3.7136282" version="1" lat="40.4270654" timestamp="2026-05-12T23:23:03Z" id="26067884" uid="1" visible="true" user="OSMnx" changeset="1" /><node lon="-3.7138322" version="1" lat="40.4271671" timestamp="2026-05-12T23:23:03Z" id="26067885" uid="1" visible="true" user="OSMnx" changeset="1" /><node lon="-3.7138485" version="1" lat="40.427511" timestamp="2026-05-12T23:23:03Z" id="26067887" uid="1" visible="true" user="OSMnx" changeset="1"><tag k="highway" v="traffic_signals" /></node><node lon="-3.7129554" version="1" lat="40.4237704" timestamp="2026-05-12T23:23:03Z" id="26068003" uid="1" visible="true" user="OSMnx" changeset="1" /><node lon="-3.7123967" version="1" lat="40.425163" timestamp="2026-05-12T23:23:03Z" id="26068006" uid="1" visible="true" user="OSMnx" changeset="1" /><node lon="-3.7124784" version="1" lat="40.4240308" timestamp="2026-05-12T23:23:03Z" id="26068010" uid="1" visible="true" user="OSMnx" changeset="1" /><node lon="-3.7167587" version="1" lat="40.4255872" timestamp="2026-05-12T23:23:03Z" id="26080658" uid="1" visible="true" user="OSMnx" changeset="1" /><node lon="-3.7164065" version="1" lat="40.4252028" timestamp="2026-05-12T23:23:03Z" id="26080659" uid="1" visible="true" user="OSMnx" changeset="1" /><node lon="-3.7166983" version="1" lat="40.4253701" timestamp="2026-05-12T23:23:03Z" id="26080661" uid="1" visible="true" user="OSMnx" changeset="1" /><node lon="-3.7167375" version="1" lat="40.4253641" timestamp="2026-05-12T23:23:03Z" id="26080662" uid="1" visible="true" user="OSMnx" changeset="1" /><node lon="-3.7172006" version="1" lat="40.4252498" timestamp="2026-05-12T23:23:03Z" id="26080663" uid="1" visible="true" user="OSMnx" changeset="1" /><node lon="-3.7167268" version="1" lat="40.4251443" timestamp="2026-05-12T23:23:03Z" id="26080664" uid="1" visible="true" user="OSMnx" changeset="1" /><node lon="-3.7164578" version="1" lat="40.4250282" timestamp="2026-05-12T23:23:03Z" id="26080665" uid="1" visible="true" user="OSMnx" changeset="1" /><node lon="-3.7154971" version="1" lat="40.4241005" timestamp="2026-05-12T23:23:03Z" id="26080667" uid="1" visible="true" user="OSMnx" changeset="1" /><node lon="-3.7159496" version="1" lat="40.4247524" timestamp="2026-05-12T23:23:03Z" id="26080688" uid="1" visible="true" user="OSMnx" changeset="1" /><node lon="-3.7156188" version="1" lat="40.4241284" timestamp="2026-05-12T23:23:03Z" id="26080738" uid="1" visible="true" user="OSMnx" changeset="1" /><node lon="-3.7184579" version="1" lat="40.425469" timestamp="2026-05-12T23:23:03Z" id="26080754" uid="1" visible="true" user="OSMnx" changeset="1" /><node lon="-3.7182799" version="1" lat="40.4254769" timestamp="2026-05-12T23:23:03Z" id="26080755" uid="1" visible="true" user="OSMnx" changeset="1" /><node lon="-3.7184524" version="1" lat="40.4255719" timestamp="2026-05-12T23:23:03Z" id="26080756" uid="1" visible="true" user="OSMnx" changeset="1" /><node lon="-3.7186775" version="1" lat="40.425781" timestamp="2026-05-12T23:23:03Z" id="26080757" uid="1" visible="true" user="OSMnx" changeset="1" /><node lon="-3.7196945" version="1" lat="40.4268249" timestamp="2026-05-12T23:23:03Z" id="26080763" uid="1" visible="true" user="OSMnx" changeset="1" /><node lon="-3.7146265" version="1" lat="40.4282605" timestamp="2026-05-12T23:23:03Z" id="26080778" uid="1" visible="true" user="OSMnx" changeset="1" /><node lon="-3.714219" version="1" lat="40.4277051" timestamp="2026-05-12T23:23:03Z" id="26080779" uid="1" visible="true" user="OSMnx" changeset="1" /><node lon="-3.7142826" version="1" lat="40.4266075" timestamp="2026-05-12T23:23:03Z" id="26080781" uid="1" visible="true" user="OSMnx" changeset="1" /><node lon="-3.7171105" version="1" lat="40.4319228" timestamp="2026-05-12T23:23:03Z" id="26578942" uid="1" visible="true" user="OSMnx" changeset="1" /><node lon="-3.7173983" version="1" lat="40.4322992" timestamp="2026-05-12T23:23:03Z" id="26578943" uid="1" visible="true" user="OSMnx" changeset="1"><tag k="highway" v="traffic_signals" /></node><node lon="-3.7179129" version="1" lat="40.4330227" timestamp="2026-05-12T23:23:03Z" id="26578944" uid="1" visible="true" user="OSMnx" changeset="1" /><node lon="-3.7185671" version="1" lat="40.4339433" timestamp="2026-05-12T23:23:03Z" id="26578945" uid="1" visible="true" user="OSMnx" changeset="1"><tag k="highway" v="traffic_signals" /></node><node lon="-3.7187427" version="1" lat="40.4341818" timestamp="2026-05-12T23:23:03Z" id="26578946" uid="1" visible="true" user="OSMnx" changeset="1" /><node lon="-3.7196737" version="1" lat="40.4314157" timestamp="2026-05-12T23:23:03Z" id="26578950" uid="1" visible="true" user="OSMnx" changeset="1" /><node lon="-3.7206561" version="1" lat="40.4309988" timestamp="2026-05-12T23:23:03Z" id="26578951" uid="1" visible="true" user="OSMnx" changeset="1" /><node lon="-3.7180218" version="1" lat="40.4329844" timestamp="2026-05-12T23:23:03Z" id="26578954" uid="1" visible="true" user="OSMnx" changeset="1" /><node lon="-3.7202608" version="1" lat="40.4320699" timestamp="2026-05-12T23:23:03Z" id="26578956" uid="1" visible="true" user="OSMnx" changeset="1"><tag k="highway" v="traffic_signals" /></node><node lon="-3.7212525" version="1" lat="40.4316438" timestamp="2026-05-12T23:23:03Z" id="26578957" uid="1" visible="true" user="OSMnx" changeset="1" /><node lon="-3.7178537" version="1" lat="40.432752" timestamp="2026-05-12T23:23:03Z" id="26578958" uid="1" visible="true" user="OSMnx" changeset="1"><tag k="highway" v="crossing" /></node><node lon="-3.7195061" version="1" lat="40.4349856" timestamp="2026-05-12T23:23:03Z" id="26578960" uid="1" visible="true" user="OSMnx" changeset="1" /><node lon="-3.7195778" version="1" lat="40.4349394" timestamp="2026-05-12T23:23:03Z" id="26578961" uid="1" visible="true" user="OSMnx" changeset="1" /><node lon="-3.7216644" version="1" lat="40.4340388" timestamp="2026-05-12T23:23:03Z" id="26578963" uid="1" visible="true" user="OSMnx" changeset="1" /><node lon="-3.7233905" version="1" lat="40.4324159" timestamp="2026-05-12T23:23:03Z" id="26578974" uid="1" visible="true" user="OSMnx" changeset="1" /><node lon="-3.7228178" version="1" lat="40.4318256" timestamp="2026-05-12T23:23:03Z" id="26578975" uid="1" visible="true" user="OSMnx" changeset="1" /><node lon="-3.716866" version="1" lat="40.4255068" timestamp="2026-05-12T23:23:03Z" id="55138143" uid="1" visible="true" user="OSMnx" changeset="1"><tag k="highway" v="crossing" /></node><node lon="-3.7158819" version="1" lat="40.4248129" timestamp="2026-05-12T23:23:03Z" id="55138155" uid="1" visible="true" user="OSMnx" changeset="1"><tag k="highway" v="crossing" /></node><node lon="-3.7153842" version="1" lat="40.4253544" timestamp="2026-05-12T23:23:03Z" id="55138166" uid="1" visible="true" user="OSMnx" changeset="1" /><node lon="-3.714876" version="1" lat="40.4259357" timestamp="2026-05-12T23:23:03Z" id="55138174" uid="1" visible="true" user="OSMnx" changeset="1" /><node lon="-3.7175377" version="1" lat="40.4323222" timestamp="2026-05-12T23:23:03Z" id="55138197" uid="1" visible="true" user="OSMnx" changeset="1" /><node lon="-3.7136301" version="1" lat="40.4256383" timestamp="2026-05-12T23:23:03Z" id="55138206" uid="1" visible="true" user="OSMnx" changeset="1" /><node lon="-3.7227494" version="1" lat="40.431755" timestamp="2026-05-12T23:23:03Z" id="55161023" uid="1" visible="true" user="OSMnx" changeset="1" /><node lon="-3.7161226" version="1" lat="40.4261356" timestamp="2026-05-12T23:23:03Z" id="55161030" uid="1" visible="true" user="OSMnx" changeset="1" /><node lon="-3.7154954" version="1" lat="40.4266525" timestamp="2026-05-12T23:23:03Z" id="55161034" uid="1" visible="true" user="OSMnx" changeset="1" /><node lon="-3.7191775" version="1" lat="40.4325245" timestamp="2026-05-12T23:23:03Z" id="55161040" uid="1" visible="true" user="OSMnx" changeset="1" /><node lon="-3.7143761" version="1" lat="40.426505" timestamp="2026-05-12T23:23:03Z" id="55161044" uid="1" visible="true" user="OSMnx" changeset="1" /><node lon="-3.7139989" version="1" lat="40.4250146" timestamp="2026-05-12T23:23:03Z" id="55161046" uid="1" visible="true" user="OSMnx" changeset="1" /><node lon="-3.7144124" version="1" lat="40.4242996" timestamp="2026-05-12T23:23:03Z" id="55161049" uid="1" visible="true" user="OSMnx" changeset="1" /><node lon="-3.7148919" version="1" lat="40.4271531" timestamp="2026-05-12T23:23:03Z" id="55161051" uid="1" visible="true" user="OSMnx" changeset="1" /><node lon="-3.7154109" version="1" lat="40.4277862" timestamp="2026-05-12T23:23:03Z" id="55161055" uid="1" visible="true" user="OSMnx" changeset="1" /><node lon="-3.7161126" version="1" lat="40.4273542" timestamp="2026-05-12T23:23:03Z" id="55161059" uid="1" visible="true" user="OSMnx" changeset="1" /><node lon="-3.71684" version="1" lat="40.4269087" timestamp="2026-05-12T23:23:03Z" id="55161064" uid="1" visible="true" user="OSMnx" changeset="1" /><node lon="-3.7176075" version="1" lat="40.426452" timestamp="2026-05-12T23:23:03Z" id="55161067" uid="1" visible="true" user="OSMnx" changeset="1"><tag k="highway" v="traffic_signals" /></node><node lon="-3.7185012" version="1" lat="40.4273851" timestamp="2026-05-12T23:23:03Z" id="55161074" uid="1" visible="true" user="OSMnx" changeset="1" /><node lon="-3.7176403" version="1" lat="40.4277617" timestamp="2026-05-12T23:23:03Z" id="55161078" uid="1" visible="true" user="OSMnx" changeset="1" /><node lon="-3.7168093" version="1" lat="40.4281253" timestamp="2026-05-12T23:23:03Z" id="55161082" uid="1" visible="true" user="OSMnx" changeset="1" /><node lon="-3.7159749" version="1" lat="40.4284856" timestamp="2026-05-12T23:23:03Z" id="55161088" uid="1" visible="true" user="OSMnx" changeset="1" /><node lon="-3.7166476" version="1" lat="40.4293142" timestamp="2026-05-12T23:23:03Z" id="55161091" uid="1" visible="true" user="OSMnx" changeset="1" /><node lon="-3.7175179" version="1" lat="40.4289351" timestamp="2026-05-12T23:23:03Z" id="55161094" uid="1" visible="true" user="OSMnx" changeset="1" /><node lon="-3.718385" version="1" lat="40.4285608" timestamp="2026-05-12T23:23:03Z" id="55161100" uid="1" visible="true" user="OSMnx" changeset="1" /><node lon="-3.7192718" version="1" lat="40.4281743" timestamp="2026-05-12T23:23:03Z" id="55161108" uid="1" visible="true" user="OSMnx" changeset="1" /><node lon="-3.7203175" version="1" lat="40.4292591" timestamp="2026-05-12T23:23:03Z" id="55161119" uid="1" visible="true" user="OSMnx" changeset="1"><tag k="highway" v="traffic_signals" /></node><node lon="-3.719334" version="1" lat="40.4295748" timestamp="2026-05-12T23:23:03Z" id="55161124" uid="1" visible="true" user="OSMnx" changeset="1" /><node lon="-3.7183351" version="1" lat="40.4299035" timestamp="2026-05-12T23:23:03Z" id="55161130" uid="1" visible="true" user="OSMnx" changeset="1"><tag k="highway" v="traffic_signals" /></node><node lon="-3.7173652" version="1" lat="40.4302182" timestamp="2026-05-12T23:23:03Z" id="55161135" uid="1" visible="true" user="OSMnx" changeset="1"><tag k="highway" v="traffic_signals" /></node><node lon="-3.7184152" version="1" lat="40.4299848" timestamp="2026-05-12T23:23:03Z" id="55161145" uid="1" visible="true" user="OSMnx" changeset="1"><tag k="highway" v="traffic_signals" /></node><node lon="-3.7194743" version="1" lat="40.4296443" timestamp="2026-05-12T23:23:03Z" id="55161154" uid="1" visible="true" user="OSMnx" changeset="1" /><node lon="-3.720405" version="1" lat="40.4293494" timestamp="2026-05-12T23:23:03Z" id="55161167" uid="1" visible="true" user="OSMnx" changeset="1"><tag k="highway" v="traffic_signals" /></node><node lon="-3.7181387" version="1" lat="40.4311908" timestamp="2026-05-12T23:23:03Z" id="55161170" uid="1" visible="true" user="OSMnx" changeset="1" /><node lon="-3.7186516" version="1" lat="40.4318494" timestamp="2026-05-12T23:23:03Z" id="55161174" uid="1" visible="true" user="OSMnx" changeset="1" /><node lon="-3.7216191" version="1" lat="40.4305906" timestamp="2026-05-12T23:23:03Z" id="55161178" uid="1" visible="true" user="OSMnx" changeset="1" /><node lon="-3.7210307" version="1" lat="40.4299909" timestamp="2026-05-12T23:23:03Z" id="55161181" uid="1" visible="true" user="OSMnx" changeset="1"><tag k="highway" v="traffic_signals" /></node><node lon="-3.7222423" version="1" lat="40.4312331" timestamp="2026-05-12T23:23:03Z" id="55161188" uid="1" visible="true" user="OSMnx" changeset="1"><tag k="highway" v="traffic_signals" /></node><node lon="-3.7224677" version="1" lat="40.4314659" timestamp="2026-05-12T23:23:03Z" id="55161192" uid="1" visible="true" user="OSMnx" changeset="1" /><node lon="-3.7139102" version="1" lat="40.4227485" timestamp="2026-05-12T23:23:03Z" id="292118637" uid="1" visible="true" user="OSMnx" changeset="1" /><node lon="-3.7133765" version="1" lat="40.4223752" timestamp="2026-05-12T23:23:03Z" id="292118644" uid="1" visible="true" user="OSMnx" changeset="1" /><node lon="-3.7130097" version="1" lat="40.4221827" timestamp="2026-05-12T23:23:03Z" id="292118651" uid="1" visible="true" user="OSMnx" changeset="1" /><node lon="-3.7142075" version="1" lat="40.4228087" timestamp="2026-05-12T23:23:03Z" id="292118697" uid="1" visible="true" user="OSMnx" changeset="1" /><node lon="-3.7132462" version="1" lat="40.4219403" timestamp="2026-05-12T23:23:03Z" id="292118700" uid="1" visible="true" user="OSMnx" changeset="1" /><node lon="-3.7130625" version="1" lat="40.4221975" timestamp="2026-05-12T23:23:03Z" id="292118733" uid="1" visible="true" user="OSMnx" changeset="1" /><node lon="-3.7153399" version="1" lat="40.423944" timestamp="2026-05-12T23:23:03Z" id="292123017" uid="1" visible="true" user="OSMnx" changeset="1" /><node lon="-3.7151855" version="1" lat="40.423701" timestamp="2026-05-12T23:23:03Z" id="292123018" uid="1" visible="true" user="OSMnx" changeset="1" /><node lon="-3.7170997" version="1" lat="40.425321" timestamp="2026-05-12T23:23:03Z" id="293293726" uid="1" visible="true" user="OSMnx" changeset="1" /><node lon="-3.7142741" version="1" lat="40.427978" timestamp="2026-05-12T23:23:03Z" id="298448863" uid="1" visible="true" user="OSMnx" changeset="1" /><node lon="-3.7127351" version="1" lat="40.4243081" timestamp="2026-05-12T23:23:03Z" id="298608902" uid="1" visible="true" user="OSMnx" changeset="1" /><node lon="-3.7128162" version="1" lat="40.4242702" timestamp="2026-05-12T23:23:03Z" id="298609149" uid="1" visible="true" user="OSMnx" changeset="1" /><node lon="-3.712857" version="1" lat="40.424622" timestamp="2026-05-12T23:23:03Z" id="298609151" uid="1" visible="true" user="OSMnx" changeset="1" /><node lon="-3.7126541" version="1" lat="40.42439" timestamp="2026-05-12T23:23:03Z" id="298609181" uid="1" visible="true" user="OSMnx" changeset="1" /><node lon="-3.7128324" version="1" lat="40.4246172" timestamp="2026-05-12T23:23:03Z" id="298609192" uid="1" visible="true" user="OSMnx" changeset="1" /><node lon="-3.7130261" version="1" lat="40.4245545" timestamp="2026-05-12T23:23:03Z" id="298609205" uid="1" visible="true" user="OSMnx" changeset="1" /><node lon="-3.7125258" version="1" lat="40.4253388" timestamp="2026-05-12T23:23:03Z" id="298609370" uid="1" visible="true" user="OSMnx" changeset="1" /><node lon="-3.7138164" version="1" lat="40.4247456" timestamp="2026-05-12T23:23:03Z" id="298609424" uid="1" visible="true" user="OSMnx" changeset="1" /><node lon="-3.7214834" version="1" lat="40.4286581" timestamp="2026-05-12T23:23:03Z" id="318919466" uid="1" visible="true" user="OSMnx" changeset="1" /><node lon="-3.7160194" version="1" lat="40.4246396" timestamp="2026-05-12T23:23:03Z" id="454563947" uid="1" visible="true" user="OSMnx" changeset="1" /><node lon="-3.7152549" version="1" lat="40.4292017" timestamp="2026-05-12T23:23:03Z" id="614036231" uid="1" visible="true" user="OSMnx" changeset="1" /><node lon="-3.7151152" version="1" lat="40.429073" timestamp="2026-05-12T23:23:03Z" id="614036232" uid="1" visible="true" user="OSMnx" changeset="1" /><node lon="-3.716495" version="1" lat="40.4306087" timestamp="2026-05-12T23:23:03Z" id="622204580" uid="1" visible="true" user="OSMnx" changeset="1"><tag k="highway" v="crossing" /></node><node lon="-3.7164404" version="1" lat="40.4305213" timestamp="2026-05-12T23:23:03Z" id="622204581" uid="1" visible="true" user="OSMnx" changeset="1"><tag k="highway" v="crossing" /></node><node lon="-3.7161205" version="1" lat="40.430345" timestamp="2026-05-12T23:23:03Z" id="622204582" uid="1" visible="true" user="OSMnx" changeset="1"><tag k="highway" v="crossing" /></node><node lon="-3.7160267" version="1" lat="40.4303801" timestamp="2026-05-12T23:23:03Z" id="622204583" uid="1" visible="true" user="OSMnx" changeset="1"><tag k="highway" v="crossing" /></node><node lon="-3.7163247" version="1" lat="40.430839" timestamp="2026-05-12T23:23:03Z" id="622204586" uid="1" visible="true" user="OSMnx" changeset="1"><tag k="highway" v="crossing" /></node><node lon="-3.7164323" version="1" lat="40.4307992" timestamp="2026-05-12T23:23:03Z" id="622204587" uid="1" visible="true" user="OSMnx" changeset="1"><tag k="highway" v="crossing" /></node><node lon="-3.7162308" version="1" lat="40.4248058" timestamp="2026-05-12T23:23:03Z" id="623071227" uid="1" visible="true" user="OSMnx" changeset="1"><tag k="highway" v="crossing" /></node><node lon="-3.7160723" version="1" lat="40.4248697" timestamp="2026-05-12T23:23:03Z" id="623071228" uid="1" visible="true" user="OSMnx" changeset="1"><tag k="highway" v="crossing" /></node><node lon="-3.7149584" version="1" lat="40.4291026" timestamp="2026-05-12T23:23:03Z" id="858587190" uid="1" visible="true" user="OSMnx" changeset="1" /><node lon="-3.7158219" version="1" lat="40.4299086" timestamp="2026-05-12T23:23:03Z" id="858587194" uid="1" visible="true" user="OSMnx" changeset="1" /><node lon="-3.7150956" version="1" lat="40.4291207" timestamp="2026-05-12T23:23:03Z" id="858587220" uid="1" visible="true" user="OSMnx" changeset="1" /><node lon="-3.7157112" version="1" lat="40.4298215" timestamp="2026-05-12T23:23:03Z" id="858587240" uid="1" visible="true" user="OSMnx" changeset="1" /><node lon="-3.713122" version="1" lat="40.4263332" timestamp="2026-05-12T23:23:03Z" id="893869107" uid="1" visible="true" user="OSMnx" changeset="1" /><node lon="-3.7124126" version="1" lat="40.4253594" timestamp="2026-05-12T23:23:03Z" id="904868123" uid="1" visible="true" user="OSMnx" changeset="1" /><node lon="-3.7122778" version="1" lat="40.4251694" timestamp="2026-05-12T23:23:03Z" id="904868125" uid="1" visible="true" user="OSMnx" changeset="1" /><node lon="-3.7191917" version="1" lat="40.4348271" timestamp="2026-05-12T23:23:03Z" id="913080864" uid="1" visible="true" user="OSMnx" changeset="1"><tag k="highway" v="crossing" /></node><node lon="-3.7130119" version="1" lat="40.4261823" timestamp="2026-05-12T23:23:03Z" id="913080865" uid="1" visible="true" user="OSMnx" changeset="1"><tag k="highway" v="traffic_signals" /></node><node lon="-3.7144272" version="1" lat="40.4280031" timestamp="2026-05-12T23:23:03Z" id="913080866" uid="1" visible="true" user="OSMnx" changeset="1"><tag k="highway" v="crossing" /></node><node lon="-3.7197373" version="1" lat="40.4348638" timestamp="2026-05-12T23:23:03Z" id="913080867" uid="1" visible="true" user="OSMnx" changeset="1"><tag k="highway" v="crossing" /></node><node lon="-3.719378" version="1" lat="40.4347523" timestamp="2026-05-12T23:23:03Z" id="913080870" uid="1" visible="true" user="OSMnx" changeset="1"><tag k="highway" v="crossing" /></node><node lon="-3.7141462" version="1" lat="40.427796" timestamp="2026-05-12T23:23:03Z" id="913080871" uid="1" visible="true" user="OSMnx" changeset="1" /><node lon="-3.7149541" version="1" lat="40.429108" timestamp="2026-05-12T23:23:03Z" id="913206910" uid="1" visible="true" user="OSMnx" changeset="1"><tag k="highway" v="crossing" /></node><node lon="-3.7121047" version="1" lat="40.4242403" timestamp="2026-05-12T23:23:03Z" id="913224061" uid="1" visible="true" user="OSMnx" changeset="1" /><node lon="-3.7111901" version="1" lat="40.423732" timestamp="2026-05-12T23:23:03Z" id="913224073" uid="1" visible="true" user="OSMnx" changeset="1" /><node lon="-3.7147067" version="1" lat="40.4269303" timestamp="2026-05-12T23:23:03Z" id="927751050" uid="1" visible="true" user="OSMnx" changeset="1" /><node lon="-3.7139107" version="1" lat="40.4272781" timestamp="2026-05-12T23:23:03Z" id="927751052" uid="1" visible="true" user="OSMnx" changeset="1" /><node lon="-3.7172774" version="1" lat="40.4319681" timestamp="2026-05-12T23:23:03Z" id="929294336" uid="1" visible="true" user="OSMnx" changeset="1"><tag k="highway" v="crossing" /></node><node lon="-3.7182063" version="1" lat="40.4334309" timestamp="2026-05-12T23:23:03Z" id="937660054" uid="1" visible="true" user="OSMnx" changeset="1" /><node lon="-3.7185057" version="1" lat="40.433661" timestamp="2026-05-12T23:23:03Z" id="937660056" uid="1" visible="true" user="OSMnx" changeset="1"><tag k="highway" v="traffic_signals" /></node><node lon="-3.7182773" version="1" lat="40.4333441" timestamp="2026-05-12T23:23:03Z" id="937660057" uid="1" visible="true" user="OSMnx" changeset="1"><tag k="highway" v="crossing" /></node><node lon="-3.717032" version="1" lat="40.4252226" timestamp="2026-05-12T23:23:03Z" id="937706305" uid="1" visible="true" user="OSMnx" changeset="1"><tag k="highway" v="crossing" /></node><node lon="-3.7125088" version="1" lat="40.4225053" timestamp="2026-05-12T23:23:03Z" id="960747254" uid="1" visible="true" user="OSMnx" changeset="1" /><node lon="-3.7128138" version="1" lat="40.4259215" timestamp="2026-05-12T23:23:03Z" id="1067565836" uid="1" visible="true" user="OSMnx" changeset="1" /><node lon="-3.7184493" version="1" lat="40.4335909" timestamp="2026-05-12T23:23:03Z" id="1067565849" uid="1" visible="true" user="OSMnx" changeset="1" /><node lon="-3.7214929" version="1" lat="40.4288889" timestamp="2026-05-12T23:23:03Z" id="1095709754" uid="1" visible="true" user="OSMnx" changeset="1" /><node lon="-3.7204701" version="1" lat="40.4292094" timestamp="2026-05-12T23:23:03Z" id="1095709758" uid="1" visible="true" user="OSMnx" changeset="1"><tag k="highway" v="crossing" /></node><node lon="-3.7215922" version="1" lat="40.4289787" timestamp="2026-05-12T23:23:03Z" id="1095709759" uid="1" visible="true" user="OSMnx" changeset="1" /><node lon="-3.7213946" version="1" lat="40.4289104" timestamp="2026-05-12T23:23:03Z" id="1095709761" uid="1" visible="true" user="OSMnx" changeset="1"><tag k="highway" v="traffic_signals" /></node><node lon="-3.7214905" version="1" lat="40.4290119" timestamp="2026-05-12T23:23:03Z" id="1095709762" uid="1" visible="true" user="OSMnx" changeset="1"><tag k="highway" v="traffic_signals" /></node><node lon="-3.7205734" version="1" lat="40.4292944" timestamp="2026-05-12T23:23:03Z" id="1095709764" uid="1" visible="true" user="OSMnx" changeset="1"><tag k="highway" v="crossing" /></node><node lon="-3.7202106" version="1" lat="40.4291488" timestamp="2026-05-12T23:23:03Z" id="1179021961" uid="1" visible="true" user="OSMnx" changeset="1"><tag k="highway" v="crossing" /></node><node lon="-3.7148692" version="1" lat="40.4287875" timestamp="2026-05-12T23:23:03Z" id="1179022127" uid="1" visible="true" user="OSMnx" changeset="1"><tag k="highway" v="traffic_signals" /></node><node lon="-3.7167936" version="1" lat="40.4252596" timestamp="2026-05-12T23:23:03Z" id="1179022159" uid="1" visible="true" user="OSMnx" changeset="1"><tag k="highway" v="traffic_signals" /></node><node lon="-3.7151983" version="1" lat="40.4289864" timestamp="2026-05-12T23:23:03Z" id="1179022182" uid="1" visible="true" user="OSMnx" changeset="1"><tag k="highway" v="crossing" /></node><node lon="-3.7151722" version="1" lat="40.4288261" timestamp="2026-05-12T23:23:03Z" id="1179022300" uid="1" visible="true" user="OSMnx" changeset="1"><tag k="highway" v="crossing" /></node><node lon="-3.7148916" version="1" lat="40.428992" timestamp="2026-05-12T23:23:03Z" id="1179022387" uid="1" visible="true" user="OSMnx" changeset="1"><tag k="highway" v="crossing" /></node><node lon="-3.7187477" version="1" lat="40.425854" timestamp="2026-05-12T23:23:03Z" id="1179022390" uid="1" visible="true" user="OSMnx" changeset="1"><tag k="highway" v="traffic_signals" /></node><node lon="-3.7167912" version="1" lat="40.4253109" timestamp="2026-05-12T23:23:03Z" id="1179022515" uid="1" visible="true" user="OSMnx" changeset="1" /><node lon="-3.7158021" version="1" lat="40.4296865" timestamp="2026-05-12T23:23:03Z" id="1179022518" uid="1" visible="true" user="OSMnx" changeset="1"><tag k="highway" v="crossing" /></node><node lon="-3.7149422" version="1" lat="40.4286907" timestamp="2026-05-12T23:23:03Z" id="1179022533" uid="1" visible="true" user="OSMnx" changeset="1" /><node lon="-3.7155082" version="1" lat="40.4296862" timestamp="2026-05-12T23:23:03Z" id="1179022558" uid="1" visible="true" user="OSMnx" changeset="1" /><node lon="-3.7150377" version="1" lat="40.4290368" timestamp="2026-05-12T23:23:03Z" id="1179022561" uid="1" visible="true" user="OSMnx" changeset="1"><tag k="highway" v="crossing" /></node><node lon="-3.7110855" version="1" lat="40.423257" timestamp="2026-05-12T23:23:03Z" id="1352957236" uid="1" visible="true" user="OSMnx" changeset="1"><tag k="highway" v="crossing" /></node><node lon="-3.7111593" version="1" lat="40.4233305" timestamp="2026-05-12T23:23:03Z" id="1352957241" uid="1" visible="true" user="OSMnx" changeset="1"><tag k="highway" v="crossing" /></node><node lon="-3.711082" version="1" lat="40.4236064" timestamp="2026-05-12T23:23:03Z" id="1352957251" uid="1" visible="true" user="OSMnx" changeset="1"><tag k="highway" v="traffic_signals" /></node><node lon="-3.7184034" version="1" lat="40.4272842" timestamp="2026-05-12T23:23:03Z" id="1358036196" uid="1" visible="true" user="OSMnx" changeset="1"><tag k="highway" v="traffic_signals" /></node><node lon="-3.7186216" version="1" lat="40.427332" timestamp="2026-05-12T23:23:03Z" id="1358036197" uid="1" visible="true" user="OSMnx" changeset="1"><tag k="highway" v="crossing" /></node><node lon="-3.7183465" version="1" lat="40.4274523" timestamp="2026-05-12T23:23:03Z" id="1358036198" uid="1" visible="true" user="OSMnx" changeset="1"><tag k="highway" v="traffic_signals" /></node><node lon="-3.7186105" version="1" lat="40.4274979" timestamp="2026-05-12T23:23:03Z" id="1358036199" uid="1" visible="true" user="OSMnx" changeset="1"><tag k="highway" v="crossing" /></node><node lon="-3.7168724" version="1" lat="40.4280977" timestamp="2026-05-12T23:23:03Z" id="1358036200" uid="1" visible="true" user="OSMnx" changeset="1"><tag k="highway" v="crossing" /></node><node lon="-3.7191947" version="1" lat="40.4281007" timestamp="2026-05-12T23:23:03Z" id="1358036201" uid="1" visible="true" user="OSMnx" changeset="1"><tag k="highway" v="traffic_signals" /></node><node lon="-3.7193778" version="1" lat="40.4281246" timestamp="2026-05-12T23:23:03Z" id="1358036202" uid="1" visible="true" user="OSMnx" changeset="1"><tag k="highway" v="traffic_signals" /></node><node lon="-3.7191456" version="1" lat="40.4282307" timestamp="2026-05-12T23:23:03Z" id="1358036203" uid="1" visible="true" user="OSMnx" changeset="1"><tag k="highway" v="crossing" /></node><node lon="-3.7167028" version="1" lat="40.4255237" timestamp="2026-05-12T23:23:03Z" id="1364770887" uid="1" visible="true" user="OSMnx" changeset="1"><tag k="highway" v="crossing" /></node><node lon="-3.7183441" version="1" lat="40.425502" timestamp="2026-05-12T23:23:03Z" id="1364770889" uid="1" visible="true" user="OSMnx" changeset="1" /><node lon="-3.7185601" version="1" lat="40.4258713" timestamp="2026-05-12T23:23:03Z" id="1364770912" uid="1" visible="true" user="OSMnx" changeset="1"><tag k="highway" v="crossing" /></node><node lon="-3.719576" version="1" lat="40.4269157" timestamp="2026-05-12T23:23:03Z" id="1364770953" uid="1" visible="true" user="OSMnx" changeset="1"><tag k="highway" v="traffic_signals" /></node><node lon="-3.7203194" version="1" lat="40.4277176" timestamp="2026-05-12T23:23:03Z" id="1364771096" uid="1" visible="true" user="OSMnx" changeset="1"><tag k="highway" v="crossing" /></node><node lon="-3.72209" version="1" lat="40.42955" timestamp="2026-05-12T23:23:03Z" id="1364771581" uid="1" visible="true" user="OSMnx" changeset="1" /><node lon="-3.7226721" version="1" lat="40.4301432" timestamp="2026-05-12T23:23:03Z" id="1364771695" uid="1" visible="true" user="OSMnx" changeset="1" /><node lon="-3.7233306" version="1" lat="40.4307813" timestamp="2026-05-12T23:23:03Z" id="1364771799" uid="1" visible="true" user="OSMnx" changeset="1"><tag k="highway" v="crossing" /></node><node lon="-3.7238883" version="1" lat="40.4313886" timestamp="2026-05-12T23:23:03Z" id="1364771873" uid="1" visible="true" user="OSMnx" changeset="1" /><node lon="-3.7244253" version="1" lat="40.4319793" timestamp="2026-05-12T23:23:03Z" id="1364771904" uid="1" visible="true" user="OSMnx" changeset="1"><tag k="highway" v="crossing" /></node><node lon="-3.7239085" version="1" lat="40.4329403" timestamp="2026-05-12T23:23:03Z" id="1364772083" uid="1" visible="true" user="OSMnx" changeset="1"><tag k="highway" v="crossing" /></node><node lon="-3.7215957" version="1" lat="40.4339343" timestamp="2026-05-12T23:23:03Z" id="1364772380" uid="1" visible="true" user="OSMnx" changeset="1"><tag k="highway" v="crossing" /></node><node lon="-3.7143221" version="1" lat="40.4276262" timestamp="2026-05-12T23:23:03Z" id="1378696850" uid="1" visible="true" user="OSMnx" changeset="1"><tag k="highway" v="traffic_signals" /></node><node lon="-3.7140961" version="1" lat="40.4277174" timestamp="2026-05-12T23:23:03Z" id="1378696853" uid="1" visible="true" user="OSMnx" changeset="1"><tag k="highway" v="traffic_signals" /></node><node lon="-3.7142654" version="1" lat="40.4277838" timestamp="2026-05-12T23:23:03Z" id="1378696856" uid="1" visible="true" user="OSMnx" changeset="1"><tag k="highway" v="traffic_signals" /></node><node lon="-3.7142015" version="1" lat="40.4280202" timestamp="2026-05-12T23:23:03Z" id="1378696858" uid="1" visible="true" user="OSMnx" changeset="1"><tag k="highway" v="crossing" /></node><node lon="-3.7143237" version="1" lat="40.4280446" timestamp="2026-05-12T23:23:03Z" id="1378696860" uid="1" visible="true" user="OSMnx" changeset="1"><tag k="highway" v="crossing" /></node><node lon="-3.71689" version="1" lat="40.4314295" timestamp="2026-05-12T23:23:03Z" id="1378696877" uid="1" visible="true" user="OSMnx" changeset="1"><tag k="highway" v="traffic_signals" /></node><node lon="-3.7171698" version="1" lat="40.4315932" timestamp="2026-05-12T23:23:03Z" id="1378696878" uid="1" visible="true" user="OSMnx" changeset="1"><tag k="highway" v="crossing" /></node><node lon="-3.7172019" version="1" lat="40.4318636" timestamp="2026-05-12T23:23:03Z" id="1378696879" uid="1" visible="true" user="OSMnx" changeset="1" /><node lon="-3.7185037" version="1" lat="40.4338561" timestamp="2026-05-12T23:23:03Z" id="1446632660" uid="1" visible="true" user="OSMnx" changeset="1" /><node lon="-3.7194436" version="1" lat="40.4350563" timestamp="2026-05-12T23:23:03Z" id="1486142511" uid="1" visible="true" user="OSMnx" changeset="1" /><node lon="-3.7129939" version="1" lat="40.4222065" timestamp="2026-05-12T23:23:03Z" id="1501171058" uid="1" visible="true" user="OSMnx" changeset="1"><tag k="highway" v="crossing" /></node><node lon="-3.7132692" version="1" lat="40.4219615" timestamp="2026-05-12T23:23:03Z" id="1501171068" uid="1" visible="true" user="OSMnx" changeset="1"><tag k="highway" v="traffic_signals" /></node><node lon="-3.7132932" version="1" lat="40.4219853" timestamp="2026-05-12T23:23:03Z" id="1501171070" uid="1" visible="true" user="OSMnx" changeset="1" /><node lon="-3.7131968" version="1" lat="40.4219901" timestamp="2026-05-12T23:23:03Z" id="1501171071" uid="1" visible="true" user="OSMnx" changeset="1"><tag k="highway" v="traffic_signals" /></node><node lon="-3.7131506" version="1" lat="40.4222403" timestamp="2026-05-12T23:23:03Z" id="1501171095" uid="1" visible="true" user="OSMnx" changeset="1" /><node lon="-3.7133371" version="1" lat="40.4235519" timestamp="2026-05-12T23:23:03Z" id="1501171147" uid="1" visible="true" user="OSMnx" changeset="1" /><node lon="-3.7109359" version="1" lat="40.4234775" timestamp="2026-05-12T23:23:03Z" id="1501200366" uid="1" visible="true" user="OSMnx" changeset="1" /><node lon="-3.7110123" version="1" lat="40.4235378" timestamp="2026-05-12T23:23:03Z" id="1501200369" uid="1" visible="true" user="OSMnx" changeset="1" /><node lon="-3.7116038" version="1" lat="40.4242502" timestamp="2026-05-12T23:23:03Z" id="1501200383" uid="1" visible="true" user="OSMnx" changeset="1"><tag k="highway" v="crossing" /></node><node lon="-3.7115807" version="1" lat="40.4244568" timestamp="2026-05-12T23:23:03Z" id="1501200384" uid="1" visible="true" user="OSMnx" changeset="1"><tag k="highway" v="crossing" /></node><node lon="-3.7119367" version="1" lat="40.4245034" timestamp="2026-05-12T23:23:03Z" id="1501200385" uid="1" visible="true" user="OSMnx" changeset="1"><tag k="highway" v="crossing" /></node><node lon="-3.7118184" version="1" lat="40.424551" timestamp="2026-05-12T23:23:03Z" id="1501200393" uid="1" visible="true" user="OSMnx" changeset="1"><tag k="highway" v="crossing" /></node><node lon="-3.7144199" version="1" lat="40.4231873" timestamp="2026-05-12T23:23:03Z" id="1501213545" uid="1" visible="true" user="OSMnx" changeset="1" /><node lon="-3.7177586" version="1" lat="40.4327958" timestamp="2026-05-12T23:23:03Z" id="1505080991" uid="1" visible="true" user="OSMnx" changeset="1"><tag k="highway" v="crossing" /></node><node lon="-3.7181514" version="1" lat="40.4329502" timestamp="2026-05-12T23:23:03Z" id="1505080997" uid="1" visible="true" user="OSMnx" changeset="1"><tag k="highway" v="crossing" /></node><node lon="-3.7180901" version="1" lat="40.433081" timestamp="2026-05-12T23:23:03Z" id="1505081012" uid="1" visible="true" user="OSMnx" changeset="1"><tag k="highway" v="traffic_signals" /></node><node lon="-3.7181732" version="1" lat="40.4333847" timestamp="2026-05-12T23:23:03Z" id="1505081028" uid="1" visible="true" user="OSMnx" changeset="1"><tag k="highway" v="crossing" /></node><node lon="-3.7183471" version="1" lat="40.433633" timestamp="2026-05-12T23:23:03Z" id="1505081040" uid="1" visible="true" user="OSMnx" changeset="1" /><node lon="-3.7128955" version="1" lat="40.4242823" timestamp="2026-05-12T23:23:03Z" id="1652768007" uid="1" visible="true" user="OSMnx" changeset="1" /><node lon="-3.7130385" version="1" lat="40.4244926" timestamp="2026-05-12T23:23:03Z" id="1652768037" uid="1" visible="true" user="OSMnx" changeset="1" /><node lon="-3.7169938" version="1" lat="40.4319288" timestamp="2026-05-12T23:23:03Z" id="1669117694" uid="1" visible="true" user="OSMnx" changeset="1"><tag k="highway" v="crossing" /></node><node lon="-3.7177128" version="1" lat="40.4253595" timestamp="2026-05-12T23:23:03Z" id="1715383485" uid="1" visible="true" user="OSMnx" changeset="1" /><node lon="-3.7131086" version="1" lat="40.4261399" timestamp="2026-05-12T23:23:03Z" id="1789638279" uid="1" visible="true" user="OSMnx" changeset="1"><tag k="highway" v="traffic_signals" /></node><node lon="-3.713308" version="1" lat="40.4261856" timestamp="2026-05-12T23:23:03Z" id="1789638280" uid="1" visible="true" user="OSMnx" changeset="1"><tag k="highway" v="traffic_signals" /></node><node lon="-3.713592" version="1" lat="40.4268448" timestamp="2026-05-12T23:23:03Z" id="1789638281" uid="1" visible="true" user="OSMnx" changeset="1"><tag k="highway" v="crossing" /></node><node lon="-3.7134958" version="1" lat="40.4268814" timestamp="2026-05-12T23:23:03Z" id="1789638282" uid="1" visible="true" user="OSMnx" changeset="1"><tag k="highway" v="crossing" /></node><node lon="-3.7138881" version="1" lat="40.4270674" timestamp="2026-05-12T23:23:03Z" id="1789638283" uid="1" visible="true" user="OSMnx" changeset="1"><tag k="highway" v="traffic_signals" /></node><node lon="-3.7138442" version="1" lat="40.4271279" timestamp="2026-05-12T23:23:03Z" id="1789638284" uid="1" visible="true" user="OSMnx" changeset="1" /><node lon="-3.7146328" version="1" lat="40.4233894" timestamp="2026-05-12T23:23:03Z" id="1855048164" uid="1" visible="true" user="OSMnx" changeset="1" /><node lon="-3.7146125" version="1" lat="40.4239403" timestamp="2026-05-12T23:23:03Z" id="1855048168" uid="1" visible="true" user="OSMnx" changeset="1" /><node lon="-3.715195" version="1" lat="40.4237383" timestamp="2026-05-12T23:23:03Z" id="2017305752" uid="1" visible="true" user="OSMnx" changeset="1" /><node lon="-3.7187147" version="1" lat="40.4340278" timestamp="2026-05-12T23:23:03Z" id="2480629208" uid="1" visible="true" user="OSMnx" changeset="1"><tag k="highway" v="traffic_signals" /></node><node lon="-3.7109175" version="1" lat="40.4233296" timestamp="2026-05-12T23:23:03Z" id="2598785470" uid="1" visible="true" user="OSMnx" changeset="1" /><node lon="-3.7144434" version="1" lat="40.4280287" timestamp="2026-05-12T23:23:03Z" id="2973127101" uid="1" visible="true" user="OSMnx" changeset="1"><tag k="highway" v="traffic_signals" /></node><node lon="-3.7167919" version="1" lat="40.4314695" timestamp="2026-05-12T23:23:03Z" id="3033655161" uid="1" visible="true" user="OSMnx" changeset="1"><tag k="highway" v="traffic_signals" /></node><node lon="-3.7171741" version="1" lat="40.4320046" timestamp="2026-05-12T23:23:03Z" id="3033655162" uid="1" visible="true" user="OSMnx" changeset="1"><tag k="highway" v="crossing" /></node><node lon="-3.7140443" version="1" lat="40.4249362" timestamp="2026-05-12T23:23:03Z" id="3100329628" uid="1" visible="true" user="OSMnx" changeset="1" /><node lon="-3.7139329" version="1" lat="40.4248868" timestamp="2026-05-12T23:23:03Z" id="3100332229" uid="1" visible="true" user="OSMnx" changeset="1" /><node lon="-3.7139705" version="1" lat="40.4249086" timestamp="2026-05-12T23:23:03Z" id="3100332230" uid="1" visible="true" user="OSMnx" changeset="1" /><node lon="-3.7126718" version="1" lat="40.4243367" timestamp="2026-05-12T23:23:03Z" id="3100336111" uid="1" visible="true" user="OSMnx" changeset="1" /><node lon="-3.7194122" version="1" lat="40.432429" timestamp="2026-05-12T23:23:03Z" id="3253942876" uid="1" visible="true" user="OSMnx" changeset="1" /><node lon="-3.7218327" version="1" lat="40.4339663" timestamp="2026-05-12T23:23:03Z" id="3253942905" uid="1" visible="true" user="OSMnx" changeset="1"><tag k="highway" v="crossing" /></node><node lon="-3.7194809" version="1" lat="40.429738" timestamp="2026-05-12T23:23:03Z" id="3471276060" uid="1" visible="true" user="OSMnx" changeset="1"><tag k="highway" v="crossing" /></node><node lon="-3.7175947" version="1" lat="40.4302438" timestamp="2026-05-12T23:23:03Z" id="3471276061" uid="1" visible="true" user="OSMnx" changeset="1" /><node lon="-3.7213585" version="1" lat="40.4336023" timestamp="2026-05-12T23:23:03Z" id="3471276063" uid="1" visible="true" user="OSMnx" changeset="1" /><node lon="-3.7201665" version="1" lat="40.4293076" timestamp="2026-05-12T23:23:03Z" id="3471365915" uid="1" visible="true" user="OSMnx" changeset="1"><tag k="highway" v="crossing" /></node><node lon="-3.7202552" version="1" lat="40.4293948" timestamp="2026-05-12T23:23:03Z" id="3471365921" uid="1" visible="true" user="OSMnx" changeset="1"><tag k="highway" v="crossing" /></node><node lon="-3.7205313" version="1" lat="40.4294791" timestamp="2026-05-12T23:23:03Z" id="3471365928" uid="1" visible="true" user="OSMnx" changeset="1"><tag k="highway" v="crossing" /></node><node lon="-3.7153594" version="1" lat="40.4278174" timestamp="2026-05-12T23:23:03Z" id="3644754710" uid="1" visible="true" user="OSMnx" changeset="1" /><node lon="-3.7196694" version="1" lat="40.4349656" timestamp="2026-05-12T23:23:03Z" id="3769069723" uid="1" visible="true" user="OSMnx" changeset="1" /><node lon="-3.7128081" version="1" lat="40.4246046" timestamp="2026-05-12T23:23:03Z" id="3903476292" uid="1" visible="true" user="OSMnx" changeset="1" /><node lon="-3.7200412" version="1" lat="40.4303406" timestamp="2026-05-12T23:23:03Z" id="3927556254" uid="1" visible="true" user="OSMnx" changeset="1"><tag k="highway" v="crossing" /></node><node lon="-3.7174964" version="1" lat="40.4303661" timestamp="2026-05-12T23:23:03Z" id="3927556255" uid="1" visible="true" user="OSMnx" changeset="1"><tag k="highway" v="crossing" /></node><node lon="-3.7200372" version="1" lat="40.4304025" timestamp="2026-05-12T23:23:03Z" id="3927556256" uid="1" visible="true" user="OSMnx" changeset="1"><tag k="highway" v="give_way" /></node><node lon="-3.7199854" version="1" lat="40.430424" timestamp="2026-05-12T23:23:03Z" id="3927556757" uid="1" visible="true" user="OSMnx" changeset="1"><tag k="highway" v="crossing" /></node><node lon="-3.7201294" version="1" lat="40.430437" timestamp="2026-05-12T23:23:03Z" id="3927556758" uid="1" visible="true" user="OSMnx" changeset="1"><tag k="highway" v="crossing" /></node><node lon="-3.719093" version="1" lat="40.4307582" timestamp="2026-05-12T23:23:03Z" id="3927556759" uid="1" visible="true" user="OSMnx" changeset="1"><tag k="highway" v="give_way" /></node><node lon="-3.7190467" version="1" lat="40.4308138" timestamp="2026-05-12T23:23:03Z" id="3927556760" uid="1" visible="true" user="OSMnx" changeset="1"><tag k="highway" v="crossing" /></node><node lon="-3.7191744" version="1" lat="40.430851" timestamp="2026-05-12T23:23:03Z" id="3927556761" uid="1" visible="true" user="OSMnx" changeset="1"><tag k="highway" v="crossing" /></node><node lon="-3.7207385" version="1" lat="40.4309638" timestamp="2026-05-12T23:23:03Z" id="3927556763" uid="1" visible="true" user="OSMnx" changeset="1"><tag k="highway" v="crossing" /></node><node lon="-3.7206856" version="1" lat="40.4310335" timestamp="2026-05-12T23:23:03Z" id="3927556764" uid="1" visible="true" user="OSMnx" changeset="1"><tag k="highway" v="give_way" /></node><node lon="-3.7207103" version="1" lat="40.4310602" timestamp="2026-05-12T23:23:03Z" id="3927556765" uid="1" visible="true" user="OSMnx" changeset="1"><tag k="highway" v="crossing" /></node><node lon="-3.718105" version="1" lat="40.4311475" timestamp="2026-05-12T23:23:03Z" id="3927556766" uid="1" visible="true" user="OSMnx" changeset="1"><tag k="highway" v="crossing" /></node><node lon="-3.7180493" version="1" lat="40.431228" timestamp="2026-05-12T23:23:03Z" id="3927556767" uid="1" visible="true" user="OSMnx" changeset="1"><tag k="highway" v="crossing" /></node><node lon="-3.7181682" version="1" lat="40.4312286" timestamp="2026-05-12T23:23:03Z" id="3927556768" uid="1" visible="true" user="OSMnx" changeset="1"><tag k="highway" v="give_way" /></node><node lon="-3.7181892" version="1" lat="40.4312556" timestamp="2026-05-12T23:23:03Z" id="3927556769" uid="1" visible="true" user="OSMnx" changeset="1"><tag k="highway" v="crossing" /></node><node lon="-3.7197786" version="1" lat="40.431371" timestamp="2026-05-12T23:23:03Z" id="3927556770" uid="1" visible="true" user="OSMnx" changeset="1"><tag k="highway" v="crossing" /></node><node lon="-3.7196315" version="1" lat="40.4313698" timestamp="2026-05-12T23:23:03Z" id="3927556771" uid="1" visible="true" user="OSMnx" changeset="1"><tag k="highway" v="crossing" /></node><node lon="-3.7197218" version="1" lat="40.4314737" timestamp="2026-05-12T23:23:03Z" id="3927556772" uid="1" visible="true" user="OSMnx" changeset="1"><tag k="highway" v="crossing" /></node><node lon="-3.7186095" version="1" lat="40.4317953" timestamp="2026-05-12T23:23:03Z" id="3927556773" uid="1" visible="true" user="OSMnx" changeset="1"><tag k="highway" v="crossing" /></node><node lon="-3.718741" version="1" lat="40.4318115" timestamp="2026-05-12T23:23:03Z" id="3927556774" uid="1" visible="true" user="OSMnx" changeset="1"><tag k="highway" v="crossing" /></node><node lon="-3.7186925" version="1" lat="40.4319018" timestamp="2026-05-12T23:23:03Z" id="3927556775" uid="1" visible="true" user="OSMnx" changeset="1"><tag k="highway" v="crossing" /></node><node lon="-3.7150373" version="1" lat="40.429074" timestamp="2026-05-12T23:23:03Z" id="4110020824" uid="1" visible="true" user="OSMnx" changeset="1" /><node lon="-3.715166" version="1" lat="40.4290899" timestamp="2026-05-12T23:23:03Z" id="4110020825" uid="1" visible="true" user="OSMnx" changeset="1" /><node lon="-3.7109824" version="1" lat="40.423484" timestamp="2026-05-12T23:23:03Z" id="4110031995" uid="1" visible="true" user="OSMnx" changeset="1" /><node lon="-3.7136229" version="1" lat="40.4234623" timestamp="2026-05-12T23:23:03Z" id="4110036588" uid="1" visible="true" user="OSMnx" changeset="1"><tag k="highway" v="crossing" /></node><node lon="-3.7125148" version="1" lat="40.4240716" timestamp="2026-05-12T23:23:03Z" id="4110043272" uid="1" visible="true" user="OSMnx" changeset="1"><tag k="highway" v="crossing" /></node><node lon="-3.7128532" version="1" lat="40.4242681" timestamp="2026-05-12T23:23:03Z" id="4110043278" uid="1" visible="true" user="OSMnx" changeset="1" /><node lon="-3.7126541" version="1" lat="40.4243671" timestamp="2026-05-12T23:23:03Z" id="4110043285" uid="1" visible="true" user="OSMnx" changeset="1" /><node lon="-3.7130436" version="1" lat="40.4245264" timestamp="2026-05-12T23:23:03Z" id="4110043288" uid="1" visible="true" user="OSMnx" changeset="1" /><node lon="-3.7128859" version="1" lat="40.4246132" timestamp="2026-05-12T23:23:03Z" id="4110093636" uid="1" visible="true" user="OSMnx" changeset="1" /><node lon="-3.7131045" version="1" lat="40.4265077" timestamp="2026-05-12T23:23:03Z" id="4110093642" uid="1" visible="true" user="OSMnx" changeset="1"><tag k="highway" v="crossing" /></node><node lon="-3.710874" version="1" lat="40.4234383" timestamp="2026-05-12T23:23:03Z" id="4110114627" uid="1" visible="true" user="OSMnx" changeset="1" /><node lon="-3.7208179" version="1" lat="40.4328425" timestamp="2026-05-12T23:23:03Z" id="4157306544" uid="1" visible="true" user="OSMnx" changeset="1" /><node lon="-3.7230961" version="1" lat="40.4334206" timestamp="2026-05-12T23:23:03Z" id="4197170916" uid="1" visible="true" user="OSMnx" changeset="1" /><node lon="-3.7173339" version="1" lat="40.430173" timestamp="2026-05-12T23:23:03Z" id="4203412903" uid="1" visible="true" user="OSMnx" changeset="1"><tag k="highway" v="crossing" /></node><node lon="-3.7166754" version="1" lat="40.4256665" timestamp="2026-05-12T23:23:03Z" id="4234171259" uid="1" visible="true" user="OSMnx" changeset="1"><tag k="highway" v="crossing" /></node><node lon="-3.714826" version="1" lat="40.4259927" timestamp="2026-05-12T23:23:03Z" id="4242179816" uid="1" visible="true" user="OSMnx" changeset="1"><tag k="highway" v="crossing" /></node><node lon="-3.7149235" version="1" lat="40.4259896" timestamp="2026-05-12T23:23:03Z" id="4242179828" uid="1" visible="true" user="OSMnx" changeset="1"><tag k="highway" v="crossing" /></node><node lon="-3.7182875" version="1" lat="40.4298505" timestamp="2026-05-12T23:23:03Z" id="4245283126" uid="1" visible="true" user="OSMnx" changeset="1"><tag k="highway" v="crossing" /></node><node lon="-3.7201274" version="1" lat="40.4321319" timestamp="2026-05-12T23:23:03Z" id="4249550724" uid="1" visible="true" user="OSMnx" changeset="1"><tag k="highway" v="crossing" /></node><node lon="-3.7136759" version="1" lat="40.4255593" timestamp="2026-05-12T23:23:03Z" id="4285281349" uid="1" visible="true" user="OSMnx" changeset="1"><tag k="highway" v="crossing" /></node><node lon="-3.7137203" version="1" lat="40.4256826" timestamp="2026-05-12T23:23:03Z" id="4285281350" uid="1" visible="true" user="OSMnx" changeset="1"><tag k="highway" v="crossing" /></node><node lon="-3.7160491" version="1" lat="40.4273898" timestamp="2026-05-12T23:23:03Z" id="4307340621" uid="1" visible="true" user="OSMnx" changeset="1"><tag k="highway" v="crossing" /></node><node lon="-3.7160751" version="1" lat="40.4273104" timestamp="2026-05-12T23:23:03Z" id="4307340622" uid="1" visible="true" user="OSMnx" changeset="1"><tag k="highway" v="crossing" /></node><node lon="-3.7160929" version="1" lat="40.4273315" timestamp="2026-05-12T23:23:03Z" id="4307340623" uid="1" visible="true" user="OSMnx" changeset="1"><tag k="highway" v="give_way" /></node><node lon="-3.7184768" version="1" lat="40.4300531" timestamp="2026-05-12T23:23:03Z" id="4311985760" uid="1" visible="true" user="OSMnx" changeset="1"><tag k="highway" v="crossing" /></node><node lon="-3.7186755" version="1" lat="40.4318801" timestamp="2026-05-12T23:23:03Z" id="4324546709" uid="1" visible="true" user="OSMnx" changeset="1"><tag k="highway" v="give_way" /></node><node lon="-3.7169209" version="1" lat="40.4268609" timestamp="2026-05-12T23:23:03Z" id="4346484128" uid="1" visible="true" user="OSMnx" changeset="1"><tag k="highway" v="crossing" /></node><node lon="-3.7166065" version="1" lat="40.4292663" timestamp="2026-05-12T23:23:03Z" id="4437657599" uid="1" visible="true" user="OSMnx" changeset="1"><tag k="highway" v="crossing" /></node><node lon="-3.7166897" version="1" lat="40.4292975" timestamp="2026-05-12T23:23:03Z" id="4437657600" uid="1" visible="true" user="OSMnx" changeset="1"><tag k="highway" v="crossing" /></node><node lon="-3.7245667" version="1" lat="40.4319225" timestamp="2026-05-12T23:23:03Z" id="4456608447" uid="1" visible="true" user="OSMnx" changeset="1"><tag k="highway" v="give_way" /></node><node lon="-3.7150291" version="1" lat="40.4291082" timestamp="2026-05-12T23:23:03Z" id="4500945119" uid="1" visible="true" user="OSMnx" changeset="1" /><node lon="-3.7191206" version="1" lat="40.4324515" timestamp="2026-05-12T23:23:03Z" id="4757946968" uid="1" visible="true" user="OSMnx" changeset="1"><tag k="highway" v="crossing" /></node><node lon="-3.7176352" version="1" lat="40.4322785" timestamp="2026-05-12T23:23:03Z" id="4757946972" uid="1" visible="true" user="OSMnx" changeset="1"><tag k="highway" v="crossing" /></node><node lon="-3.7203928" version="1" lat="40.4345832" timestamp="2026-05-12T23:23:03Z" id="5005343788" uid="1" visible="true" user="OSMnx" changeset="1" /><node lon="-3.7207949" version="1" lat="40.4344111" timestamp="2026-05-12T23:23:03Z" id="5005343789" uid="1" visible="true" user="OSMnx" changeset="1" /><node lon="-3.7210976" version="1" lat="40.4342815" timestamp="2026-05-12T23:23:03Z" id="5005343790" uid="1" visible="true" user="OSMnx" changeset="1" /><node lon="-3.7191876" version="1" lat="40.4344678" timestamp="2026-05-12T23:23:03Z" id="5006352946" uid="1" visible="true" user="OSMnx" changeset="1"><tag k="ref" v="740" /></node><node lon="-3.72136" version="1" lat="40.4341691" timestamp="2026-05-12T23:23:03Z" id="5006352965" uid="1" visible="true" user="OSMnx" changeset="1" /><node lon="-3.7110046" version="1" lat="40.4233232" timestamp="2026-05-12T23:23:03Z" id="5243353538" uid="1" visible="true" user="OSMnx" changeset="1" /><node lon="-3.7110903" version="1" lat="40.4234677" timestamp="2026-05-12T23:23:03Z" id="5268725083" uid="1" visible="true" user="OSMnx" changeset="1" /><node lon="-3.7111133" version="1" lat="40.4233623" timestamp="2026-05-12T23:23:03Z" id="5268725084" uid="1" visible="true" user="OSMnx" changeset="1" /><node lon="-3.7111092" version="1" lat="40.4235168" timestamp="2026-05-12T23:23:03Z" id="5268725087" uid="1" visible="true" user="OSMnx" changeset="1" /><node lon="-3.7109329" version="1" lat="40.4233967" timestamp="2026-05-12T23:23:03Z" id="5268725088" uid="1" visible="true" user="OSMnx" changeset="1" /><node lon="-3.7174425" version="1" lat="40.4302969" timestamp="2026-05-12T23:23:03Z" id="5273358099" uid="1" visible="true" user="OSMnx" changeset="1"><tag k="highway" v="traffic_signals" /></node><node lon="-3.717339" version="1" lat="40.4303307" timestamp="2026-05-12T23:23:03Z" id="5273361954" uid="1" visible="true" user="OSMnx" changeset="1"><tag k="highway" v="crossing" /></node><node lon="-3.7172968" version="1" lat="40.4302416" timestamp="2026-05-12T23:23:03Z" id="5273361955" uid="1" visible="true" user="OSMnx" changeset="1"><tag k="highway" v="crossing" /></node><node lon="-3.7109704" version="1" lat="40.4234203" timestamp="2026-05-12T23:23:03Z" id="5342725027" uid="1" visible="true" user="OSMnx" changeset="1" /><node lon="-3.7109835" version="1" lat="40.4233722" timestamp="2026-05-12T23:23:03Z" id="5342725028" uid="1" visible="true" user="OSMnx" changeset="1" /><node lon="-3.7108575" version="1" lat="40.4233611" timestamp="2026-05-12T23:23:03Z" id="5350038440" uid="1" visible="true" user="OSMnx" changeset="1" /><node lon="-3.7172585" version="1" lat="40.4321197" timestamp="2026-05-12T23:23:03Z" id="5385239919" uid="1" visible="true" user="OSMnx" changeset="1" /><node lon="-3.7157143" version="1" lat="40.42995" timestamp="2026-05-12T23:23:03Z" id="5385239920" uid="1" visible="true" user="OSMnx" changeset="1" /><node lon="-3.7145938" version="1" lat="40.4284183" timestamp="2026-05-12T23:23:03Z" id="5385241321" uid="1" visible="true" user="OSMnx" changeset="1" /><node lon="-3.7129099" version="1" lat="40.4260475" timestamp="2026-05-12T23:23:03Z" id="5385241322" uid="1" visible="true" user="OSMnx" changeset="1" /><node lon="-3.7118985" version="1" lat="40.4246636" timestamp="2026-05-12T23:23:03Z" id="5385241323" uid="1" visible="true" user="OSMnx" changeset="1" /><node lon="-3.712972" version="1" lat="40.4259517" timestamp="2026-05-12T23:23:03Z" id="5385241356" uid="1" visible="true" user="OSMnx" changeset="1" /><node lon="-3.7143496" version="1" lat="40.4279015" timestamp="2026-05-12T23:23:03Z" id="5385241357" uid="1" visible="true" user="OSMnx" changeset="1" /><node lon="-3.7159148" version="1" lat="40.4300458" timestamp="2026-05-12T23:23:03Z" id="5385241358" uid="1" visible="true" user="OSMnx" changeset="1" /><node lon="-3.7173281" version="1" lat="40.4320374" timestamp="2026-05-12T23:23:03Z" id="5385241359" uid="1" visible="true" user="OSMnx" changeset="1" /><node lon="-3.7111761" version="1" lat="40.4235629" timestamp="2026-05-12T23:23:03Z" id="5559534844" uid="1" visible="true" user="OSMnx" changeset="1"><tag k="highway" v="traffic_signals" /></node><node lon="-3.711029" version="1" lat="40.4234546" timestamp="2026-05-12T23:23:03Z" id="5559534846" uid="1" visible="true" user="OSMnx" changeset="1" /><node lon="-3.7110801" version="1" lat="40.4234451" timestamp="2026-05-12T23:23:03Z" id="5559534847" uid="1" visible="true" user="OSMnx" changeset="1" /><node lon="-3.7117909" version="1" lat="40.4229791" timestamp="2026-05-12T23:23:03Z" id="5970484993" uid="1" visible="true" user="OSMnx" changeset="1"><tag k="ref" v="854" /></node><node lon="-3.7110246" version="1" lat="40.4232958" timestamp="2026-05-12T23:23:03Z" id="6109357402" uid="1" visible="true" user="OSMnx" changeset="1" /><node lon="-3.7203711" version="1" lat="40.4320189" timestamp="2026-05-12T23:23:03Z" id="6981674370" uid="1" visible="true" user="OSMnx" changeset="1"><tag k="highway" v="crossing" /></node><node lon="-3.7202025" version="1" lat="40.4320075" timestamp="2026-05-12T23:23:03Z" id="6981674371" uid="1" visible="true" user="OSMnx" changeset="1"><tag k="highway" v="crossing" /></node><node lon="-3.7170544" version="1" lat="40.4318464" timestamp="2026-05-12T23:23:03Z" id="6981674372" uid="1" visible="true" user="OSMnx" changeset="1"><tag k="highway" v="traffic_signals" /></node><node lon="-3.7151968" version="1" lat="40.4291209" timestamp="2026-05-12T23:23:03Z" id="6981674375" uid="1" visible="true" user="OSMnx" changeset="1" /><node lon="-3.71495" version="1" lat="40.4235504" timestamp="2026-05-12T23:23:03Z" id="7126146744" uid="1" visible="true" user="OSMnx" changeset="1"><tag k="highway" v="crossing" /></node><node lon="-3.7161376" version="1" lat="40.4246169" timestamp="2026-05-12T23:23:03Z" id="7126146745" uid="1" visible="true" user="OSMnx" changeset="1" /><node lon="-3.714138" version="1" lat="40.423103" timestamp="2026-05-12T23:23:03Z" id="7126146758" uid="1" visible="true" user="OSMnx" changeset="1" /><node lon="-3.7192214" version="1" lat="40.4263423" timestamp="2026-05-12T23:23:03Z" id="7140036350" uid="1" visible="true" user="OSMnx" changeset="1" /><node lon="-3.7168648" version="1" lat="40.4251891" timestamp="2026-05-12T23:23:03Z" id="7140036355" uid="1" visible="true" user="OSMnx" changeset="1" /><node lon="-3.7167722" version="1" lat="40.4253431" timestamp="2026-05-12T23:23:03Z" id="7140036356" uid="1" visible="true" user="OSMnx" changeset="1" /><node lon="-3.7166566" version="1" lat="40.4253648" timestamp="2026-05-12T23:23:03Z" id="7140036357" uid="1" visible="true" user="OSMnx" changeset="1" /><node lon="-3.7165402" version="1" lat="40.4252721" timestamp="2026-05-12T23:23:03Z" id="7140036358" uid="1" visible="true" user="OSMnx" changeset="1" /><node lon="-3.7166093" version="1" lat="40.4253405" timestamp="2026-05-12T23:23:03Z" id="7140036359" uid="1" visible="true" user="OSMnx" changeset="1" /><node lon="-3.7141592" version="1" lat="40.4277638" timestamp="2026-05-12T23:23:03Z" id="7537445996" uid="1" visible="true" user="OSMnx" changeset="1" /><node lon="-3.714228" version="1" lat="40.428008" timestamp="2026-05-12T23:23:03Z" id="7537445997" uid="1" visible="true" user="OSMnx" changeset="1"><tag k="highway" v="traffic_signals" /></node><node lon="-3.7142622" version="1" lat="40.4279916" timestamp="2026-05-12T23:23:03Z" id="7537445998" uid="1" visible="true" user="OSMnx" changeset="1" /><node lon="-3.7141881" version="1" lat="40.4277317" timestamp="2026-05-12T23:23:03Z" id="7537445999" uid="1" visible="true" user="OSMnx" changeset="1" /><node lon="-3.7132768" version="1" lat="40.426242" timestamp="2026-05-12T23:23:03Z" id="7537446000" uid="1" visible="true" user="OSMnx" changeset="1" /><node lon="-3.7132559" version="1" lat="40.4263217" timestamp="2026-05-12T23:23:03Z" id="7537446001" uid="1" visible="true" user="OSMnx" changeset="1" /><node lon="-3.7132621" version="1" lat="40.4262829" timestamp="2026-05-12T23:23:03Z" id="7537446002" uid="1" visible="true" user="OSMnx" changeset="1" /><node lon="-3.7136597" version="1" lat="40.4256431" timestamp="2026-05-12T23:23:03Z" id="7537446003" uid="1" visible="true" user="OSMnx" changeset="1" /><node lon="-3.7136886" version="1" lat="40.425657" timestamp="2026-05-12T23:23:03Z" id="7537446004" uid="1" visible="true" user="OSMnx" changeset="1" /><node lon="-3.7140581" version="1" lat="40.425009" timestamp="2026-05-12T23:23:03Z" id="7537446005" uid="1" visible="true" user="OSMnx" changeset="1" /><node lon="-3.7140197" version="1" lat="40.4250033" timestamp="2026-05-12T23:23:03Z" id="7537446006" uid="1" visible="true" user="OSMnx" changeset="1" /><node lon="-3.7140404" version="1" lat="40.4250032" timestamp="2026-05-12T23:23:03Z" id="7537446007" uid="1" visible="true" user="OSMnx" changeset="1" /><node lon="-3.7147207" version="1" lat="40.4237903" timestamp="2026-05-12T23:23:03Z" id="7537446010" uid="1" visible="true" user="OSMnx" changeset="1" /><node lon="-3.7148487" version="1" lat="40.4235073" timestamp="2026-05-12T23:23:03Z" id="7555089990" uid="1" visible="true" user="OSMnx" changeset="1" /><node lon="-3.7148328" version="1" lat="40.4234242" timestamp="2026-05-12T23:23:03Z" id="7555089991" uid="1" visible="true" user="OSMnx" changeset="1" /><node lon="-3.7144269" version="1" lat="40.4242736" timestamp="2026-05-12T23:23:03Z" id="7619689676" uid="1" visible="true" user="OSMnx" changeset="1" /><node lon="-3.7143584" version="1" lat="40.4242589" timestamp="2026-05-12T23:23:03Z" id="7619689677" uid="1" visible="true" user="OSMnx" changeset="1" /><node lon="-3.7144272" version="1" lat="40.4243331" timestamp="2026-05-12T23:23:03Z" id="7619689678" uid="1" visible="true" user="OSMnx" changeset="1" /><node lon="-3.7143977" version="1" lat="40.424274" timestamp="2026-05-12T23:23:03Z" id="7619689679" uid="1" visible="true" user="OSMnx" changeset="1" /><node lon="-3.7144188" version="1" lat="40.4243195" timestamp="2026-05-12T23:23:03Z" id="7619689680" uid="1" visible="true" user="OSMnx" changeset="1" /><node lon="-3.7143788" version="1" lat="40.4242705" timestamp="2026-05-12T23:23:03Z" id="7619689681" uid="1" visible="true" user="OSMnx" changeset="1" /><node lon="-3.7136015" version="1" lat="40.4234386" timestamp="2026-05-12T23:23:03Z" id="7619712786" uid="1" visible="true" user="OSMnx" changeset="1" /><node lon="-3.7135834" version="1" lat="40.4234201" timestamp="2026-05-12T23:23:03Z" id="7619712787" uid="1" visible="true" user="OSMnx" changeset="1" /><node lon="-3.7141667" version="1" lat="40.423088" timestamp="2026-05-12T23:23:03Z" id="7619712789" uid="1" visible="true" user="OSMnx" changeset="1" /><node lon="-3.7142436" version="1" lat="40.4230736" timestamp="2026-05-12T23:23:03Z" id="7619712790" uid="1" visible="true" user="OSMnx" changeset="1" /><node lon="-3.714264" version="1" lat="40.4230827" timestamp="2026-05-12T23:23:03Z" id="7619712791" uid="1" visible="true" user="OSMnx" changeset="1" /><node lon="-3.7142821" version="1" lat="40.4230968" timestamp="2026-05-12T23:23:03Z" id="7619712792" uid="1" visible="true" user="OSMnx" changeset="1" /><node lon="-3.7143267" version="1" lat="40.4231392" timestamp="2026-05-12T23:23:03Z" id="7619712793" uid="1" visible="true" user="OSMnx" changeset="1" /><node lon="-3.7142202" version="1" lat="40.42307" timestamp="2026-05-12T23:23:03Z" id="7619712795" uid="1" visible="true" user="OSMnx" changeset="1" /><node lon="-3.714824" version="1" lat="40.4236263" timestamp="2026-05-12T23:23:03Z" id="7619712797" uid="1" visible="true" user="OSMnx" changeset="1" /><node lon="-3.7186948" version="1" lat="40.4338689" timestamp="2026-05-12T23:23:03Z" id="7859244870" uid="1" visible="true" user="OSMnx" changeset="1" /><node lon="-3.7131321" version="1" lat="40.4263748" timestamp="2026-05-12T23:23:03Z" id="7930651356" uid="1" visible="true" user="OSMnx" changeset="1" /><node lon="-3.7131566" version="1" lat="40.4264254" timestamp="2026-05-12T23:23:03Z" id="7930651357" uid="1" visible="true" user="OSMnx" changeset="1" /><node lon="-3.7131601" version="1" lat="40.4264732" timestamp="2026-05-12T23:23:03Z" id="7930651358" uid="1" visible="true" user="OSMnx" changeset="1" /><node lon="-3.713005" version="1" lat="40.4265642" timestamp="2026-05-12T23:23:03Z" id="7930651361" uid="1" visible="true" user="OSMnx" changeset="1" /><node lon="-3.7131839" version="1" lat="40.4264264" timestamp="2026-05-12T23:23:03Z" id="7930651364" uid="1" visible="true" user="OSMnx" changeset="1" /><node lon="-3.7132164" version="1" lat="40.4268084" timestamp="2026-05-12T23:23:03Z" id="7934347506" uid="1" visible="true" user="OSMnx" changeset="1" /><node lon="-3.7132904" version="1" lat="40.4267856" timestamp="2026-05-12T23:23:03Z" id="7934347509" uid="1" visible="true" user="OSMnx" changeset="1"><tag k="highway" v="crossing" /></node><node lon="-3.7133202" version="1" lat="40.4267753" timestamp="2026-05-12T23:23:03Z" id="7934347510" uid="1" visible="true" user="OSMnx" changeset="1" /><node lon="-3.7134129" version="1" lat="40.4267534" timestamp="2026-05-12T23:23:03Z" id="7934347511" uid="1" visible="true" user="OSMnx" changeset="1" /><node lon="-3.7134523" version="1" lat="40.4267379" timestamp="2026-05-12T23:23:03Z" id="7934347512" uid="1" visible="true" user="OSMnx" changeset="1" /><node lon="-3.7134674" version="1" lat="40.4267252" timestamp="2026-05-12T23:23:03Z" id="7934347513" uid="1" visible="true" user="OSMnx" changeset="1" /><node lon="-3.7134728" version="1" lat="40.4267101" timestamp="2026-05-12T23:23:03Z" id="7934347514" uid="1" visible="true" user="OSMnx" changeset="1" /><node lon="-3.7134807" version="1" lat="40.4266835" timestamp="2026-05-12T23:23:03Z" id="7934347515" uid="1" visible="true" user="OSMnx" changeset="1" /><node lon="-3.7124635" version="1" lat="40.4252527" timestamp="2026-05-12T23:23:03Z" id="7934347520" uid="1" visible="true" user="OSMnx" changeset="1"><tag k="highway" v="crossing" /></node><node lon="-3.7123626" version="1" lat="40.4252891" timestamp="2026-05-12T23:23:03Z" id="7934347521" uid="1" visible="true" user="OSMnx" changeset="1"><tag k="highway" v="crossing" /></node><node lon="-3.7137699" version="1" lat="40.4270798" timestamp="2026-05-12T23:23:03Z" id="7965756605" uid="1" visible="true" user="OSMnx" changeset="1" /><node lon="-3.7161123" version="1" lat="40.42472" timestamp="2026-05-12T23:23:03Z" id="7968363511" uid="1" visible="true" user="OSMnx" changeset="1" /><node lon="-3.7160006" version="1" lat="40.4246948" timestamp="2026-05-12T23:23:03Z" id="7968363512" uid="1" visible="true" user="OSMnx" changeset="1" /><node lon="-3.7149057" version="1" lat="40.4237448" timestamp="2026-05-12T23:23:03Z" id="7968363513" uid="1" visible="true" user="OSMnx" changeset="1" /><node lon="-3.7148403" version="1" lat="40.4234622" timestamp="2026-05-12T23:23:03Z" id="7968363514" uid="1" visible="true" user="OSMnx" changeset="1" /><node lon="-3.7150124" version="1" lat="40.4238392" timestamp="2026-05-12T23:23:03Z" id="7968363515" uid="1" visible="true" user="OSMnx" changeset="1" /><node lon="-3.7147931" version="1" lat="40.4235445" timestamp="2026-05-12T23:23:03Z" id="7968363521" uid="1" visible="true" user="OSMnx" changeset="1" /><node lon="-3.714711" version="1" lat="40.4232863" timestamp="2026-05-12T23:23:03Z" id="7968363523" uid="1" visible="true" user="OSMnx" changeset="1" /><node lon="-3.7132092" version="1" lat="40.4222723" timestamp="2026-05-12T23:23:03Z" id="7968363528" uid="1" visible="true" user="OSMnx" changeset="1" /><node lon="-3.7136353" version="1" lat="40.4225486" timestamp="2026-05-12T23:23:03Z" id="7968363529" uid="1" visible="true" user="OSMnx" changeset="1" /><node lon="-3.7133771" version="1" lat="40.4220863" timestamp="2026-05-12T23:23:03Z" id="7968363532" uid="1" visible="true" user="OSMnx" changeset="1" /><node lon="-3.7132808" version="1" lat="40.4219534" timestamp="2026-05-12T23:23:03Z" id="7968363533" uid="1" visible="true" user="OSMnx" changeset="1" /><node lon="-3.7132794" version="1" lat="40.4219365" timestamp="2026-05-12T23:23:03Z" id="7968363534" uid="1" visible="true" user="OSMnx" changeset="1" /><node lon="-3.7132882" version="1" lat="40.4219089" timestamp="2026-05-12T23:23:03Z" id="7968363535" uid="1" visible="true" user="OSMnx" changeset="1" /><node lon="-3.7133187" version="1" lat="40.4220208" timestamp="2026-05-12T23:23:03Z" id="7968363536" uid="1" visible="true" user="OSMnx" changeset="1" /><node lon="-3.7135319" version="1" lat="40.4222236" timestamp="2026-05-12T23:23:03Z" id="7968363537" uid="1" visible="true" user="OSMnx" changeset="1" /><node lon="-3.7136782" version="1" lat="40.4223409" timestamp="2026-05-12T23:23:03Z" id="7968363538" uid="1" visible="true" user="OSMnx" changeset="1" /><node lon="-3.7142945" version="1" lat="40.4228884" timestamp="2026-05-12T23:23:03Z" id="7987655992" uid="1" visible="true" user="OSMnx" changeset="1" /><node lon="-3.7151533" version="1" lat="40.4239775" timestamp="2026-05-12T23:23:03Z" id="7991188275" uid="1" visible="true" user="OSMnx" changeset="1" /><node lon="-3.7152375" version="1" lat="40.4238046" timestamp="2026-05-12T23:23:03Z" id="7991188276" uid="1" visible="true" user="OSMnx" changeset="1" /><node lon="-3.7152809" version="1" lat="40.4238536" timestamp="2026-05-12T23:23:03Z" id="7991193694" uid="1" visible="true" user="OSMnx" changeset="1" /><node lon="-3.7154293" version="1" lat="40.4242027" timestamp="2026-05-12T23:23:03Z" id="7991193695" uid="1" visible="true" user="OSMnx" changeset="1" /><node lon="-3.7158752" version="1" lat="40.424676" timestamp="2026-05-12T23:23:03Z" id="8325971338" uid="1" visible="true" user="OSMnx" changeset="1"><tag k="highway" v="traffic_signals" /></node><node lon="-3.7138555" version="1" lat="40.4271072" timestamp="2026-05-12T23:23:03Z" id="8428817433" uid="1" visible="true" user="OSMnx" changeset="1" /><node lon="-3.7115709" version="1" lat="40.4240434" timestamp="2026-05-12T23:23:03Z" id="8430090471" uid="1" visible="true" user="OSMnx" changeset="1" /><node lon="-3.7189705" version="1" lat="40.4345114" timestamp="2026-05-12T23:23:03Z" id="8430090473" uid="1" visible="true" user="OSMnx" changeset="1" /><node lon="-3.7144575" version="1" lat="40.4282313" timestamp="2026-05-12T23:23:03Z" id="8430090474" uid="1" visible="true" user="OSMnx" changeset="1" /><node lon="-3.7158755" version="1" lat="40.4301719" timestamp="2026-05-12T23:23:03Z" id="8430090475" uid="1" visible="true" user="OSMnx" changeset="1" /><node lon="-3.7157611" version="1" lat="40.4264343" timestamp="2026-05-12T23:23:03Z" id="8440879523" uid="1" visible="true" user="OSMnx" changeset="1" /><node lon="-3.7188231" version="1" lat="40.4259262" timestamp="2026-05-12T23:23:03Z" id="8440879525" uid="1" visible="true" user="OSMnx" changeset="1" /><node lon="-3.7234994" version="1" lat="40.4323709" timestamp="2026-05-12T23:23:03Z" id="8440879527" uid="1" visible="true" user="OSMnx" changeset="1" /><node lon="-3.7237039" version="1" lat="40.4322857" timestamp="2026-05-12T23:23:03Z" id="8440879528" uid="1" visible="true" user="OSMnx" changeset="1" /><node lon="-3.7218197" version="1" lat="40.4307949" timestamp="2026-05-12T23:23:03Z" id="8440879529" uid="1" visible="true" user="OSMnx" changeset="1" /><node lon="-3.7200364" version="1" lat="40.4289674" timestamp="2026-05-12T23:23:03Z" id="8440879530" uid="1" visible="true" user="OSMnx" changeset="1" /><node lon="-3.7226125" version="1" lat="40.4310814" timestamp="2026-05-12T23:23:03Z" id="8447103714" uid="1" visible="true" user="OSMnx" changeset="1" /><node lon="-3.7197" version="1" lat="40.429575" timestamp="2026-05-12T23:23:03Z" id="8447103715" uid="1" visible="true" user="OSMnx" changeset="1" /><node lon="-3.7186351" version="1" lat="40.4298031" timestamp="2026-05-12T23:23:03Z" id="8447121533" uid="1" visible="true" user="OSMnx" changeset="1" /><node lon="-3.7210389" version="1" lat="40.4290246" timestamp="2026-05-12T23:23:03Z" id="8447121534" uid="1" visible="true" user="OSMnx" changeset="1" /><node lon="-3.718634" version="1" lat="40.4275222" timestamp="2026-05-12T23:23:03Z" id="8473661003" uid="1" visible="true" user="OSMnx" changeset="1" /><node lon="-3.7139039" version="1" lat="40.4274282" timestamp="2026-05-12T23:23:03Z" id="8577075124" uid="1" visible="true" user="OSMnx" changeset="1" /><node lon="-3.7174518" version="1" lat="40.4323739" timestamp="2026-05-12T23:23:03Z" id="8577075129" uid="1" visible="true" user="OSMnx" changeset="1" /><node lon="-3.7186433" version="1" lat="40.4340477" timestamp="2026-05-12T23:23:03Z" id="8577075130" uid="1" visible="true" user="OSMnx" changeset="1" /><node lon="-3.7166877" version="1" lat="40.4293644" timestamp="2026-05-12T23:23:03Z" id="8646829050" uid="1" visible="true" user="OSMnx" changeset="1"><tag k="highway" v="crossing" /></node><node lon="-3.7154553" version="1" lat="40.4266051" timestamp="2026-05-12T23:23:03Z" id="8715771071" uid="1" visible="true" user="OSMnx" changeset="1"><tag k="highway" v="crossing" /></node><node lon="-3.7154753" version="1" lat="40.4266288" timestamp="2026-05-12T23:23:03Z" id="8715771072" uid="1" visible="true" user="OSMnx" changeset="1"><tag k="highway" v="give_way" /></node><node lon="-3.7128473" version="1" lat="40.4221658" timestamp="2026-05-12T23:23:03Z" id="9281757109" uid="1" visible="true" user="OSMnx" changeset="1" /><node lon="-3.7136906" version="1" lat="40.4233605" timestamp="2026-05-12T23:23:03Z" id="9281775202" uid="1" visible="true" user="OSMnx" changeset="1" /><node lon="-3.7135409" version="1" lat="40.4234444" timestamp="2026-05-12T23:23:03Z" id="9300514868" uid="1" visible="true" user="OSMnx" changeset="1" /><node lon="-3.7130604" version="1" lat="40.4237116" timestamp="2026-05-12T23:23:03Z" id="9306444660" uid="1" visible="true" user="OSMnx" changeset="1" /><node lon="-3.7116484" version="1" lat="40.4243127" timestamp="2026-05-12T23:23:03Z" id="9306444673" uid="1" visible="true" user="OSMnx" changeset="1"><tag k="highway" v="crossing" /></node><node lon="-3.7117413" version="1" lat="40.424272" timestamp="2026-05-12T23:23:03Z" id="9306444674" uid="1" visible="true" user="OSMnx" changeset="1"><tag k="highway" v="crossing" /></node><node lon="-3.7116953" version="1" lat="40.4242109" timestamp="2026-05-12T23:23:03Z" id="9306444675" uid="1" visible="true" user="OSMnx" changeset="1"><tag k="highway" v="crossing" /></node><node lon="-3.7149098" version="1" lat="40.4235133" timestamp="2026-05-12T23:23:03Z" id="9306444689" uid="1" visible="true" user="OSMnx" changeset="1" /><node lon="-3.7148655" version="1" lat="40.4237023" timestamp="2026-05-12T23:23:03Z" id="9306444692" uid="1" visible="true" user="OSMnx" changeset="1"><tag k="highway" v="traffic_signals" /></node><node lon="-3.7148423" version="1" lat="40.4235659" timestamp="2026-05-12T23:23:03Z" id="9306444693" uid="1" visible="true" user="OSMnx" changeset="1" /><node lon="-3.7111412" version="1" lat="40.4231688" timestamp="2026-05-12T23:23:03Z" id="9307490304" uid="1" visible="true" user="OSMnx" changeset="1"><tag k="highway" v="crossing" /></node><node lon="-3.712982" version="1" lat="40.4221609" timestamp="2026-05-12T23:23:03Z" id="9307490316" uid="1" visible="true" user="OSMnx" changeset="1" /><node lon="-3.7130446" version="1" lat="40.4221389" timestamp="2026-05-12T23:23:03Z" id="9307495417" uid="1" visible="true" user="OSMnx" changeset="1" /><node lon="-3.7128878" version="1" lat="40.4220614" timestamp="2026-05-12T23:23:03Z" id="9307495418" uid="1" visible="true" user="OSMnx" changeset="1" /><node lon="-3.7128243" version="1" lat="40.4222278" timestamp="2026-05-12T23:23:03Z" id="9307495420" uid="1" visible="true" user="OSMnx" changeset="1" /><node lon="-3.7133877" version="1" lat="40.4218358" timestamp="2026-05-12T23:23:03Z" id="9307495422" uid="1" visible="true" user="OSMnx" changeset="1" /><node lon="-3.7129101" version="1" lat="40.4221004" timestamp="2026-05-12T23:23:03Z" id="9307495426" uid="1" visible="true" user="OSMnx" changeset="1" /><node lon="-3.7127365" version="1" lat="40.4223907" timestamp="2026-05-12T23:23:03Z" id="9307495429" uid="1" visible="true" user="OSMnx" changeset="1" /><node lon="-3.7120417" version="1" lat="40.4227106" timestamp="2026-05-12T23:23:03Z" id="9307495431" uid="1" visible="true" user="OSMnx" changeset="1" /><node lon="-3.711743" version="1" lat="40.4228774" timestamp="2026-05-12T23:23:03Z" id="9307495432" uid="1" visible="true" user="OSMnx" changeset="1" /><node lon="-3.7122956" version="1" lat="40.4225777" timestamp="2026-05-12T23:23:03Z" id="9307495438" uid="1" visible="true" user="OSMnx" changeset="1" /><node lon="-3.7134689" version="1" lat="40.4221741" timestamp="2026-05-12T23:23:03Z" id="9307495443" uid="1" visible="true" user="OSMnx" changeset="1" /><node lon="-3.7132876" version="1" lat="40.4223192" timestamp="2026-05-12T23:23:03Z" id="9307495444" uid="1" visible="true" user="OSMnx" changeset="1" /><node lon="-3.721702" version="1" lat="40.4288798" timestamp="2026-05-12T23:23:03Z" id="9435349738" uid="1" visible="true" user="OSMnx" changeset="1" /><node lon="-3.720807" version="1" lat="40.4328272" timestamp="2026-05-12T23:23:03Z" id="9439650465" uid="1" visible="true" user="OSMnx" changeset="1" /><node lon="-3.718587" version="1" lat="40.4254724" timestamp="2026-05-12T23:23:03Z" id="9483986398" uid="1" visible="true" user="OSMnx" changeset="1" /><node lon="-3.7184023" version="1" lat="40.4255339" timestamp="2026-05-12T23:23:03Z" id="9483986399" uid="1" visible="true" user="OSMnx" changeset="1" /><node lon="-3.7155647" version="1" lat="40.4241216" timestamp="2026-05-12T23:23:03Z" id="10016776542" uid="1" visible="true" user="OSMnx" changeset="1" /><node lon="-3.7130109" version="1" lat="40.4221587" timestamp="2026-05-12T23:23:03Z" id="10016776544" uid="1" visible="true" user="OSMnx" changeset="1" /><node lon="-3.7126701" version="1" lat="40.4224289" timestamp="2026-05-12T23:23:03Z" id="10016776546" uid="1" visible="true" user="OSMnx" changeset="1" /><node lon="-3.7124173" version="1" lat="40.422537" timestamp="2026-05-12T23:23:03Z" id="10016776550" uid="1" visible="true" user="OSMnx" changeset="1" /><node lon="-3.7122072" version="1" lat="40.4226199" timestamp="2026-05-12T23:23:03Z" id="10016776551" uid="1" visible="true" user="OSMnx" changeset="1" /><node lon="-3.7110599" version="1" lat="40.4234768" timestamp="2026-05-12T23:23:03Z" id="10016776552" uid="1" visible="true" user="OSMnx" changeset="1" /><node lon="-3.714858" version="1" lat="40.4236106" timestamp="2026-05-12T23:23:03Z" id="10604931740" uid="1" visible="true" user="OSMnx" changeset="1" /><node lon="-3.7148421" version="1" lat="40.4236468" timestamp="2026-05-12T23:23:03Z" id="10931205596" uid="1" visible="true" user="OSMnx" changeset="1" /><node lon="-3.7159132" version="1" lat="40.4284176" timestamp="2026-05-12T23:23:03Z" id="11237949945" uid="1" visible="true" user="OSMnx" changeset="1"><tag k="highway" v="crossing" /></node><node lon="-3.7194175" version="1" lat="40.4324268" timestamp="2026-05-12T23:23:03Z" id="11279337787" uid="1" visible="true" user="OSMnx" changeset="1" /><node lon="-3.7190209" version="1" lat="40.4342299" timestamp="2026-05-12T23:23:03Z" id="11280466187" uid="1" visible="true" user="OSMnx" changeset="1"><tag k="ref" v="11980" /></node><node lon="-3.7157633" version="1" lat="40.4245934" timestamp="2026-05-12T23:23:03Z" id="11327800846" uid="1" visible="true" user="OSMnx" changeset="1" /><node lon="-3.7162719" version="1" lat="40.4250687" timestamp="2026-05-12T23:23:03Z" id="11327800847" uid="1" visible="true" user="OSMnx" changeset="1" /><node lon="-3.7143992" version="1" lat="40.4229985" timestamp="2026-05-12T23:23:03Z" id="11511962957" uid="1" visible="true" user="OSMnx" changeset="1" /><node lon="-3.7129442" version="1" lat="40.424588" timestamp="2026-05-12T23:23:03Z" id="11765098321" uid="1" visible="true" user="OSMnx" changeset="1" /><node lon="-3.7129831" version="1" lat="40.4245721" timestamp="2026-05-12T23:23:03Z" id="11765098351" uid="1" visible="true" user="OSMnx" changeset="1" /><node lon="-3.7188714" version="1" lat="40.4340838" timestamp="2026-05-12T23:23:03Z" id="11844345284" uid="1" visible="true" user="OSMnx" changeset="1" /><node lon="-3.718882" version="1" lat="40.4340656" timestamp="2026-05-12T23:23:03Z" id="11844345285" uid="1" visible="true" user="OSMnx" changeset="1" /><node lon="-3.7188359" version="1" lat="40.4340128" timestamp="2026-05-12T23:23:03Z" id="11844345286" uid="1" visible="true" user="OSMnx" changeset="1" /><node lon="-3.7187923" version="1" lat="40.4339645" timestamp="2026-05-12T23:23:03Z" id="11844345287" uid="1" visible="true" user="OSMnx" changeset="1" /><node lon="-3.7188358" version="1" lat="40.4340575" timestamp="2026-05-12T23:23:03Z" id="11844345288" uid="1" visible="true" user="OSMnx" changeset="1" /><node lon="-3.7188071" version="1" lat="40.434042" timestamp="2026-05-12T23:23:03Z" id="11844345289" uid="1" visible="true" user="OSMnx" changeset="1" /><node lon="-3.7187717" version="1" lat="40.4340313" timestamp="2026-05-12T23:23:03Z" id="11844345290" uid="1" visible="true" user="OSMnx" changeset="1" /><node lon="-3.7187384" version="1" lat="40.4340277" timestamp="2026-05-12T23:23:03Z" id="11844345291" uid="1" visible="true" user="OSMnx" changeset="1" /><node lon="-3.7187404" version="1" lat="40.4339116" timestamp="2026-05-12T23:23:03Z" id="11844345294" uid="1" visible="true" user="OSMnx" changeset="1" /><node lon="-3.7239483" version="1" lat="40.4329854" timestamp="2026-05-12T23:23:03Z" id="12203620147" uid="1" visible="true" user="OSMnx" changeset="1" /><node lon="-3.7174197" version="1" lat="40.4262514" timestamp="2026-05-12T23:23:03Z" id="12203620148" uid="1" visible="true" user="OSMnx" changeset="1" /><node lon="-3.7183143" version="1" lat="40.4333973" timestamp="2026-05-12T23:23:03Z" id="12354677173" uid="1" visible="true" user="OSMnx" changeset="1" /><node lon="-3.7160332" version="1" lat="40.4285539" timestamp="2026-05-12T23:23:03Z" id="12400147466" uid="1" visible="true" user="OSMnx" changeset="1" /><node lon="-3.7118807" version="1" lat="40.4243441" timestamp="2026-05-12T23:23:03Z" id="12400374724" uid="1" visible="true" user="OSMnx" changeset="1" /><node lon="-3.7142563" version="1" lat="40.4276754" timestamp="2026-05-12T23:23:03Z" id="12400374729" uid="1" visible="true" user="OSMnx" changeset="1" /><node lon="-3.7146718" version="1" lat="40.4282331" timestamp="2026-05-12T23:23:03Z" id="12400374730" uid="1" visible="true" user="OSMnx" changeset="1" /><node lon="-3.7151421" version="1" lat="40.4288382" timestamp="2026-05-12T23:23:03Z" id="12400374732" uid="1" visible="true" user="OSMnx" changeset="1"><tag k="highway" v="traffic_signals" /></node><node lon="-3.7157547" version="1" lat="40.4296999" timestamp="2026-05-12T23:23:03Z" id="12400374733" uid="1" visible="true" user="OSMnx" changeset="1"><tag k="highway" v="give_way" /></node><node lon="-3.7163215" version="1" lat="40.4305428" timestamp="2026-05-12T23:23:03Z" id="12400374736" uid="1" visible="true" user="OSMnx" changeset="1" /><node lon="-3.7163755" version="1" lat="40.4306378" timestamp="2026-05-12T23:23:03Z" id="12400374737" uid="1" visible="true" user="OSMnx" changeset="1" /><node lon="-3.7175876" version="1" lat="40.4322998" timestamp="2026-05-12T23:23:03Z" id="12400374738" uid="1" visible="true" user="OSMnx" changeset="1" /><node lon="-3.7180617" version="1" lat="40.4329739" timestamp="2026-05-12T23:23:03Z" id="12400374739" uid="1" visible="true" user="OSMnx" changeset="1" /><node lon="-3.7239362" version="1" lat="40.4329717" timestamp="2026-05-12T23:23:03Z" id="12400374747" uid="1" visible="true" user="OSMnx" changeset="1" /><node lon="-3.7171053" version="1" lat="40.4316385" timestamp="2026-05-12T23:23:03Z" id="12400374750" uid="1" visible="true" user="OSMnx" changeset="1"><tag k="highway" v="crossing" /></node><node lon="-3.7216146" version="1" lat="40.433963" timestamp="2026-05-12T23:23:03Z" id="12400374752" uid="1" visible="true" user="OSMnx" changeset="1"><tag k="highway" v="crossing" /></node><node lon="-3.7116548" version="1" lat="40.4244236" timestamp="2026-05-12T23:23:03Z" id="12400374754" uid="1" visible="true" user="OSMnx" changeset="1" /><node lon="-3.7138782" version="1" lat="40.4274624" timestamp="2026-05-12T23:23:03Z" id="12400374757" uid="1" visible="true" user="OSMnx" changeset="1" /><node lon="-3.7149124" version="1" lat="40.428971" timestamp="2026-05-12T23:23:03Z" id="12400374758" uid="1" visible="true" user="OSMnx" changeset="1" /><node lon="-3.7150682" version="1" lat="40.4291155" timestamp="2026-05-12T23:23:03Z" id="12400374760" uid="1" visible="true" user="OSMnx" changeset="1" /><node lon="-3.7160735" version="1" lat="40.4305616" timestamp="2026-05-12T23:23:03Z" id="12400374761" uid="1" visible="true" user="OSMnx" changeset="1" /><node lon="-3.7161133" version="1" lat="40.4306609" timestamp="2026-05-12T23:23:03Z" id="12400374762" uid="1" visible="true" user="OSMnx" changeset="1" /><node lon="-3.716904" version="1" lat="40.4316715" timestamp="2026-05-12T23:23:03Z" id="12400374807" uid="1" visible="true" user="OSMnx" changeset="1"><tag k="highway" v="crossing" /></node><node lon="-3.7170866" version="1" lat="40.431924" timestamp="2026-05-12T23:23:03Z" id="12400374808" uid="1" visible="true" user="OSMnx" changeset="1"><tag k="highway" v="crossing" /></node><node lon="-3.7178842" version="1" lat="40.4330338" timestamp="2026-05-12T23:23:03Z" id="12400374810" uid="1" visible="true" user="OSMnx" changeset="1"><tag k="highway" v="crossing" /></node><node lon="-3.7186045" version="1" lat="40.4340624" timestamp="2026-05-12T23:23:03Z" id="12400374812" uid="1" visible="true" user="OSMnx" changeset="1"><tag k="highway" v="crossing" /></node><node lon="-3.7187" version="1" lat="40.4341988" timestamp="2026-05-12T23:23:03Z" id="12400374813" uid="1" visible="true" user="OSMnx" changeset="1"><tag k="highway" v="crossing" /></node><node lon="-3.7125197" version="1" lat="40.4225616" timestamp="2026-05-12T23:23:03Z" id="12410331095" uid="1" visible="true" user="OSMnx" changeset="1" /><node lon="-3.712318" version="1" lat="40.4226629" timestamp="2026-05-12T23:23:03Z" id="12410331096" uid="1" visible="true" user="OSMnx" changeset="1" /><node lon="-3.711079" version="1" lat="40.4234088" timestamp="2026-05-12T23:23:03Z" id="12410331097" uid="1" visible="true" user="OSMnx" changeset="1" /><node lon="-3.7114352" version="1" lat="40.4231841" timestamp="2026-05-12T23:23:03Z" id="12410331098" uid="1" visible="true" user="OSMnx" changeset="1" /><node lon="-3.7108128" version="1" lat="40.4233932" timestamp="2026-05-12T23:23:03Z" id="12410331099" uid="1" visible="true" user="OSMnx" changeset="1" /><node lon="-3.7119077" version="1" lat="40.4243328" timestamp="2026-05-12T23:23:03Z" id="12410343602" uid="1" visible="true" user="OSMnx" changeset="1"><tag k="highway" v="crossing" /></node><node lon="-3.7109748" version="1" lat="40.4235046" timestamp="2026-05-12T23:23:03Z" id="12410357014" uid="1" visible="true" user="OSMnx" changeset="1" /><node lon="-3.7184669" version="1" lat="40.4338037" timestamp="2026-05-12T23:23:03Z" id="12674385036" uid="1" visible="true" user="OSMnx" changeset="1" /><node lon="-3.7154186" version="1" lat="40.4292965" timestamp="2026-05-12T23:23:03Z" id="12674385037" uid="1" visible="true" user="OSMnx" changeset="1" /><node lon="-3.7116888" version="1" lat="40.4243687" timestamp="2026-05-12T23:23:03Z" id="12674385038" uid="1" visible="true" user="OSMnx" changeset="1" /><node lon="-3.7192833" version="1" lat="40.4295206" timestamp="2026-05-12T23:23:03Z" id="12828583143" uid="1" visible="true" user="OSMnx" changeset="1"><tag k="highway" v="crossing" /></node><node lon="-3.713187" version="1" lat="40.4268099" timestamp="2026-05-12T23:23:03Z" id="12840937955" uid="1" visible="true" user="OSMnx" changeset="1" /><node lon="-3.7189797" version="1" lat="40.4342064" timestamp="2026-05-12T23:23:03Z" id="12845246727" uid="1" visible="true" user="OSMnx" changeset="1" /><node lon="-3.7189914" version="1" lat="40.4342188" timestamp="2026-05-12T23:23:03Z" id="12845246728" uid="1" visible="true" user="OSMnx" changeset="1" /><node lon="-3.7197723" version="1" lat="40.4348488" timestamp="2026-05-12T23:23:03Z" id="13027284300" uid="1" visible="true" user="OSMnx" changeset="1" /><node lon="-3.7217295" version="1" lat="40.4288742" timestamp="2026-05-12T23:23:03Z" id="13027387100" uid="1" visible="true" user="OSMnx" changeset="1"><tag k="highway" v="crossing" /></node><node lon="-3.71836" version="1" lat="40.4254733" timestamp="2026-05-12T23:23:03Z" id="13027416608" uid="1" visible="true" user="OSMnx" changeset="1"><tag k="highway" v="crossing" /></node><node lon="-3.7170775" version="1" lat="40.4252299" timestamp="2026-05-12T23:23:03Z" id="13027416609" uid="1" visible="true" user="OSMnx" changeset="1" /><node lon="-3.7216421" version="1" lat="40.4340049" timestamp="2026-05-12T23:23:03Z" id="13027418001" uid="1" visible="true" user="OSMnx" changeset="1"><tag k="highway" v="crossing" /></node><node lon="-3.7239762" version="1" lat="40.433017" timestamp="2026-05-12T23:23:03Z" id="13027418003" uid="1" visible="true" user="OSMnx" changeset="1" /><node lon="-3.7197942" version="1" lat="40.426924" timestamp="2026-05-12T23:23:03Z" id="13076727639" uid="1" visible="true" user="OSMnx" changeset="1"><tag k="highway" v="traffic_signals" /></node><node lon="-3.7204864" version="1" lat="40.4276385" timestamp="2026-05-12T23:23:03Z" id="13076727640" uid="1" visible="true" user="OSMnx" changeset="1" /><node lon="-3.720561" version="1" lat="40.4277117" timestamp="2026-05-12T23:23:03Z" id="13076727641" uid="1" visible="true" user="OSMnx" changeset="1"><tag k="highway" v="crossing" /></node><node lon="-3.7215619" version="1" lat="40.4287463" timestamp="2026-05-12T23:23:03Z" id="13076727642" uid="1" visible="true" user="OSMnx" changeset="1"><tag k="highway" v="traffic_signals" /></node><node lon="-3.7218544" version="1" lat="40.4290527" timestamp="2026-05-12T23:23:03Z" id="13076727643" uid="1" visible="true" user="OSMnx" changeset="1"><tag k="highway" v="traffic_signals" /></node><node lon="-3.7222651" version="1" lat="40.4294773" timestamp="2026-05-12T23:23:03Z" id="13076727645" uid="1" visible="true" user="OSMnx" changeset="1" /><node lon="-3.722344" version="1" lat="40.4295591" timestamp="2026-05-12T23:23:03Z" id="13076727647" uid="1" visible="true" user="OSMnx" changeset="1" /><node lon="-3.7227135" version="1" lat="40.4299429" timestamp="2026-05-12T23:23:03Z" id="13076727648" uid="1" visible="true" user="OSMnx" changeset="1" /><node lon="-3.7227982" version="1" lat="40.4300274" timestamp="2026-05-12T23:23:03Z" id="13076727650" uid="1" visible="true" user="OSMnx" changeset="1" /><node lon="-3.7228417" version="1" lat="40.4300712" timestamp="2026-05-12T23:23:03Z" id="13076727651" uid="1" visible="true" user="OSMnx" changeset="1" /><node lon="-3.7233579" version="1" lat="40.4306107" timestamp="2026-05-12T23:23:03Z" id="13076727652" uid="1" visible="true" user="OSMnx" changeset="1" /><node lon="-3.7234681" version="1" lat="40.4307278" timestamp="2026-05-12T23:23:03Z" id="13076727653" uid="1" visible="true" user="OSMnx" changeset="1" /><node lon="-3.7235226" version="1" lat="40.430783" timestamp="2026-05-12T23:23:03Z" id="13076727654" uid="1" visible="true" user="OSMnx" changeset="1"><tag k="highway" v="traffic_signals" /></node><node lon="-3.7240494" version="1" lat="40.4313261" timestamp="2026-05-12T23:23:03Z" id="13076727655" uid="1" visible="true" user="OSMnx" changeset="1" /><node lon="-3.7241007" version="1" lat="40.4313788" timestamp="2026-05-12T23:23:03Z" id="13076727656" uid="1" visible="true" user="OSMnx" changeset="1"><tag k="highway" v="traffic_signals" /></node><node lon="-3.7245255" version="1" lat="40.4318104" timestamp="2026-05-12T23:23:03Z" id="13076727657" uid="1" visible="true" user="OSMnx" changeset="1"><tag k="highway" v="crossing" /></node><node lon="-3.7246083" version="1" lat="40.4319069" timestamp="2026-05-12T23:23:03Z" id="13076727658" uid="1" visible="true" user="OSMnx" changeset="1" /><node lon="-3.7250983" version="1" lat="40.4324232" timestamp="2026-05-12T23:23:03Z" id="13076727659" uid="1" visible="true" user="OSMnx" changeset="1" /><node lon="-3.725143" version="1" lat="40.4324905" timestamp="2026-05-12T23:23:03Z" id="13076727660" uid="1" visible="true" user="OSMnx" changeset="1" /><node lon="-3.7251248" version="1" lat="40.4325693" timestamp="2026-05-12T23:23:03Z" id="13076727661" uid="1" visible="true" user="OSMnx" changeset="1" /><node lon="-3.7250426" version="1" lat="40.4326095" timestamp="2026-05-12T23:23:03Z" id="13076727662" uid="1" visible="true" user="OSMnx" changeset="1"><tag k="highway" v="crossing" /></node><node lon="-3.7239922" version="1" lat="40.4330362" timestamp="2026-05-12T23:23:03Z" id="13076727663" uid="1" visible="true" user="OSMnx" changeset="1" /><node lon="-3.7235764" version="1" lat="40.4332174" timestamp="2026-05-12T23:23:03Z" id="13076727664" uid="1" visible="true" user="OSMnx" changeset="1" /><node lon="-3.7207931" version="1" lat="40.4328077" timestamp="2026-05-12T23:23:03Z" id="13076727688" uid="1" visible="true" user="OSMnx" changeset="1" /><node lon="-3.7207533" version="1" lat="40.4327517" timestamp="2026-05-12T23:23:03Z" id="13076727689" uid="1" visible="true" user="OSMnx" changeset="1" /><node lon="-3.7206595" version="1" lat="40.4326199" timestamp="2026-05-12T23:23:03Z" id="13076727690" uid="1" visible="true" user="OSMnx" changeset="1" /><node lon="-3.7204545" version="1" lat="40.4323286" timestamp="2026-05-12T23:23:03Z" id="13076727691" uid="1" visible="true" user="OSMnx" changeset="1" /><node lon="-3.7203125" version="1" lat="40.4321281" timestamp="2026-05-12T23:23:03Z" id="13076727692" uid="1" visible="true" user="OSMnx" changeset="1"><tag k="highway" v="crossing" /></node><node lon="-3.714764" version="1" lat="40.4237267" timestamp="2026-05-12T23:23:03Z" id="13423404198" uid="1" visible="true" user="OSMnx" changeset="1"><tag k="highway" v="traffic_signals" /></node><node lon="-3.7194812" version="1" lat="40.4295275" timestamp="2026-05-12T23:23:03Z" id="13448660818" uid="1" visible="true" user="OSMnx" changeset="1"><tag k="highway" v="crossing" /></node><node lon="-3.7195393" version="1" lat="40.4296231" timestamp="2026-05-12T23:23:03Z" id="13448660819" uid="1" visible="true" user="OSMnx" changeset="1"><tag k="highway" v="crossing" /></node><node lon="-3.7194682" version="1" lat="40.4296849" timestamp="2026-05-12T23:23:03Z" id="13448660822" uid="1" visible="true" user="OSMnx" changeset="1"><tag k="highway" v="stop" /></node><node lon="-3.7131365" version="1" lat="40.4264937" timestamp="2026-05-12T23:23:03Z" id="13619179683" uid="1" visible="true" user="OSMnx" changeset="1"><tag k="highway" v="traffic_signals" /></node><node lon="-3.7132534" version="1" lat="40.426797" timestamp="2026-05-12T23:23:03Z" id="13619179684" uid="1" visible="true" user="OSMnx" changeset="1"><tag k="highway" v="traffic_signals" /></node><node lon="-3.7136104" version="1" lat="40.4268692" timestamp="2026-05-12T23:23:03Z" id="13619179685" uid="1" visible="true" user="OSMnx" changeset="1"><tag k="highway" v="traffic_signals" /></node><node lon="-3.7134422" version="1" lat="40.4267986" timestamp="2026-05-12T23:23:03Z" id="13619179686" uid="1" visible="true" user="OSMnx" changeset="1"><tag k="highway" v="traffic_signals" /></node><node lon="-3.7138241" version="1" lat="40.4275435" timestamp="2026-05-12T23:23:03Z" id="13619179687" uid="1" visible="true" user="OSMnx" changeset="1"><tag k="highway" v="crossing" /></node><node lon="-3.7142963" version="1" lat="40.4276455" timestamp="2026-05-12T23:23:03Z" id="13619179688" uid="1" visible="true" user="OSMnx" changeset="1"><tag k="highway" v="crossing" /></node><node lon="-3.7143048" version="1" lat="40.4280192" timestamp="2026-05-12T23:23:03Z" id="13619179689" uid="1" visible="true" user="OSMnx" changeset="1"><tag k="highway" v="traffic_signals" /></node><node lon="-3.7146995" version="1" lat="40.4282164" timestamp="2026-05-12T23:23:03Z" id="13619179690" uid="1" visible="true" user="OSMnx" changeset="1"><tag k="highway" v="crossing" /></node><node lon="-3.7152182" version="1" lat="40.4290144" timestamp="2026-05-12T23:23:03Z" id="13619179691" uid="1" visible="true" user="OSMnx" changeset="1"><tag k="highway" v="traffic_signals" /></node><node lon="-3.7150184" version="1" lat="40.429009" timestamp="2026-05-12T23:23:03Z" id="13619179692" uid="1" visible="true" user="OSMnx" changeset="1"><tag k="highway" v="traffic_signals" /></node><node lon="-3.7148704" version="1" lat="40.4290233" timestamp="2026-05-12T23:23:03Z" id="13619179693" uid="1" visible="true" user="OSMnx" changeset="1"><tag k="highway" v="traffic_signals" /></node><node lon="-3.7149194" version="1" lat="40.429113" timestamp="2026-05-12T23:23:03Z" id="13619179694" uid="1" visible="true" user="OSMnx" changeset="1"><tag k="highway" v="traffic_signals" /></node><node lon="-3.7160074" version="1" lat="40.4303523" timestamp="2026-05-12T23:23:03Z" id="13619179695" uid="1" visible="true" user="OSMnx" changeset="1"><tag k="highway" v="traffic_signals" /></node><node lon="-3.716137" version="1" lat="40.4303677" timestamp="2026-05-12T23:23:03Z" id="13619179696" uid="1" visible="true" user="OSMnx" changeset="1"><tag k="highway" v="traffic_signals" /></node><node lon="-3.7164898" version="1" lat="40.4305052" timestamp="2026-05-12T23:23:03Z" id="13619179697" uid="1" visible="true" user="OSMnx" changeset="1"><tag k="highway" v="traffic_signals" /></node><node lon="-3.7164437" version="1" lat="40.4306212" timestamp="2026-05-12T23:23:03Z" id="13619179698" uid="1" visible="true" user="OSMnx" changeset="1"><tag k="highway" v="traffic_signals" /></node><node lon="-3.7159959" version="1" lat="40.4305629" timestamp="2026-05-12T23:23:03Z" id="13619179699" uid="1" visible="true" user="OSMnx" changeset="1"><tag k="highway" v="traffic_signals" /></node><node lon="-3.7164481" version="1" lat="40.4308209" timestamp="2026-05-12T23:23:03Z" id="13619184401" uid="1" visible="true" user="OSMnx" changeset="1"><tag k="highway" v="traffic_signals" /></node><node lon="-3.7163029" version="1" lat="40.4308053" timestamp="2026-05-12T23:23:03Z" id="13619184402" uid="1" visible="true" user="OSMnx" changeset="1"><tag k="highway" v="traffic_signals" /></node><node lon="-3.7111711" version="1" lat="40.4231833" timestamp="2026-05-12T23:23:03Z" id="13665143705" uid="1" visible="true" user="OSMnx" changeset="1" /><node lon="-3.7110987" version="1" lat="40.4233758" timestamp="2026-05-12T23:23:03Z" id="13665143706" uid="1" visible="true" user="OSMnx" changeset="1" /><node lon="-3.7110863" version="1" lat="40.4233927" timestamp="2026-05-12T23:23:03Z" id="13665143707" uid="1" visible="true" user="OSMnx" changeset="1" /><node lon="-3.7110765" version="1" lat="40.4234224" timestamp="2026-05-12T23:23:03Z" id="13665143708" uid="1" visible="true" user="OSMnx" changeset="1" /><node lon="-3.712573" version="1" lat="40.4224795" timestamp="2026-05-12T23:23:03Z" id="13665143709" uid="1" visible="true" user="OSMnx" changeset="1" /><node lon="-3.7122532" version="1" lat="40.4225972" timestamp="2026-05-12T23:23:03Z" id="13665143715" uid="1" visible="true" user="OSMnx" changeset="1" /><node lon="-3.7125427" version="1" lat="40.4224923" timestamp="2026-05-12T23:23:03Z" id="13665143716" uid="1" visible="true" user="OSMnx" changeset="1" /><node lon="-3.71261" version="1" lat="40.4224621" timestamp="2026-05-12T23:23:03Z" id="13665143717" uid="1" visible="true" user="OSMnx" changeset="1" /><node lon="-3.7125533" version="1" lat="40.4225443" timestamp="2026-05-12T23:23:03Z" id="13665143718" uid="1" visible="true" user="OSMnx" changeset="1" /><node lon="-3.7128562" version="1" lat="40.4222176" timestamp="2026-05-12T23:23:03Z" id="13665143719" uid="1" visible="true" user="OSMnx" changeset="1" /><node lon="-3.7128087" version="1" lat="40.4223011" timestamp="2026-05-12T23:23:03Z" id="13665143720" uid="1" visible="true" user="OSMnx" changeset="1" /><node lon="-3.7128087" version="1" lat="40.4223866" timestamp="2026-05-12T23:23:03Z" id="13665143721" uid="1" visible="true" user="OSMnx" changeset="1" /><node lon="-3.7129465" version="1" lat="40.4222598" timestamp="2026-05-12T23:23:03Z" id="13665143722" uid="1" visible="true" user="OSMnx" changeset="1" /><node lon="-3.7128478" version="1" lat="40.4223544" timestamp="2026-05-12T23:23:03Z" id="13665143723" uid="1" visible="true" user="OSMnx" changeset="1" /><node lon="-3.7130218" version="1" lat="40.4221548" timestamp="2026-05-12T23:23:03Z" id="13665155956" uid="1" visible="true" user="OSMnx" changeset="1" /><node lon="-3.7129944" version="1" lat="40.4221616" timestamp="2026-05-12T23:23:03Z" id="13665155957" uid="1" visible="true" user="OSMnx" changeset="1" /><way version="1" uid="1" visible="true" timestamp="2026-05-12T23:23:03Z" id="4308021" user="OSMnx" changeset="1"><nd ref="26067863" /><nd ref="13665143721" /><nd ref="13665143723" /><nd ref="13665143722" /><nd ref="1501171058" /><nd ref="292118651" /><tag k="lanes" v="1" /><tag k="name" v="Plaza de España" /><tag k="oneway" v="yes" /><tag k="highway" v="residential" /><tag k="tunnel" v="yes" /><tag k="maxspeed" v="30" /><tag k="access" v="no" /></way><way version="1" uid="1" visible="true" timestamp="2026-05-12T23:23:03Z" id="4308596" user="OSMnx" changeset="1"><nd ref="4110114627" /><nd ref="1501200366" /><nd ref="12410357014" /><nd ref="1501200369" /><tag k="lanes" v="4" /><tag k="name" v="Plaza de España" /><tag k="oneway" v="yes" /><tag k="highway" v="residential" /><tag k="maxspeed" v="50" /></way><way version="1" uid="1" visible="true" timestamp="2026-05-12T23:23:03Z" id="4308597" user="OSMnx" changeset="1"><nd ref="26578960" /><nd ref="913080870" /><nd ref="5006352946" /><tag k="lanes" v="3" /><tag k="name" v="Calle de la Princesa" /><tag k="oneway" v="yes" /><tag k="highway" v="primary" /><tag k="maxspeed" v="50" /></way><way version="1" uid="1" visible="true" timestamp="2026-05-12T23:23:03Z" id="4319192" user="OSMnx" changeset="1"><nd ref="25935532" /><nd ref="12400374807" /><tag k="lanes" v="2" /><tag k="name" v="Calle de Hilarión Eslava" /><tag k="oneway" v="yes" /><tag k="highway" v="residential" /></way><way version="1" uid="1" visible="true" timestamp="2026-05-12T23:23:03Z" id="4334160" user="OSMnx" changeset="1"><nd ref="9307495432" /><nd ref="26067836" /><nd ref="1352957236" /><tag k="lanes" v="4" /><tag k="name" v="Plaza de España" /><tag k="oneway" v="yes" /><tag k="highway" v="primary" /><tag k="maxspeed" v="50" /></way><way version="1" uid="1" visible="true" timestamp="2026-05-12T23:23:03Z" id="4334161" user="OSMnx" changeset="1"><nd ref="1352957241" /><nd ref="12410331098" /><nd ref="5970484993" /><nd ref="12410331096" /><nd ref="12410331095" /><nd ref="13665143718" /><nd ref="26067863" /><tag k="lanes" v="1" /><tag k="name" v="Plaza de España" /><tag k="oneway" v="yes" /><tag k="highway" v="residential" /><tag k="maxspeed" v="30" /><tag k="access" v="no" /></way><way version="1" uid="1" visible="true" timestamp="2026-05-12T23:23:03Z" id="4487131" user="OSMnx" changeset="1"><nd ref="26067836" /><nd ref="13665143705" /><nd ref="9307490304" /><tag k="lanes" v="1" /><tag k="name" v="Calle de Leganitos" /><tag k="oneway" v="yes" /><tag k="highway" v="residential" /><tag k="access" v="yes" /></way><way version="1" uid="1" visible="true" timestamp="2026-05-12T23:23:03Z" id="4487840" user="OSMnx" changeset="1"><nd ref="8577075124" /><nd ref="12400374757" /><nd ref="26067887" /><nd ref="13619179687" /><tag k="lanes" v="1" /><tag k="name" v="Calle de los Mártires de Alcalá" /><tag k="oneway" v="yes" /><tag k="highway" v="tertiary" /></way><way version="1" uid="1" visible="true" timestamp="2026-05-12T23:23:03Z" id="4950791" user="OSMnx" changeset="1"><nd ref="25935524" /><nd ref="25935522" /><tag k="lanes" v="3" /><tag k="name" v="Calle de Alberto Aguilera" /><tag k="oneway" v="yes" /><tag k="highway" v="primary" /><tag k="maxspeed" v="50" /></way><way version="1" uid="1" visible="true" timestamp="2026-05-12T23:23:03Z" id="5989265" user="OSMnx" changeset="1"><nd ref="13076727662" /><nd ref="13076727661" /><nd ref="13076727660" /><nd ref="13076727659" /><tag k="lanes" v="4" /><tag k="name" v="Paseo de Moret" /><tag k="oneway" v="yes" /><tag k="highway" v="secondary" /><tag k="maxspeed" v="50" /></way><way version="1" uid="1" visible="true" timestamp="2026-05-12T23:23:03Z" id="5989317" user="OSMnx" changeset="1"><nd ref="26578974" /><nd ref="8440879527" /><nd ref="8440879528" /><nd ref="1364771904" /><nd ref="4456608447" /><nd ref="13076727658" /><tag k="name" v="Calle de Lisboa" /><tag k="oneway" v="yes" /><tag k="highway" v="residential" /></way><way version="1" uid="1" visible="true" timestamp="2026-05-12T23:23:03Z" id="5990070" user="OSMnx" changeset="1"><nd ref="13076727651" /><nd ref="1364771695" /><nd ref="55161178" /><nd ref="3927556763" /><nd ref="26578951" /><nd ref="3927556770" /><nd ref="26578950" /><nd ref="3927556774" /><nd ref="55161174" /><nd ref="4757946972" /><nd ref="12400374738" /><nd ref="55138197" /><tag k="lanes" v="1" /><tag k="name" v="Calle de Benito Gutiérrez" /><tag k="oneway" v="yes" /><tag k="highway" v="residential" /><tag k="maxspeed" v="50" /></way><way version="1" uid="1" visible="true" timestamp="2026-05-12T23:23:03Z" id="5990071" user="OSMnx" changeset="1"><nd ref="25935531" /><nd ref="12400374750" /><nd ref="1378696878" /><nd ref="3927556767" /><nd ref="55161170" /><nd ref="3927556760" /><nd ref="25935534" /><nd ref="3927556757" /><nd ref="3927556256" /><nd ref="25935554" /><nd ref="55161181" /><nd ref="1364771581" /><nd ref="13076727645" /><tag k="lanes" v="1" /><tag k="name" v="Calle de Altamirano" /><tag k="oneway" v="yes" /><tag k="highway" v="residential" /><tag k="maxspeed" v="30" /></way><way version="1" uid="1" visible="true" timestamp="2026-05-12T23:23:03Z" id="5990532" user="OSMnx" changeset="1"><nd ref="13076727655" /><nd ref="1364771873" /><nd ref="26578975" /><tag k="name" v="Calle de Écija" /><tag k="oneway" v="yes" /><tag k="highway" v="residential" /><tag k="maxspeed" v="50" /></way><way version="1" uid="1" visible="true" timestamp="2026-05-12T23:23:03Z" id="5990533" user="OSMnx" changeset="1"><nd ref="13076727659" /><nd ref="13076727658" /><tag k="name" v="Paseo del Pintor Rosales" /><tag k="oneway" v="yes" /><tag k="highway" v="secondary" /><tag k="maxspeed" v="50" /></way><way version="1" uid="1" visible="true" timestamp="2026-05-12T23:23:03Z" id="5990534" user="OSMnx" changeset="1"><nd ref="3100329628" /><nd ref="3100332230" /><nd ref="3100332229" /><nd ref="298609424" /><nd ref="26068003" /><tag k="lanes" v="1" /><tag k="name" v="Calle de Martín de los Heros" /><tag k="oneway" v="yes" /><tag k="highway" v="living_street" /><tag k="maxspeed" v="20" /><tag k="access" v="delivery" /></way><way version="1" uid="1" visible="true" timestamp="2026-05-12T23:23:03Z" id="5990536" user="OSMnx" changeset="1"><nd ref="26578957" /><nd ref="3927556765" /><nd ref="3927556764" /><nd ref="26578951" /><nd ref="3927556758" /><nd ref="25935554" /><nd ref="3927556254" /><nd ref="3471276060" /><nd ref="13448660822" /><nd ref="55161154" /><tag k="lanes" v="1" /><tag k="name" v="Calle de Juan Álvarez Mendizábal" /><tag k="oneway" v="yes" /><tag k="highway" v="residential" /><tag k="maxspeed" v="30" /></way><way version="1" uid="1" visible="true" timestamp="2026-05-12T23:23:03Z" id="5991555" user="OSMnx" changeset="1"><nd ref="26068010" /><nd ref="4110043272" /><nd ref="298608902" /><tag k="name" v="Plaza de José Moreno Villa" /><tag k="oneway" v="no" /><tag k="highway" v="residential" /></way><way version="1" uid="1" visible="true" timestamp="2026-05-12T23:23:03Z" id="7593889" user="OSMnx" changeset="1"><nd ref="26080663" /><nd ref="293293726" /><nd ref="55138143" /><nd ref="26080658" /><nd ref="4234171259" /><nd ref="55161030" /><nd ref="8440879523" /><nd ref="55161034" /><nd ref="55161051" /><tag k="lanes" v="1" /><tag k="name" v="Calle de Evaristo San Miguel" /><tag k="oneway" v="yes" /><tag k="highway" v="residential" /><tag k="maxspeed" v="30" /></way><way version="1" uid="1" visible="true" timestamp="2026-05-12T23:23:03Z" id="7593896" user="OSMnx" changeset="1"><nd ref="26080778" /><nd ref="12400374730" /><nd ref="13619179690" /><nd ref="3644754710" /><nd ref="55161055" /><nd ref="4307340621" /><nd ref="55161059" /><tag k="lanes" v="1" /><tag k="name" v="Calle del Rey Francisco" /><tag k="oneway" v="yes" /><tag k="highway" v="residential" /><tag k="maxspeed" v="50" /></way><way version="1" uid="1" visible="true" timestamp="2026-05-12T23:23:03Z" id="7593899" user="OSMnx" changeset="1"><nd ref="25935515" /><nd ref="25935516" /><tag k="lanes" v="2" /><tag k="name" v="Calle de Quintana" /><tag k="oneway" v="yes" /><tag k="highway" v="tertiary" /></way><way version="1" uid="1" visible="true" timestamp="2026-05-12T23:23:03Z" id="7593903" user="OSMnx" changeset="1"><nd ref="13076727640" /><nd ref="1364771096" /><nd ref="1358036202" /><nd ref="55161108" /><tag k="lanes" v="1" /><tag k="name" v="Calle del Buen Suceso" /><tag k="oneway" v="yes" /><tag k="highway" v="residential" /><tag k="maxspeed" v="50" /></way><way version="1" uid="1" visible="true" timestamp="2026-05-12T23:23:03Z" id="7593908" user="OSMnx" changeset="1"><nd ref="25935523" /><nd ref="12400374737" /><nd ref="13619179698" /><nd ref="622204580" /><nd ref="5273361954" /><nd ref="5273358099" /><nd ref="3471276061" /><nd ref="55161145" /><nd ref="55161154" /><nd ref="13448660819" /><nd ref="8447103715" /><nd ref="3471365921" /><nd ref="55161167" /><tag k="lanes" v="2" /><tag k="name" v="Calle del Marqués de Urquijo" /><tag k="oneway" v="yes" /><tag k="highway" v="primary" /><tag k="maxspeed" v="30" /></way><way version="1" uid="1" visible="true" timestamp="2026-05-12T23:23:03Z" id="7604144" user="OSMnx" changeset="1"><nd ref="26080664" /><nd ref="26080665" /><nd ref="623071227" /><tag k="lanes" v="4" /><tag k="name" v="Calle de Ferraz" /><tag k="oneway" v="yes" /><tag k="highway" v="secondary" /></way><way version="1" uid="1" visible="true" timestamp="2026-05-12T23:23:03Z" id="7604150" user="OSMnx" changeset="1"><nd ref="26067257" /><nd ref="26067866" /><tag k="lanes" v="1" /><tag k="name" v="Plaza de España" /><tag k="oneway" v="yes" /><tag k="highway" v="residential" /><tag k="maxspeed" v="30" /></way><way version="1" uid="1" visible="true" timestamp="2026-05-12T23:23:03Z" id="7604153" user="OSMnx" changeset="1"><nd ref="26080658" /><nd ref="12203620148" /><nd ref="55161067" /><nd ref="1358036196" /><nd ref="55161074" /><tag k="lanes" v="3" /><tag k="name" v="Calle de Ferraz" /><tag k="oneway" v="yes" /><tag k="highway" v="secondary" /><tag k="maxspeed" v="50" /></way><way version="1" uid="1" visible="true" timestamp="2026-05-12T23:23:03Z" id="7604156" user="OSMnx" changeset="1"><nd ref="13076727690" /><nd ref="55161023" /><tag k="name" v="Calle de Francisco Lozano" /><tag k="oneway" v="yes" /><tag k="highway" v="residential" /></way><way version="1" uid="1" visible="true" timestamp="2026-05-12T23:23:03Z" id="7604160" user="OSMnx" changeset="1"><nd ref="55161040" /><nd ref="4757946968" /><nd ref="3927556775" /><nd ref="4324546709" /><nd ref="55161174" /><nd ref="3927556773" /><nd ref="3927556769" /><nd ref="3927556768" /><nd ref="55161170" /><nd ref="3927556766" /><nd ref="3927556255" /><nd ref="5273358099" /><tag k="name" v="Calle de Tutor" /><tag k="oneway" v="yes" /><tag k="highway" v="residential" /><tag k="maxspeed" v="50" /></way><way version="1" uid="1" visible="true" timestamp="2026-05-12T23:23:03Z" id="7642873" user="OSMnx" changeset="1"><nd ref="9483986398" /><nd ref="26080754" /><nd ref="13027416608" /><nd ref="26080755" /><tag k="name" v="Calle Profesor Martín Almagro Basch" /><tag k="oneway" v="yes" /><tag k="highway" v="residential" /><tag k="maxspeed" v="40" /></way><way version="1" uid="1" visible="true" timestamp="2026-05-12T23:23:03Z" id="7643019" user="OSMnx" changeset="1"><nd ref="26067885" /><nd ref="1789638284" /><nd ref="8428817433" /><nd ref="1789638283" /><nd ref="26080781" /><nd ref="55161044" /><nd ref="4242179816" /><nd ref="55138174" /><nd ref="55138166" /><nd ref="55138155" /><nd ref="26080688" /><tag k="lanes" v="2" /><tag k="name" v="Calle Luisa Fernanda" /><tag k="oneway" v="yes" /><tag k="highway" v="residential" /><tag k="maxspeed" v="30" /></way><way version="1" uid="1" visible="true" timestamp="2026-05-12T23:23:03Z" id="7649061" user="OSMnx" changeset="1"><nd ref="12400374813" /><nd ref="26578946" /><tag k="name" v="Calle de Fernando el Católico" /><tag k="oneway" v="yes" /><tag k="highway" v="residential" /><tag k="maxspeed" v="30" /></way><way version="1" uid="1" visible="true" timestamp="2026-05-12T23:23:03Z" id="7972386" user="OSMnx" changeset="1"><nd ref="26080738" /><nd ref="10016776542" /><nd ref="26080667" /><tag k="name" v="Calle de Ferraz" /><tag k="oneway" v="yes" /><tag k="highway" v="residential" /></way><way version="1" uid="1" visible="true" timestamp="2026-05-12T23:23:03Z" id="7972387" user="OSMnx" changeset="1"><nd ref="26080659" /><nd ref="7140036358" /><nd ref="7140036359" /><nd ref="7140036357" /><nd ref="26080661" /><nd ref="26080662" /><nd ref="7140036356" /><nd ref="1179022515" /><nd ref="1179022159" /><nd ref="26080664" /><tag k="lanes" v="1" /><tag k="oneway" v="yes" /><tag k="highway" v="secondary_link" /><tag k="maxspeed" v="40" /></way><way version="1" uid="1" visible="true" timestamp="2026-05-12T23:23:03Z" id="7972390" user="OSMnx" changeset="1"><nd ref="623071227" /><nd ref="7126146745" /><tag k="name" v="Calle de Ferraz" /><tag k="oneway" v="yes" /><tag k="highway" v="residential" /></way><way version="1" uid="1" visible="true" timestamp="2026-05-12T23:23:03Z" id="26631682" user="OSMnx" changeset="1"><nd ref="292118733" /><nd ref="1501171095" /><nd ref="7968363528" /><nd ref="9307495444" /><nd ref="292118644" /><tag k="lanes" v="2" /><tag k="name" v="Plaza de España" /><tag k="oneway" v="yes" /><tag k="highway" v="secondary" /><tag k="tunnel" v="yes" /><tag k="maxspeed" v="40" /></way><way version="1" uid="1" visible="true" timestamp="2026-05-12T23:23:03Z" id="26632411" user="OSMnx" changeset="1"><nd ref="292123017" /><nd ref="7991193694" /><nd ref="7991188276" /><nd ref="2017305752" /><nd ref="292123018" /><tag k="lanes" v="1" /><tag k="oneway" v="yes" /><tag k="highway" v="residential" /></way><way version="1" uid="1" visible="true" timestamp="2026-05-12T23:23:03Z" id="27196162" user="OSMnx" changeset="1"><nd ref="298448863" /><nd ref="7537445998" /><nd ref="7537445997" /><nd ref="1378696858" /><tag k="name" v="Calle de Seminario de Nobles" /><tag k="oneway" v="yes" /><tag k="highway" v="residential" /></way><way version="1" uid="1" visible="true" timestamp="2026-05-12T23:23:03Z" id="27211378" user="OSMnx" changeset="1"><nd ref="3100336111" /><nd ref="4110043285" /><nd ref="298609181" /><nd ref="3903476292" /><nd ref="298609192" /><nd ref="298609151" /><nd ref="4110093636" /><nd ref="11765098321" /><nd ref="11765098351" /><nd ref="298609205" /><nd ref="4110043288" /><nd ref="1652768037" /><nd ref="1652768007" /><nd ref="4110043278" /><nd ref="298609149" /><nd ref="298608902" /><nd ref="3100336111" /><tag k="name" v="Plaza de José Moreno Villa" /><tag k="oneway" v="yes" /><tag k="highway" v="residential" /></way><way version="1" uid="1" visible="true" timestamp="2026-05-12T23:23:03Z" id="31048279" user="OSMnx" changeset="1"><nd ref="55161167" /><nd ref="3471365928" /><nd ref="55161181" /><nd ref="55161178" /><nd ref="8440879529" /><nd ref="55161188" /><tag k="lanes" v="3" /><tag k="name" v="Calle de Ferraz" /><tag k="oneway" v="yes" /><tag k="highway" v="secondary" /><tag k="maxspeed" v="50" /></way><way version="1" uid="1" visible="true" timestamp="2026-05-12T23:23:03Z" id="31048280" user="OSMnx" changeset="1"><nd ref="9435349738" /><nd ref="13027387100" /><tag k="lanes" v="6" /><tag k="name" v="Calle de Francisco y Jacinto Alcántara" /><tag k="oneway" v="no" /><tag k="highway" v="primary" /><tag k="maxspeed" v="40" /></way><way version="1" uid="1" visible="true" timestamp="2026-05-12T23:23:03Z" id="31262308" user="OSMnx" changeset="1"><nd ref="13076727663" /><nd ref="13076727664" /><nd ref="4197170916" /><nd ref="3253942905" /><nd ref="26578963" /><tag k="lanes" v="5" /><tag k="name" v="Paseo de Moret" /><tag k="oneway" v="no" /><tag k="highway" v="secondary" /><tag k="maxspeed" v="50" /></way><way version="1" uid="1" visible="true" timestamp="2026-05-12T23:23:03Z" id="31768975" user="OSMnx" changeset="1"><nd ref="55161051" /><nd ref="55161055" /><nd ref="11237949945" /><nd ref="55161088" /><nd ref="12400147466" /><nd ref="4437657599" /><nd ref="55161091" /><nd ref="8646829050" /><nd ref="4203412903" /><nd ref="55161135" /><tag k="lanes" v="1" /><tag k="name" v="Calle de Tutor" /><tag k="oneway" v="yes" /><tag k="highway" v="residential" /><tag k="maxspeed" v="30" /></way><way version="1" uid="1" visible="true" timestamp="2026-05-12T23:23:03Z" id="31769101" user="OSMnx" changeset="1"><nd ref="55161124" /><nd ref="12828583143" /><nd ref="55161100" /><nd ref="55161078" /><nd ref="55161064" /><tag k="name" v="Calle de Juan Álvarez Mendizábal" /><tag k="oneway" v="yes" /><tag k="highway" v="residential" /><tag k="maxspeed" v="50" /></way><way version="1" uid="1" visible="true" timestamp="2026-05-12T23:23:03Z" id="33760308" user="OSMnx" changeset="1"><nd ref="25935522" /><nd ref="25935521" /><tag k="lanes" v="3" /><tag k="name" v="Calle de la Princesa" /><tag k="oneway" v="yes" /><tag k="highway" v="primary" /><tag k="maxspeed" v="50" /></way><way version="1" uid="1" visible="true" timestamp="2026-05-12T23:23:03Z" id="33760309" user="OSMnx" changeset="1"><nd ref="25935523" /><nd ref="25935524" /><tag k="lanes" v="3" /><tag k="name" v="Calle de la Princesa" /><tag k="oneway" v="yes" /><tag k="highway" v="primary" /><tag k="maxspeed" v="50" /></way><way version="1" uid="1" visible="true" timestamp="2026-05-12T23:23:03Z" id="33760310" user="OSMnx" changeset="1"><nd ref="26578944" /><nd ref="1505081028" /><nd ref="937660054" /><nd ref="1505081040" /><tag k="lanes" v="3" /><tag k="name" v="Calle de la Princesa" /><tag k="oneway" v="yes" /><tag k="highway" v="primary" /><tag k="maxspeed" v="50" /></way><way version="1" uid="1" visible="true" timestamp="2026-05-12T23:23:03Z" id="38448423" user="OSMnx" changeset="1"><nd ref="26080688" /><nd ref="7968363512" /><nd ref="454563947" /><tag k="lanes" v="1" /><tag k="name" v="Calle de Ferraz" /><tag k="oneway" v="yes" /><tag k="highway" v="residential" /></way><way version="1" uid="1" visible="true" timestamp="2026-05-12T23:23:03Z" id="43405568" user="OSMnx" changeset="1"><nd ref="26578954" /><nd ref="12400374739" /><nd ref="1505080997" /><nd ref="55161040" /><nd ref="3253942876" /><nd ref="11279337787" /><nd ref="4249550724" /><nd ref="26578956" /><tag k="name" v="Calle de Romero Robledo" /><tag k="oneway" v="yes" /><tag k="highway" v="residential" /><tag k="maxspeed" v="50" /></way><way version="1" uid="1" visible="true" timestamp="2026-05-12T23:23:03Z" id="43405569" user="OSMnx" changeset="1"><nd ref="26578954" /><nd ref="26578958" /><nd ref="55138197" /><tag k="lanes" v="3" /><tag k="name" v="Calle de la Princesa" /><tag k="oneway" v="yes" /><tag k="highway" v="primary" /><tag k="maxspeed" v="50" /></way><way version="1" uid="1" visible="true" timestamp="2026-05-12T23:23:03Z" id="43407379" user="OSMnx" changeset="1"><nd ref="25935516" /><nd ref="1179022533" /><nd ref="26080778" /><nd ref="2973127101" /><nd ref="913080866" /><nd ref="5385241357" /><nd ref="1378696856" /><nd ref="26080779" /><tag k="lanes" v="3" /><tag k="name" v="Calle de la Princesa" /><tag k="oneway" v="yes" /><tag k="highway" v="primary" /></way><way version="1" uid="1" visible="true" timestamp="2026-05-12T23:23:03Z" id="43407380" user="OSMnx" changeset="1"><nd ref="25935516" /><nd ref="12400374732" /><nd ref="1179022300" /><nd ref="55161088" /><nd ref="55161082" /><nd ref="1358036200" /><nd ref="55161078" /><nd ref="1358036198" /><nd ref="55161074" /><tag k="lanes" v="2" /><tag k="name" v="Calle de Quintana" /><tag k="oneway" v="yes" /><tag k="highway" v="residential" /><tag k="maxspeed" v="50" /></way><way version="1" uid="1" visible="true" timestamp="2026-05-12T23:23:03Z" id="43407381" user="OSMnx" changeset="1"><nd ref="8577075124" /><nd ref="1378696853" /><nd ref="913080871" /><nd ref="298448863" /><nd ref="13619179689" /><nd ref="1378696860" /><nd ref="8430090474" /><nd ref="5385241321" /><tag k="lanes" v="3" /><tag k="name" v="Calle de la Princesa" /><tag k="oneway" v="yes" /><tag k="highway" v="primary" /></way><way version="1" uid="1" visible="true" timestamp="2026-05-12T23:23:03Z" id="43410327" user="OSMnx" changeset="1"><nd ref="9307495417" /><nd ref="1501171071" /><nd ref="292118700" /><tag k="lanes" v="1" /><tag k="name" v="Plaza de España" /><tag k="oneway" v="yes" /><tag k="highway" v="primary" /><tag k="tunnel" v="yes" /><tag k="maxspeed" v="50" /></way><way version="1" uid="1" visible="true" timestamp="2026-05-12T23:23:03Z" id="43410330" user="OSMnx" changeset="1"><nd ref="292118644" /><nd ref="7968363529" /><nd ref="292118637" /><nd ref="1501213545" /><nd ref="1855048164" /><tag k="lanes" v="2" /><tag k="name" v="Plaza de España" /><tag k="oneway" v="yes" /><tag k="highway" v="secondary" /><tag k="tunnel" v="yes" /><tag k="maxspeed" v="40" /></way><way version="1" uid="1" visible="true" timestamp="2026-05-12T23:23:03Z" id="43410331" user="OSMnx" changeset="1"><nd ref="7968363523" /><nd ref="11511962957" /><nd ref="7987655992" /><nd ref="292118697" /><nd ref="7968363538" /><nd ref="7968363537" /><nd ref="9307495443" /><nd ref="7968363532" /><nd ref="7968363536" /><nd ref="1501171070" /><tag k="lanes" v="2" /><tag k="name" v="Plaza de España" /><tag k="oneway" v="yes" /><tag k="highway" v="primary" /><tag k="tunnel" v="yes" /><tag k="maxspeed" v="40" /></way><way version="1" uid="1" visible="true" timestamp="2026-05-12T23:23:03Z" id="44508926" user="OSMnx" changeset="1"><nd ref="55161188" /><nd ref="55161192" /><nd ref="55161023" /><nd ref="26578975" /><nd ref="26578974" /><tag k="lanes" v="3" /><tag k="name" v="Calle de Ferraz" /><tag k="oneway" v="yes" /><tag k="highway" v="secondary" /><tag k="maxspeed" v="50" /></way><way version="1" uid="1" visible="true" timestamp="2026-05-12T23:23:03Z" id="44508927" user="OSMnx" changeset="1"><nd ref="55161188" /><nd ref="8447103714" /><nd ref="1364771799" /><nd ref="13076727653" /><tag k="name" v="Calle de Romero Robledo" /><tag k="oneway" v="yes" /><tag k="highway" v="residential" /></way><way version="1" uid="1" visible="true" timestamp="2026-05-12T23:23:03Z" id="44508928" user="OSMnx" changeset="1"><nd ref="13076727648" /><nd ref="13076727647" /><nd ref="13076727645" /><nd ref="13076727643" /><nd ref="9435349738" /><tag k="lanes" v="3" /><tag k="name" v="Paseo del Pintor Rosales" /><tag k="oneway" v="yes" /><tag k="highway" v="secondary" /><tag k="maxspeed" v="50" /></way><way version="1" uid="1" visible="true" timestamp="2026-05-12T23:23:03Z" id="44508929" user="OSMnx" changeset="1"><nd ref="9435349738" /><nd ref="13076727642" /><nd ref="318919466" /><nd ref="13076727641" /><nd ref="13076727640" /><nd ref="13076727639" /><nd ref="26080763" /><nd ref="7140036350" /><nd ref="8440879525" /><nd ref="1179022390" /><nd ref="26080757" /><nd ref="26080756" /><nd ref="9483986399" /><nd ref="1364770889" /><nd ref="26080755" /><tag k="lanes" v="3" /><tag k="name" v="Paseo del Pintor Rosales" /><tag k="oneway" v="yes" /><tag k="highway" v="secondary" /><tag k="maxspeed" v="50" /></way><way version="1" uid="1" visible="true" timestamp="2026-05-12T23:23:03Z" id="44508930" user="OSMnx" changeset="1"><nd ref="9435349738" /><nd ref="1095709754" /><nd ref="1095709761" /><nd ref="8447121534" /><nd ref="1095709758" /><nd ref="55161119" /><tag k="lanes" v="3" /><tag k="name" v="Calle del Marqués de Urquijo" /><tag k="oneway" v="yes" /><tag k="highway" v="primary" /><tag k="maxspeed" v="50" /></way><way version="1" uid="1" visible="true" timestamp="2026-05-12T23:23:03Z" id="44508931" user="OSMnx" changeset="1"><nd ref="1095709764" /><nd ref="1095709762" /><nd ref="1095709759" /><nd ref="9435349738" /><tag k="lanes" v="3" /><tag k="name" v="Calle del Marqués de Urquijo" /><tag k="oneway" v="yes" /><tag k="highway" v="primary" /><tag k="maxspeed" v="50" /></way><way version="1" uid="1" visible="true" timestamp="2026-05-12T23:23:03Z" id="44535820" user="OSMnx" changeset="1"><nd ref="9307495426" /><nd ref="13665143719" /><nd ref="13665143720" /><nd ref="9307495429" /><tag k="lanes" v="3" /><tag k="name" v="Plaza de España" /><tag k="oneway" v="yes" /><tag k="highway" v="primary" /><tag k="tunnel" v="yes" /><tag k="maxspeed" v="50" /></way><way version="1" uid="1" visible="true" timestamp="2026-05-12T23:23:03Z" id="44535821" user="OSMnx" changeset="1"><nd ref="9307495426" /><nd ref="9307490316" /><nd ref="292118651" /><tag k="lanes" v="2" /><tag k="oneway" v="yes" /><tag k="highway" v="secondary_link" /><tag k="tunnel" v="yes" /></way><way version="1" uid="1" visible="true" timestamp="2026-05-12T23:23:03Z" id="46098091" user="OSMnx" changeset="1"><nd ref="26578946" /><nd ref="8430090473" /><nd ref="913080864" /><tag k="lanes" v="3" /><tag k="name" v="Calle de la Princesa" /><tag k="oneway" v="yes" /><tag k="highway" v="primary" /><tag k="maxspeed" v="50" /></way><way version="1" uid="1" visible="true" timestamp="2026-05-12T23:23:03Z" id="46098108" user="OSMnx" changeset="1"><nd ref="8577075130" /><nd ref="12400374812" /><tag k="name" v="Calle de Fernando el Católico" /><tag k="oneway" v="yes" /><tag k="highway" v="residential" /><tag k="maxspeed" v="30" /></way><way version="1" uid="1" visible="true" timestamp="2026-05-12T23:23:03Z" id="48334260" user="OSMnx" changeset="1"><nd ref="858587194" /><nd ref="858587240" /><nd ref="614036231" /><tag k="lanes" v="1" /><tag k="name" v="Calle de la Princesa" /><tag k="oneway" v="yes" /><tag k="highway" v="residential" /></way><way version="1" uid="1" visible="true" timestamp="2026-05-12T23:23:03Z" id="65167032" user="OSMnx" changeset="1"><nd ref="26578960" /><nd ref="1486142511" /><tag k="lanes" v="1" /><tag k="name" v="Calle de la Princesa" /><tag k="oneway" v="yes" /><tag k="highway" v="secondary_link" /><tag k="maxspeed" v="50" /></way><way version="1" uid="1" visible="true" timestamp="2026-05-12T23:23:03Z" id="65279237" user="OSMnx" changeset="1"><nd ref="55161130" /><nd ref="55161135" /><tag k="lanes" v="4" /><tag k="name" v="Calle del Marqués de Urquijo" /><tag k="oneway" v="yes" /><tag k="highway" v="primary" /><tag k="maxspeed" v="50" /></way><way version="1" uid="1" visible="true" timestamp="2026-05-12T23:23:03Z" id="65279238" user="OSMnx" changeset="1"><nd ref="55161130" /><nd ref="55161145" /><nd ref="4311985760" /><nd ref="3927556759" /><nd ref="25935534" /><nd ref="3927556761" /><nd ref="3927556771" /><nd ref="26578950" /><nd ref="3927556772" /><nd ref="6981674371" /><nd ref="26578956" /><tag k="name" v="Calle de Martín de los Heros" /><tag k="oneway" v="yes" /><tag k="highway" v="residential" /><tag k="maxspeed" v="30" /></way><way version="1" uid="1" visible="true" timestamp="2026-05-12T23:23:03Z" id="71270642" user="OSMnx" changeset="1"><nd ref="13076727658" /><nd ref="13076727657" /><nd ref="13076727656" /><nd ref="13076727655" /><nd ref="13076727654" /><nd ref="13076727653" /><tag k="name" v="Paseo del Pintor Rosales" /><tag k="oneway" v="yes" /><tag k="highway" v="secondary" /><tag k="maxspeed" v="50" /></way><way version="1" uid="1" visible="true" timestamp="2026-05-12T23:23:03Z" id="71270643" user="OSMnx" changeset="1"><nd ref="26578974" /><nd ref="1364772083" /><nd ref="12400374747" /><nd ref="12203620147" /><nd ref="13027418003" /><nd ref="13076727663" /><tag k="lanes" v="3" /><tag k="name" v="Calle de Ferraz" /><tag k="oneway" v="yes" /><tag k="highway" v="secondary" /><tag k="maxspeed" v="50" /></way><way version="1" uid="1" visible="true" timestamp="2026-05-12T23:23:03Z" id="71270645" user="OSMnx" changeset="1"><nd ref="5385241323" /><nd ref="904868125" /><nd ref="7934347521" /><nd ref="904868123" /><nd ref="1067565836" /><nd ref="5385241322" /><nd ref="913080865" /><nd ref="893869107" /><nd ref="7930651364" /><nd ref="7934347511" /><tag k="lanes" v="3" /><tag k="name" v="Calle de la Princesa" /><tag k="oneway" v="yes" /><tag k="highway" v="primary" /><tag k="maxspeed" v="50" /></way><way version="1" uid="1" visible="true" timestamp="2026-05-12T23:23:03Z" id="71270648" user="OSMnx" changeset="1"><nd ref="927751052" /><nd ref="26067885" /><tag k="lanes" v="3" /><tag k="name" v="Calle de la Princesa" /><tag k="oneway" v="yes" /><tag k="highway" v="primary" /></way><way version="1" uid="1" visible="true" timestamp="2026-05-12T23:23:03Z" id="71270650" user="OSMnx" changeset="1"><nd ref="26080663" /><nd ref="13027416609" /><nd ref="937706305" /><tag k="lanes" v="4" /><tag k="name" v="Paseo del Pintor Rosales" /><tag k="oneway" v="yes" /><tag k="highway" v="secondary" /></way><way version="1" uid="1" visible="true" timestamp="2026-05-12T23:23:03Z" id="71591677" user="OSMnx" changeset="1"><nd ref="11280466187" /><nd ref="11844345285" /><nd ref="11844345286" /><nd ref="11844345287" /><nd ref="11844345294" /><nd ref="7859244870" /><nd ref="937660056" /><nd ref="1067565849" /><tag k="lanes" v="3" /><tag k="name" v="Calle de la Princesa" /><tag k="oneway" v="yes" /><tag k="highway" v="primary" /><tag k="maxspeed" v="50" /></way><way version="1" uid="1" visible="true" timestamp="2026-05-12T23:23:03Z" id="71609573" user="OSMnx" changeset="1"><nd ref="913080867" /><nd ref="26578961" /><nd ref="26578960" /><tag k="lanes" v="3" /><tag k="oneway" v="yes" /><tag k="highway" v="secondary_link" /><tag k="maxspeed" v="50" /></way><way version="1" uid="1" visible="true" timestamp="2026-05-12T23:23:03Z" id="71808951" user="OSMnx" changeset="1"><nd ref="7968363535" /><nd ref="9307495422" /><tag k="lanes" v="3" /><tag k="name" v="Cuesta de San Vicente" /><tag k="oneway" v="yes" /><tag k="highway" v="primary" /><tag k="tunnel" v="yes" /><tag k="maxspeed" v="50" /></way><way version="1" uid="1" visible="true" timestamp="2026-05-12T23:23:03Z" id="72247159" user="OSMnx" changeset="1"><nd ref="614036231" /><nd ref="6981674375" /><nd ref="4110020825" /><nd ref="614036232" /><nd ref="4110020824" /><nd ref="858587190" /><tag k="lanes" v="1" /><tag k="name" v="Subterráneo de Princesa a Santa Cruz de Marcenado" /><tag k="oneway" v="yes" /><tag k="highway" v="residential" /><tag k="tunnel" v="yes" /></way><way version="1" uid="1" visible="true" timestamp="2026-05-12T23:23:03Z" id="72247167" user="OSMnx" changeset="1"><nd ref="12400374762" /><nd ref="25935521" /><tag k="lanes" v="3" /><tag k="name" v="Calle de Alberto Aguilera" /><tag k="oneway" v="yes" /><tag k="highway" v="primary" /><tag k="maxspeed" v="50" /></way><way version="1" uid="1" visible="true" timestamp="2026-05-12T23:23:03Z" id="72247172" user="OSMnx" changeset="1"><nd ref="858587220" /><nd ref="1179022558" /><tag k="lanes" v="3" /><tag k="name" v="Calle de la Princesa" /><tag k="oneway" v="yes" /><tag k="highway" v="primary" /></way><way version="1" uid="1" visible="true" timestamp="2026-05-12T23:23:03Z" id="72247192" user="OSMnx" changeset="1"><nd ref="25935515" /><nd ref="13619179692" /><nd ref="1179022561" /><nd ref="858587220" /><tag k="lanes" v="3" /><tag k="name" v="Calle de la Princesa" /><tag k="oneway" v="yes" /><tag k="highway" v="primary" /></way><way version="1" uid="1" visible="true" timestamp="2026-05-12T23:23:03Z" id="72247216" user="OSMnx" changeset="1"><nd ref="13619179694" /><nd ref="913206910" /><nd ref="4500945119" /><nd ref="12400374760" /><nd ref="858587220" /><tag k="width" v="8" /><tag k="lanes" v="1" /><tag k="name" v="Calle de Serrano Jover" /><tag k="oneway" v="yes" /><tag k="highway" v="residential" /><tag k="maxspeed" v="30" /></way><way version="1" uid="1" visible="true" timestamp="2026-05-12T23:23:03Z" id="76560500" user="OSMnx" changeset="1"><nd ref="1669117694" /><nd ref="12400374808" /><nd ref="26578942" /><tag k="name" v="Calle de Rodríguez San Pedro" /><tag k="oneway" v="yes" /><tag k="highway" v="residential" /></way><way version="1" uid="1" visible="true" timestamp="2026-05-12T23:23:03Z" id="77339507" user="OSMnx" changeset="1"><nd ref="55161046" /><nd ref="7537446006" /><nd ref="7537446007" /><nd ref="7537446005" /><nd ref="55138174" /><tag k="name" v="Calle de Martín de los Heros" /><tag k="oneway" v="yes" /><tag k="highway" v="residential" /></way><way version="1" uid="1" visible="true" timestamp="2026-05-12T23:23:03Z" id="77603044" user="OSMnx" changeset="1"><nd ref="26578963" /><nd ref="5006352965" /><tag k="lanes" v="4" /><tag k="name" v="Paseo de Moret" /><tag k="oneway" v="no" /><tag k="highway" v="secondary" /></way><way version="1" uid="1" visible="true" timestamp="2026-05-12T23:23:03Z" id="77603045" user="OSMnx" changeset="1"><nd ref="26080779" /><nd ref="7537445999" /><nd ref="7537445996" /><nd ref="913080871" /><tag k="lanes" v="1" /><tag k="name" v="Calle de Evaristo San Miguel" /><tag k="oneway" v="yes" /><tag k="highway" v="residential" /></way><way version="1" uid="1" visible="true" timestamp="2026-05-12T23:23:03Z" id="80240817" user="OSMnx" changeset="1"><nd ref="26578942" /><nd ref="1378696879" /><tag k="lanes" v="1" /><tag k="name" v="Calle de la Princesa" /><tag k="oneway" v="yes" /><tag k="highway" v="residential" /></way><way version="1" uid="1" visible="true" timestamp="2026-05-12T23:23:03Z" id="131447320" user="OSMnx" changeset="1"><nd ref="1446632660" /><nd ref="26578945" /><nd ref="8577075130" /><tag k="lanes" v="3" /><tag k="name" v="Calle de la Princesa" /><tag k="oneway" v="yes" /><tag k="highway" v="primary" /><tag k="maxspeed" v="50" /></way><way version="1" uid="1" visible="true" timestamp="2026-05-12T23:23:03Z" id="131450464" user="OSMnx" changeset="1"><nd ref="13619179693" /><nd ref="1179022387" /><nd ref="12400374758" /><nd ref="25935515" /><tag k="lanes" v="3" /><tag k="name" v="Calle de Serrano Jover" /><tag k="oneway" v="yes" /><tag k="highway" v="tertiary" /></way><way version="1" uid="1" visible="true" timestamp="2026-05-12T23:23:03Z" id="136832095" user="OSMnx" changeset="1"><nd ref="1501171070" /><nd ref="1501171068" /><nd ref="292118700" /><tag k="lanes" v="2" /><tag k="oneway" v="yes" /><tag k="highway" v="secondary" /><tag k="tunnel" v="yes" /></way><way version="1" uid="1" visible="true" timestamp="2026-05-12T23:23:03Z" id="174854716" user="OSMnx" changeset="1"><nd ref="26080688" /><nd ref="623071228" /><nd ref="11327800847" /><nd ref="26080659" /><tag k="lanes" v="3" /><tag k="name" v="Calle de Ferraz" /><tag k="oneway" v="yes" /><tag k="highway" v="secondary" /></way><way version="1" uid="1" visible="true" timestamp="2026-05-12T23:23:03Z" id="195168701" user="OSMnx" changeset="1"><nd ref="55138174" /><nd ref="4242179828" /><nd ref="8715771071" /><nd ref="8715771072" /><nd ref="55161034" /><nd ref="4307340622" /><nd ref="4307340623" /><nd ref="55161059" /><tag k="lanes" v="1" /><tag k="name" v="Calle de Martín de los Heros" /><tag k="oneway" v="yes" /><tag k="highway" v="residential" /><tag k="maxspeed" v="30" /></way><way version="1" uid="1" visible="true" timestamp="2026-05-12T23:23:03Z" id="238829520" user="OSMnx" changeset="1"><nd ref="913224073" /><nd ref="1501200383" /><nd ref="9306444673" /><nd ref="12674385038" /><nd ref="26067257" /><tag k="lanes" v="3" /><tag k="name" v="Plaza de España" /><tag k="oneway" v="yes" /><tag k="highway" v="primary" /><tag k="maxspeed" v="50" /></way><way version="1" uid="1" visible="true" timestamp="2026-05-12T23:23:03Z" id="238829521" user="OSMnx" changeset="1"><nd ref="26067866" /><nd ref="9306444674" /><nd ref="9306444675" /><nd ref="8430090471" /><nd ref="5559534844" /><tag k="lanes" v="2" /><tag k="name" v="Plaza de España" /><tag k="oneway" v="yes" /><tag k="highway" v="residential" /><tag k="maxspeed" v="30" /></way><way version="1" uid="1" visible="true" timestamp="2026-05-12T23:23:03Z" id="242546585" user="OSMnx" changeset="1"><nd ref="26578944" /><nd ref="26578954" /><tag k="width" v="12" /><tag k="name" v="Calle de Meléndez Valdés" /><tag k="oneway" v="yes" /><tag k="highway" v="residential" /><tag k="maxspeed" v="30" /></way><way version="1" uid="1" visible="true" timestamp="2026-05-12T23:23:03Z" id="251956454" user="OSMnx" changeset="1"><nd ref="11280466187" /><nd ref="12845246728" /><nd ref="12845246727" /><nd ref="11844345284" /><nd ref="11844345288" /><nd ref="11844345289" /><nd ref="11844345290" /><nd ref="11844345291" /><nd ref="2480629208" /><nd ref="8577075130" /><tag k="lanes" v="3" /><tag k="name" v="Calle de la Princesa" /><tag k="oneway" v="yes" /><tag k="highway" v="residential" /></way><way version="1" uid="1" visible="true" timestamp="2026-05-12T23:23:03Z" id="251971166" user="OSMnx" changeset="1"><nd ref="858587194" /><nd ref="25935540" /><tag k="lanes" v="2" /><tag k="name" v="Calle de la Princesa" /><tag k="oneway" v="yes" /><tag k="highway" v="primary" /></way><way version="1" uid="1" visible="true" timestamp="2026-05-12T23:23:03Z" id="251971168" user="OSMnx" changeset="1"><nd ref="25935540" /><nd ref="12674385037" /><nd ref="13619179691" /><nd ref="1179022182" /><nd ref="25935516" /><tag k="lanes" v="3" /><tag k="name" v="Calle de la Princesa" /><tag k="oneway" v="yes" /><tag k="highway" v="primary" /></way><way version="1" uid="1" visible="true" timestamp="2026-05-12T23:23:03Z" id="254044769" user="OSMnx" changeset="1"><nd ref="1352957236" /><nd ref="6109357402" /><nd ref="5243353538" /><nd ref="5342725028" /><nd ref="5342725027" /><tag k="lanes" v="1" /><tag k="name" v="Plaza de España" /><tag k="oneway" v="yes" /><tag k="highway" v="primary" /><tag k="maxspeed" v="50" /></way><way version="1" uid="1" visible="true" timestamp="2026-05-12T23:23:03Z" id="261929386" user="OSMnx" changeset="1"><nd ref="1501200384" /><nd ref="12400374754" /><nd ref="26067257" /><tag k="lanes" v="1" /><tag k="name" v="Calle de San Leonardo" /><tag k="oneway" v="yes" /><tag k="highway" v="residential" /><tag k="maxspeed" v="30" /></way><way version="1" uid="1" visible="true" timestamp="2026-05-12T23:23:03Z" id="261929398" user="OSMnx" changeset="1"><nd ref="9306444660" /><nd ref="1501171147" /><nd ref="9300514868" /><nd ref="7619712787" /><tag k="lanes" v="1" /><tag k="name" v="Plaza de España" /><tag k="oneway" v="yes" /><tag k="highway" v="living_street" /><tag k="maxspeed" v="20" /></way><way version="1" uid="1" visible="true" timestamp="2026-05-12T23:23:03Z" id="285654888" user="OSMnx" changeset="1"><nd ref="25935521" /><nd ref="25935523" /><tag k="lanes" v="3" /><tag k="name" v="Calle de Alberto Aguilera" /><tag k="oneway" v="yes" /><tag k="highway" v="primary" /><tag k="maxspeed" v="50" /></way><way version="1" uid="1" visible="true" timestamp="2026-05-12T23:23:03Z" id="285654891" user="OSMnx" changeset="1"><nd ref="25935524" /><nd ref="13619179696" /><nd ref="622204582" /><nd ref="5385241358" /><nd ref="858587194" /><tag k="lanes" v="3" /><tag k="name" v="Calle de la Princesa" /><tag k="oneway" v="yes" /><tag k="highway" v="primary" /></way><way version="1" uid="1" visible="true" timestamp="2026-05-12T23:23:03Z" id="285654896" user="OSMnx" changeset="1"><nd ref="25935521" /><nd ref="13619184402" /><nd ref="622204586" /><nd ref="3033655161" /><nd ref="25935532" /><tag k="lanes" v="3" /><tag k="name" v="Calle de la Princesa" /><tag k="oneway" v="yes" /><tag k="highway" v="primary" /></way><way version="1" uid="1" visible="true" timestamp="2026-05-12T23:23:03Z" id="297732474" user="OSMnx" changeset="1"><nd ref="26067884" /><nd ref="8577075124" /><tag k="lanes" v="3" /><tag k="name" v="Calle de la Princesa" /><tag k="oneway" v="yes" /><tag k="highway" v="primary" /></way><way version="1" uid="1" visible="true" timestamp="2026-05-12T23:23:03Z" id="299381859" user="OSMnx" changeset="1"><nd ref="1179022558" /><nd ref="5385239920" /><nd ref="8430090475" /><nd ref="13619179695" /><nd ref="622204583" /><nd ref="25935522" /><tag k="lanes" v="2" /><tag k="name" v="Calle de la Princesa" /><tag k="oneway" v="yes" /><tag k="highway" v="primary" /></way><way version="1" uid="1" visible="true" timestamp="2026-05-12T23:23:03Z" id="305412101" user="OSMnx" changeset="1"><nd ref="26067881" /><nd ref="7537446001" /><nd ref="7537446002" /><nd ref="7537446000" /><nd ref="1789638280" /><nd ref="55138206" /><nd ref="4285281349" /><nd ref="55161046" /><tag k="lanes" v="2" /><tag k="name" v="Calle de Ventura Rodríguez" /><tag k="oneway" v="yes" /><tag k="highway" v="primary" /><tag k="maxspeed" v="50" /></way><way version="1" uid="1" visible="true" timestamp="2026-05-12T23:23:03Z" id="318930686" user="OSMnx" changeset="1"><nd ref="3769069723" /><nd ref="913080867" /><tag k="lanes" v="1" /><tag k="oneway" v="yes" /><tag k="highway" v="secondary_link" /></way><way version="1" uid="1" visible="true" timestamp="2026-05-12T23:23:03Z" id="335717549" user="OSMnx" changeset="1"><nd ref="2598785470" /><nd ref="5350038440" /><tag k="lanes" v="2" /><tag k="name" v="Plaza de España" /><tag k="oneway" v="yes" /><tag k="highway" v="residential" /><tag k="maxspeed" v="50" /></way><way version="1" uid="1" visible="true" timestamp="2026-05-12T23:23:03Z" id="339929105" user="OSMnx" changeset="1"><nd ref="3471276063" /><nd ref="1364772380" /><nd ref="12400374752" /><nd ref="13027418001" /><nd ref="26578963" /><tag k="lanes" v="2" /><tag k="name" v="Calle de Martín de los Heros" /><tag k="oneway" v="yes" /><tag k="highway" v="residential" /></way><way version="1" uid="1" visible="true" timestamp="2026-05-12T23:23:03Z" id="339929108" user="OSMnx" changeset="1"><nd ref="26578956" /><nd ref="13076727692" /><nd ref="13076727691" /><nd ref="13076727690" /><nd ref="13076727689" /><nd ref="13076727688" /><nd ref="9439650465" /><nd ref="4157306544" /><nd ref="3471276063" /><tag k="lanes" v="2" /><tag k="name" v="Calle de Martín de los Heros" /><tag k="oneway" v="yes" /><tag k="highway" v="residential" /><tag k="maxspeed" v="30" /></way><way version="1" uid="1" visible="true" timestamp="2026-05-12T23:23:03Z" id="339929109" user="OSMnx" changeset="1"><nd ref="55138197" /><nd ref="5385241359" /><nd ref="929294336" /><nd ref="1378696879" /><nd ref="25935531" /><nd ref="1378696877" /><nd ref="13619184401" /><nd ref="622204587" /><nd ref="25935523" /><tag k="lanes" v="3" /><tag k="name" v="Calle de la Princesa" /><tag k="oneway" v="yes" /><tag k="highway" v="primary" /><tag k="maxspeed" v="50" /></way><way version="1" uid="1" visible="true" timestamp="2026-05-12T23:23:03Z" id="405940983" user="OSMnx" changeset="1"><nd ref="55138197" /><nd ref="8577075129" /><tag k="name" v="Calle de Benito Gutiérrez" /><tag k="oneway" v="yes" /><tag k="highway" v="residential" /><tag k="maxspeed" v="30" /></way><way version="1" uid="1" visible="true" timestamp="2026-05-12T23:23:03Z" id="414212315" user="OSMnx" changeset="1"><nd ref="26578942" /><nd ref="3033655162" /><nd ref="5385239919" /><nd ref="26578943" /><nd ref="8577075129" /><nd ref="1505080991" /><nd ref="26578944" /><tag k="lanes" v="3" /><tag k="name" v="Calle de la Princesa" /><tag k="oneway" v="yes" /><tag k="highway" v="primary" /><tag k="maxspeed" v="50" /></way><way version="1" uid="1" visible="true" timestamp="2026-05-12T23:23:03Z" id="423876763" user="OSMnx" changeset="1"><nd ref="55161108" /><nd ref="8440879530" /><nd ref="1179021961" /><nd ref="55161119" /><tag k="lanes" v="3" /><tag k="name" v="Calle de Ferraz" /><tag k="oneway" v="yes" /><tag k="highway" v="secondary" /><tag k="maxspeed" v="50" /></way><way version="1" uid="1" visible="true" timestamp="2026-05-12T23:23:03Z" id="423876764" user="OSMnx" changeset="1"><nd ref="55161108" /><nd ref="1358036203" /><nd ref="55161100" /><nd ref="55161094" /><nd ref="4437657600" /><nd ref="55161091" /><nd ref="1179022518" /><nd ref="12400374733" /><nd ref="25935540" /><tag k="lanes" v="1" /><tag k="name" v="Calle del Buen Suceso" /><tag k="oneway" v="yes" /><tag k="highway" v="residential" /><tag k="maxspeed" v="30" /></way><way version="1" uid="1" visible="true" timestamp="2026-05-12T23:23:03Z" id="428829834" user="OSMnx" changeset="1"><nd ref="26067881" /><nd ref="1789638279" /><nd ref="5385241356" /><nd ref="298609370" /><nd ref="7934347520" /><nd ref="26068006" /><nd ref="1501200385" /><nd ref="26067866" /><tag k="lanes" v="2" /><tag k="name" v="Calle de la Princesa" /><tag k="oneway" v="yes" /><tag k="highway" v="residential" /><tag k="maxspeed" v="30" /></way><way version="1" uid="1" visible="true" timestamp="2026-05-12T23:23:03Z" id="431525591" user="OSMnx" changeset="1"><nd ref="55161059" /><nd ref="55161082" /><nd ref="55161094" /><nd ref="4245283126" /><nd ref="55161130" /><tag k="lanes" v="1" /><tag k="name" v="Calle de Martín de los Heros" /><tag k="oneway" v="yes" /><tag k="highway" v="residential" /><tag k="maxspeed" v="30" /></way><way version="1" uid="1" visible="true" timestamp="2026-05-12T23:23:03Z" id="431525592" user="OSMnx" changeset="1"><nd ref="55161064" /><nd ref="55161030" /><nd ref="55138166" /><nd ref="7619689678" /><nd ref="7619689680" /><nd ref="55161049" /><tag k="name" v="Calle de Juan Álvarez Mendizábal" /><tag k="oneway" v="yes" /><tag k="highway" v="residential" /><tag k="maxspeed" v="50" /></way><way version="1" uid="1" visible="true" timestamp="2026-05-12T23:23:03Z" id="431525593" user="OSMnx" changeset="1"><nd ref="55161064" /><nd ref="4346484128" /><nd ref="55161067" /><nd ref="1364770912" /><nd ref="26080757" /><tag k="name" v="Calle del Rey Francisco" /><tag k="oneway" v="yes" /><tag k="highway" v="residential" /><tag k="maxspeed" v="50" /></way><way version="1" uid="1" visible="true" timestamp="2026-05-12T23:23:03Z" id="436929719" user="OSMnx" changeset="1"><nd ref="26080659" /><nd ref="1364770887" /><nd ref="26080658" /><tag k="lanes" v="3" /><tag k="name" v="Calle de Ferraz" /><tag k="oneway" v="yes" /><tag k="highway" v="secondary" /></way><way version="1" uid="1" visible="true" timestamp="2026-05-12T23:23:03Z" id="511223669" user="OSMnx" changeset="1"><nd ref="12400374810" /><nd ref="26578944" /><tag k="lanes" v="5" /><tag k="name" v="Calle de Meléndez Valdés" /><tag k="oneway" v="yes" /><tag k="highway" v="residential" /></way><way version="1" uid="1" visible="true" timestamp="2026-05-12T23:23:03Z" id="511777785" user="OSMnx" changeset="1"><nd ref="5005343788" /><nd ref="13027284300" /><nd ref="913080867" /><tag k="lanes" v="4" /><tag k="name" v="Paseo de Moret" /><tag k="oneway" v="no" /><tag k="highway" v="secondary" /></way><way version="1" uid="1" visible="true" timestamp="2026-05-12T23:23:03Z" id="511777786" user="OSMnx" changeset="1"><nd ref="5005343789" /><nd ref="5005343788" /><tag k="lanes" v="4" /><tag k="name" v="Paseo de Moret" /><tag k="oneway" v="no" /><tag k="highway" v="secondary" /></way><way version="1" uid="1" visible="true" timestamp="2026-05-12T23:23:03Z" id="511777787" user="OSMnx" changeset="1"><nd ref="5005343790" /><nd ref="5005343789" /><tag k="lanes" v="4" /><tag k="name" v="Paseo de Moret" /><tag k="oneway" v="no" /><tag k="highway" v="secondary" /></way><way version="1" uid="1" visible="true" timestamp="2026-05-12T23:23:03Z" id="511895882" user="OSMnx" changeset="1"><nd ref="5006352946" /><nd ref="11280466187" /><tag k="lanes" v="3" /><tag k="name" v="Calle de la Princesa" /><tag k="oneway" v="yes" /><tag k="highway" v="primary" /><tag k="maxspeed" v="50" /></way><way version="1" uid="1" visible="true" timestamp="2026-05-12T23:23:03Z" id="520069216" user="OSMnx" changeset="1"><nd ref="26067885" /><nd ref="7965756605" /><nd ref="13619179685" /><nd ref="1789638281" /><nd ref="7934347515" /><tag k="lanes" v="3" /><tag k="name" v="Calle de la Princesa" /><tag k="oneway" v="yes" /><tag k="highway" v="primary" /><tag k="maxspeed" v="50" /></way><way version="1" uid="1" visible="true" timestamp="2026-05-12T23:23:03Z" id="520069217" user="OSMnx" changeset="1"><nd ref="26080779" /><nd ref="927751052" /><tag k="lanes" v="2" /><tag k="name" v="Calle de la Princesa" /><tag k="oneway" v="yes" /><tag k="highway" v="primary" /></way><way version="1" uid="1" visible="true" timestamp="2026-05-12T23:23:03Z" id="542325012" user="OSMnx" changeset="1"><nd ref="1352957236" /><nd ref="2598785470" /><tag k="lanes" v="3" /><tag k="name" v="Plaza de España" /><tag k="oneway" v="yes" /><tag k="highway" v="residential" /><tag k="maxspeed" v="50" /></way><way version="1" uid="1" visible="true" timestamp="2026-05-12T23:23:03Z" id="542325013" user="OSMnx" changeset="1"><nd ref="9307495429" /><nd ref="10016776546" /><nd ref="13665143717" /><nd ref="13665143709" /><nd ref="13665143716" /><nd ref="960747254" /><nd ref="10016776550" /><nd ref="9307495438" /><nd ref="13665143715" /><nd ref="10016776551" /><nd ref="9307495431" /><nd ref="9307495432" /><tag k="lanes" v="3" /><tag k="name" v="Plaza de España" /><tag k="oneway" v="yes" /><tag k="highway" v="primary" /><tag k="maxspeed" v="50" /></way><way version="1" uid="1" visible="true" timestamp="2026-05-12T23:23:03Z" id="545103682" user="OSMnx" changeset="1"><nd ref="1501200369" /><nd ref="1352957251" /><nd ref="913224073" /><tag k="lanes" v="3" /><tag k="name" v="Plaza de España" /><tag k="oneway" v="yes" /><tag k="highway" v="primary" /><tag k="maxspeed" v="50" /></way><way version="1" uid="1" visible="true" timestamp="2026-05-12T23:23:03Z" id="545103684" user="OSMnx" changeset="1"><nd ref="5559534844" /><nd ref="5268725087" /><nd ref="10016776552" /><nd ref="5559534846" /><nd ref="5342725027" /><tag k="lanes" v="1" /><tag k="name" v="Plaza de España" /><tag k="oneway" v="yes" /><tag k="highway" v="residential" /><tag k="maxspeed" v="30" /></way><way version="1" uid="1" visible="true" timestamp="2026-05-12T23:23:03Z" id="546584317" user="OSMnx" changeset="1"><nd ref="26067866" /><nd ref="12400374724" /><nd ref="12410343602" /><tag k="lanes" v="1" /><tag k="name" v="Plaza de España" /><tag k="oneway" v="yes" /><tag k="highway" v="living_street" /><tag k="maxspeed" v="20" /></way><way version="1" uid="1" visible="true" timestamp="2026-05-12T23:23:03Z" id="546584319" user="OSMnx" changeset="1"><nd ref="12410343602" /><nd ref="913224061" /><nd ref="26068010" /><nd ref="26068003" /><nd ref="9306444660" /><tag k="lanes" v="1" /><tag k="name" v="Plaza de España" /><tag k="oneway" v="yes" /><tag k="highway" v="living_street" /><tag k="maxspeed" v="20" /></way><way version="1" uid="1" visible="true" timestamp="2026-05-12T23:23:03Z" id="548526337" user="OSMnx" changeset="1"><nd ref="5559534844" /><nd ref="5268725083" /><nd ref="5559534847" /><nd ref="13665143708" /><nd ref="12410331097" /><nd ref="13665143707" /><nd ref="13665143706" /><nd ref="5268725084" /><nd ref="1352957241" /><tag k="lanes" v="1" /><tag k="name" v="Plaza de España" /><tag k="oneway" v="yes" /><tag k="highway" v="residential" /><tag k="maxspeed" v="30" /><tag k="access" v="no" /></way><way version="1" uid="1" visible="true" timestamp="2026-05-12T23:23:03Z" id="554357607" user="OSMnx" changeset="1"><nd ref="13076727652" /><nd ref="13076727651" /><nd ref="13076727650" /><nd ref="13076727648" /><tag k="lanes" v="3" /><tag k="name" v="Paseo del Pintor Rosales" /><tag k="oneway" v="yes" /><tag k="highway" v="secondary" /><tag k="maxspeed" v="50" /></way><way version="1" uid="1" visible="true" timestamp="2026-05-12T23:23:03Z" id="604682695" user="OSMnx" changeset="1"><nd ref="55161124" /><nd ref="8447121533" /><nd ref="55161130" /><tag k="lanes" v="4" /><tag k="name" v="Calle del Marqués de Urquijo" /><tag k="oneway" v="yes" /><tag k="highway" v="primary" /><tag k="maxspeed" v="50" /></way><way version="1" uid="1" visible="true" timestamp="2026-05-12T23:23:03Z" id="604682696" user="OSMnx" changeset="1"><nd ref="55161135" /><nd ref="5273358099" /><tag k="lanes" v="1" /><tag k="name" v="Calle de Tutor" /><tag k="oneway" v="yes" /><tag k="highway" v="residential" /><tag k="maxspeed" v="30" /></way><way version="1" uid="1" visible="true" timestamp="2026-05-12T23:23:03Z" id="604682697" user="OSMnx" changeset="1"><nd ref="55161135" /><nd ref="5273361955" /><nd ref="13619179697" /><nd ref="622204581" /><nd ref="12400374736" /><nd ref="25935524" /><tag k="lanes" v="3" /><tag k="name" v="Calle del Marqués de Urquijo" /><tag k="oneway" v="yes" /><tag k="highway" v="primary" /><tag k="maxspeed" v="50" /></way><way version="1" uid="1" visible="true" timestamp="2026-05-12T23:23:03Z" id="673102680" user="OSMnx" changeset="1"><nd ref="292118651" /><nd ref="292118733" /><tag k="lanes" v="2" /><tag k="name" v="Plaza de España" /><tag k="oneway" v="yes" /><tag k="highway" v="secondary" /><tag k="tunnel" v="yes" /></way><way version="1" uid="1" visible="true" timestamp="2026-05-12T23:23:03Z" id="687241632" user="OSMnx" changeset="1"><nd ref="55161167" /><nd ref="1095709764" /><tag k="lanes" v="2" /><tag k="name" v="Calle del Marqués de Urquijo" /><tag k="oneway" v="yes" /><tag k="highway" v="primary" /><tag k="maxspeed" v="30" /></way><way version="1" uid="1" visible="true" timestamp="2026-05-12T23:23:03Z" id="687463489" user="OSMnx" changeset="1"><nd ref="937706305" /><nd ref="7140036355" /><nd ref="26080664" /><tag k="lanes" v="4" /><tag k="name" v="Paseo del Pintor Rosales" /><tag k="oneway" v="yes" /><tag k="highway" v="secondary" /></way><way version="1" uid="1" visible="true" timestamp="2026-05-12T23:23:03Z" id="687463490" user="OSMnx" changeset="1"><nd ref="623071227" /><nd ref="7968363511" /><nd ref="454563947" /><nd ref="26080667" /><nd ref="292123017" /><tag k="lanes" v="4" /><tag k="name" v="Calle de Ferraz" /><tag k="oneway" v="yes" /><tag k="highway" v="secondary" /></way><way version="1" uid="1" visible="true" timestamp="2026-05-12T23:23:03Z" id="687465094" user="OSMnx" changeset="1"><nd ref="292123017" /><nd ref="7126146744" /><nd ref="9306444689" /><tag k="lanes" v="3" /><tag k="name" v="Calle de Ferraz" /><tag k="oneway" v="yes" /><tag k="highway" v="secondary" /></way><way version="1" uid="1" visible="true" timestamp="2026-05-12T23:23:03Z" id="687861983" user="OSMnx" changeset="1"><nd ref="5385241321" /><nd ref="1179022127" /><nd ref="25935515" /><tag k="lanes" v="3" /><tag k="name" v="Calle de la Princesa" /><tag k="oneway" v="yes" /><tag k="highway" v="primary" /></way><way version="1" uid="1" visible="true" timestamp="2026-05-12T23:23:03Z" id="746008107" user="OSMnx" changeset="1"><nd ref="55161119" /><nd ref="55161167" /><tag k="lanes" v="3" /><tag k="name" v="Calle de Ferraz" /><tag k="oneway" v="yes" /><tag k="highway" v="secondary" /><tag k="maxspeed" v="50" /></way><way version="1" uid="1" visible="true" timestamp="2026-05-12T23:23:03Z" id="746008110" user="OSMnx" changeset="1"><nd ref="25935532" /><nd ref="6981674372" /><nd ref="26578942" /><tag k="lanes" v="3" /><tag k="name" v="Calle de la Princesa" /><tag k="oneway" v="yes" /><tag k="highway" v="primary" /></way><way version="1" uid="1" visible="true" timestamp="2026-05-12T23:23:03Z" id="762649989" user="OSMnx" changeset="1"><nd ref="1855048164" /><nd ref="7968363521" /><nd ref="10604931740" /><nd ref="7991193695" /><tag k="lanes" v="3" /><tag k="name" v="Calle de Ferraz" /><tag k="oneway" v="yes" /><tag k="highway" v="secondary" /><tag k="tunnel" v="yes" /><tag k="maxspeed" v="40" /></way><way version="1" uid="1" visible="true" timestamp="2026-05-12T23:23:03Z" id="763501191" user="OSMnx" changeset="1"><nd ref="13076727663" /><nd ref="13076727662" /><tag k="lanes" v="4" /><tag k="name" v="Paseo de Moret" /><tag k="oneway" v="yes" /><tag k="highway" v="secondary" /><tag k="maxspeed" v="50" /></way><way version="1" uid="1" visible="true" timestamp="2026-05-12T23:23:03Z" id="764265149" user="OSMnx" changeset="1"><nd ref="26080755" /><nd ref="1715383485" /><nd ref="26080663" /><tag k="lanes" v="4" /><tag k="name" v="Paseo del Pintor Rosales" /><tag k="oneway" v="yes" /><tag k="highway" v="secondary" /><tag k="maxspeed" v="50" /></way><way version="1" uid="1" visible="true" timestamp="2026-05-12T23:23:03Z" id="807911343" user="OSMnx" changeset="1"><nd ref="55161049" /><nd ref="7619689676" /><nd ref="1855048168" /><nd ref="7537446010" /><tag k="lanes" v="2" /><tag k="name" v="Calle de Ventura Rodríguez" /><tag k="oneway" v="yes" /><tag k="highway" v="primary" /><tag k="maxspeed" v="50" /></way><way version="1" uid="1" visible="true" timestamp="2026-05-12T23:23:03Z" id="815856974" user="OSMnx" changeset="1"><nd ref="7619712787" /><nd ref="7619712786" /><nd ref="4110036588" /><nd ref="7619689677" /><nd ref="7619689681" /><nd ref="7619689679" /><nd ref="7619689676" /><tag k="name" v="Calle de Juan Álvarez Mendizábal" /><tag k="oneway" v="yes" /><tag k="highway" v="residential" /><tag k="maxspeed" v="30" /></way><way version="1" uid="1" visible="true" timestamp="2026-05-12T23:23:03Z" id="815856975" user="OSMnx" changeset="1"><nd ref="55161046" /><nd ref="3100329628" /><nd ref="55161049" /><tag k="lanes" v="2" /><tag k="name" v="Calle de Ventura Rodríguez" /><tag k="oneway" v="yes" /><tag k="highway" v="primary" /><tag k="maxspeed" v="50" /></way><way version="1" uid="1" visible="true" timestamp="2026-05-12T23:23:03Z" id="815856977" user="OSMnx" changeset="1"><nd ref="7619712795" /><nd ref="7619712789" /><nd ref="7126146758" /><nd ref="9281775202" /><nd ref="7619712787" /><tag k="lanes" v="1" /><tag k="name" v="Plaza de España" /><tag k="oneway" v="yes" /><tag k="highway" v="living_street" /><tag k="maxspeed" v="20" /></way><way version="1" uid="1" visible="true" timestamp="2026-05-12T23:23:03Z" id="815856978" user="OSMnx" changeset="1"><nd ref="7619712797" /><nd ref="7619712793" /><nd ref="7619712792" /><nd ref="7619712791" /><nd ref="7619712790" /><nd ref="7619712795" /><tag k="lanes" v="1" /><tag k="name" v="Calle de Ferraz" /><tag k="oneway" v="yes" /><tag k="highway" v="living_street" /><tag k="maxspeed" v="20" /></way><way version="1" uid="1" visible="true" timestamp="2026-05-12T23:23:03Z" id="815856979" user="OSMnx" changeset="1"><nd ref="10931205596" /><nd ref="9306444692" /><nd ref="7968363513" /><nd ref="7968363515" /><nd ref="7991188275" /><nd ref="11327800846" /><nd ref="8325971338" /><tag k="lanes" v="1" /><tag k="name" v="Calle de Ferraz" /><tag k="oneway" v="yes" /><tag k="highway" v="residential" /><tag k="maxspeed" v="30" /></way><way version="1" uid="1" visible="true" timestamp="2026-05-12T23:23:03Z" id="815856980" user="OSMnx" changeset="1"><nd ref="7555089991" /><nd ref="7968363523" /><tag k="lanes" v="3" /><tag k="name" v="Calle de Ferraz" /><tag k="oneway" v="yes" /><tag k="highway" v="primary" /><tag k="maxspeed" v="40" /></way><way version="1" uid="1" visible="true" timestamp="2026-05-12T23:23:03Z" id="850049293" user="OSMnx" changeset="1"><nd ref="893869107" /><nd ref="7930651356" /><nd ref="7930651357" /><nd ref="7930651358" /><nd ref="13619179683" /><nd ref="4110093642" /><nd ref="7930651361" /><tag k="lanes" v="3" /><tag k="name" v="Duque de Liria" /><tag k="oneway" v="yes" /><tag k="highway" v="primary" /><tag k="maxspeed" v="30" /></way><way version="1" uid="1" visible="true" timestamp="2026-05-12T23:23:03Z" id="850469758" user="OSMnx" changeset="1"><nd ref="12840937955" /><nd ref="7934347506" /><nd ref="13619179684" /><nd ref="7934347509" /><nd ref="7934347510" /><nd ref="7934347511" /><tag k="lanes" v="2" /><tag k="name" v="Duque de Liria" /><tag k="oneway" v="yes" /><tag k="highway" v="primary" /></way><way version="1" uid="1" visible="true" timestamp="2026-05-12T23:23:03Z" id="854461430" user="OSMnx" changeset="1"><nd ref="8325971338" /><nd ref="26080688" /><tag k="lanes" v="3" /><tag k="name" v="Calle de Ferraz" /><tag k="oneway" v="yes" /><tag k="highway" v="secondary" /></way><way version="1" uid="1" visible="true" timestamp="2026-05-12T23:23:03Z" id="854461432" user="OSMnx" changeset="1"><nd ref="7991193695" /><nd ref="8325971338" /><tag k="lanes" v="3" /><tag k="name" v="Calle de Ferraz" /><tag k="oneway" v="yes" /><tag k="highway" v="secondary" /></way><way version="1" uid="1" visible="true" timestamp="2026-05-12T23:23:03Z" id="854461433" user="OSMnx" changeset="1"><nd ref="7619712797" /><nd ref="9306444693" /><nd ref="7555089990" /><nd ref="7968363514" /><nd ref="7555089991" /><tag k="lanes" v="2" /><tag k="name" v="Calle de Ventura Rodríguez" /><tag k="oneway" v="yes" /><tag k="highway" v="primary" /></way><way version="1" uid="1" visible="true" timestamp="2026-05-12T23:23:03Z" id="858720949" user="OSMnx" changeset="1"><nd ref="292118700" /><nd ref="7968363535" /><tag k="lanes" v="3" /><tag k="name" v="Cuesta de San Vicente" /><tag k="oneway" v="yes" /><tag k="highway" v="primary" /><tag k="tunnel" v="yes" /><tag k="maxspeed" v="50" /></way><way version="1" uid="1" visible="true" timestamp="2026-05-12T23:23:03Z" id="858885642" user="OSMnx" changeset="1"><nd ref="55161074" /><nd ref="1358036199" /><nd ref="8473661003" /><nd ref="1358036201" /><nd ref="55161108" /><tag k="lanes" v="3" /><tag k="name" v="Calle de Ferraz" /><tag k="oneway" v="yes" /><tag k="highway" v="secondary" /><tag k="maxspeed" v="50" /></way><way version="1" uid="1" visible="true" timestamp="2026-05-12T23:23:03Z" id="858885643" user="OSMnx" changeset="1"><nd ref="55161074" /><nd ref="1358036197" /><nd ref="1364770953" /><nd ref="26080763" /><tag k="lanes" v="2" /><tag k="name" v="Calle de Quintana" /><tag k="oneway" v="yes" /><tag k="highway" v="residential" /><tag k="maxspeed" v="50" /></way><way version="1" uid="1" visible="true" timestamp="2026-05-12T23:23:03Z" id="873314041" user="OSMnx" changeset="1"><nd ref="7934347511" /><nd ref="13619179686" /><nd ref="1789638282" /><nd ref="26067884" /><tag k="lanes" v="3" /><tag k="name" v="Calle de la Princesa" /><tag k="oneway" v="yes" /><tag k="highway" v="primary" /><tag k="maxspeed" v="50" /></way><way version="1" uid="1" visible="true" timestamp="2026-05-12T23:23:03Z" id="873314042" user="OSMnx" changeset="1"><nd ref="7934347511" /><nd ref="7934347512" /><nd ref="7934347513" /><nd ref="7934347514" /><nd ref="7934347515" /><tag k="lanes" v="2" /><tag k="name" v="Calle de la Princesa" /><tag k="oneway" v="yes" /><tag k="highway" v="primary" /><tag k="maxspeed" v="30" /></way><way version="1" uid="1" visible="true" timestamp="2026-05-12T23:23:03Z" id="873314043" user="OSMnx" changeset="1"><nd ref="7934347515" /><nd ref="26067881" /><tag k="lanes" v="3" /><tag k="name" v="Calle de la Princesa" /><tag k="oneway" v="yes" /><tag k="highway" v="primary" /><tag k="maxspeed" v="50" /></way><way version="1" uid="1" visible="true" timestamp="2026-05-12T23:23:03Z" id="907759981" user="OSMnx" changeset="1"><nd ref="25935522" /><nd ref="12400374761" /><nd ref="13619179699" /><tag k="lanes" v="4" /><tag k="name" v="Calle de Alberto Aguilera" /><tag k="oneway" v="yes" /><tag k="highway" v="primary" /><tag k="maxspeed" v="50" /></way><way version="1" uid="1" visible="true" timestamp="2026-05-12T23:23:03Z" id="908546755" user="OSMnx" changeset="1"><nd ref="1505081040" /><nd ref="12674385036" /><nd ref="1446632660" /><tag k="lanes" v="3" /><tag k="name" v="Calle de la Princesa" /><tag k="oneway" v="yes" /><tag k="highway" v="primary" /><tag k="maxspeed" v="50" /></way><way version="1" uid="1" visible="true" timestamp="2026-05-12T23:23:03Z" id="909084304" user="OSMnx" changeset="1"><nd ref="13076727653" /><nd ref="13076727652" /><tag k="lanes" v="3" /><tag k="name" v="Paseo del Pintor Rosales" /><tag k="oneway" v="yes" /><tag k="highway" v="secondary" /><tag k="maxspeed" v="50" /></way><way version="1" uid="1" visible="true" timestamp="2026-05-12T23:23:03Z" id="911311587" user="OSMnx" changeset="1"><nd ref="1067565849" /><nd ref="12354677173" /><nd ref="937660057" /><nd ref="1505081012" /><nd ref="26578954" /><tag k="lanes" v="3" /><tag k="name" v="Calle de la Princesa" /><tag k="oneway" v="yes" /><tag k="highway" v="primary" /><tag k="maxspeed" v="50" /></way><way version="1" uid="1" visible="true" timestamp="2026-05-12T23:23:03Z" id="940803290" user="OSMnx" changeset="1"><nd ref="5006352965" /><nd ref="5005343790" /><tag k="lanes" v="4" /><tag k="name" v="Paseo de Moret" /><tag k="oneway" v="no" /><tag k="highway" v="secondary" /></way><way version="1" uid="1" visible="true" timestamp="2026-05-12T23:23:03Z" id="976586079" user="OSMnx" changeset="1"><nd ref="26067257" /><nd ref="1501200393" /><nd ref="5385241323" /><tag k="lanes" v="3" /><tag k="name" v="Calle de la Princesa" /><tag k="oneway" v="yes" /><tag k="highway" v="primary" /></way><way version="1" uid="1" visible="true" timestamp="2026-05-12T23:23:03Z" id="1008751309" user="OSMnx" changeset="1"><nd ref="1501171070" /><nd ref="7968363533" /><nd ref="7968363534" /><nd ref="7968363535" /><tag k="lanes" v="2" /><tag k="name" v="Plaza de España" /><tag k="oneway" v="yes" /><tag k="highway" v="primary" /><tag k="tunnel" v="yes" /></way><way version="1" uid="1" visible="true" timestamp="2026-05-12T23:23:03Z" id="1008751310" user="OSMnx" changeset="1"><nd ref="9307490316" /><nd ref="13665155957" /><nd ref="10016776544" /><nd ref="13665155956" /><nd ref="9307495417" /><tag k="lanes" v="1" /><tag k="oneway" v="yes" /><tag k="highway" v="secondary_link" /><tag k="tunnel" v="yes" /></way><way version="1" uid="1" visible="true" timestamp="2026-05-12T23:23:03Z" id="1008751312" user="OSMnx" changeset="1"><nd ref="9307495418" /><nd ref="9281757109" /><nd ref="9307495420" /><nd ref="9307495429" /><tag k="lanes" v="1" /><tag k="oneway" v="yes" /><tag k="highway" v="secondary_link" /><tag k="tunnel" v="yes" /><tag k="access" v="no" /></way><way version="1" uid="1" visible="true" timestamp="2026-05-12T23:23:03Z" id="1085762238" user="OSMnx" changeset="1"><nd ref="7537446010" /><nd ref="13423404198" /><nd ref="7619712797" /><tag k="lanes" v="2" /><tag k="name" v="Calle de Ventura Rodríguez" /><tag k="oneway" v="yes" /><tag k="highway" v="primary" /></way><way version="1" uid="1" visible="true" timestamp="2026-05-12T23:23:03Z" id="1093659576" user="OSMnx" changeset="1"><nd ref="292118651" /><nd ref="9307495417" /><tag k="lanes" v="1" /><tag k="name" v="Plaza de España" /><tag k="oneway" v="yes" /><tag k="highway" v="residential" /><tag k="tunnel" v="yes" /><tag k="maxspeed" v="50" /></way><way version="1" uid="1" visible="true" timestamp="2026-05-12T23:23:03Z" id="1117831239" user="OSMnx" changeset="1"><nd ref="55161051" /><nd ref="1378696850" /><nd ref="13619179688" /><nd ref="12400374729" /><nd ref="26080779" /><tag k="lanes" v="2" /><tag k="name" v="Calle de Evaristo San Miguel" /><tag k="oneway" v="yes" /><tag k="highway" v="residential" /></way><way version="1" uid="1" visible="true" timestamp="2026-05-12T23:23:03Z" id="1117831240" user="OSMnx" changeset="1"><nd ref="55138206" /><nd ref="7537446003" /><nd ref="7537446004" /><nd ref="4285281350" /><nd ref="55161044" /><nd ref="927751050" /><nd ref="55161051" /><tag k="lanes" v="1" /><tag k="name" v="Calle de Tutor" /><tag k="oneway" v="yes" /><tag k="highway" v="residential" /><tag k="maxspeed" v="30" /></way><way version="1" uid="1" visible="true" timestamp="2026-05-12T23:23:03Z" id="1137690631" user="OSMnx" changeset="1"><nd ref="55161119" /><nd ref="3471365915" /><nd ref="13448660818" /><nd ref="55161124" /><tag k="lanes" v="3" /><tag k="name" v="Calle del Marqués de Urquijo" /><tag k="oneway" v="yes" /><tag k="highway" v="primary" /><tag k="maxspeed" v="50" /></way><way version="1" uid="1" visible="true" timestamp="2026-05-12T23:23:03Z" id="1137690637" user="OSMnx" changeset="1"><nd ref="9306444689" /><nd ref="7555089991" /><tag k="lanes" v="3" /><tag k="name" v="Calle de Ferraz" /><tag k="oneway" v="yes" /><tag k="highway" v="secondary" /></way><way version="1" uid="1" visible="true" timestamp="2026-05-12T23:23:03Z" id="1217318545" user="OSMnx" changeset="1"><nd ref="5342725027" /><nd ref="5268725088" /><nd ref="5350038440" /><tag k="lanes" v="1" /><tag k="name" v="Plaza de España" /><tag k="oneway" v="yes" /><tag k="highway" v="residential" /><tag k="maxspeed" v="30" /></way><way version="1" uid="1" visible="true" timestamp="2026-05-12T23:23:03Z" id="1217444756" user="OSMnx" changeset="1"><nd ref="8577075130" /><nd ref="26578946" /><tag k="lanes" v="3" /><tag k="name" v="Calle de la Princesa" /><tag k="oneway" v="yes" /><tag k="highway" v="primary" /><tag k="maxspeed" v="50" /></way><way version="1" uid="1" visible="true" timestamp="2026-05-12T23:23:03Z" id="1339188789" user="OSMnx" changeset="1"><nd ref="26578956" /><nd ref="6981674370" /><nd ref="26578957" /><nd ref="55161188" /><tag k="name" v="Calle de Romero Robledo" /><tag k="oneway" v="yes" /><tag k="highway" v="residential" /><tag k="maxspeed" v="50" /></way><way version="1" uid="1" visible="true" timestamp="2026-05-12T23:23:03Z" id="1342361812" user="OSMnx" changeset="1"><nd ref="12410331099" /><nd ref="4110114627" /><tag k="lanes" v="4" /><tag k="name" v="Plaza de España" /><tag k="oneway" v="yes" /><tag k="highway" v="residential" /><tag k="maxspeed" v="50" /></way><way version="1" uid="1" visible="true" timestamp="2026-05-12T23:23:03Z" id="1447671250" user="OSMnx" changeset="1"><nd ref="5350038440" /><nd ref="12410331099" /><tag k="lanes" v="2" /><tag k="name" v="Plaza de España" /><tag k="oneway" v="yes" /><tag k="highway" v="residential" /><tag k="maxspeed" v="50" /></way><way version="1" uid="1" visible="true" timestamp="2026-05-12T23:23:03Z" id="1447671253" user="OSMnx" changeset="1"><nd ref="5342725027" /><nd ref="4110031995" /><nd ref="1501200369" /><tag k="lanes" v="1" /><tag k="name" v="Plaza de España" /><tag k="oneway" v="yes" /><tag k="highway" v="primary" /><tag k="maxspeed" v="50" /></way><way version="1" uid="1" visible="true" timestamp="2026-05-12T23:23:03Z" id="1463417677" user="OSMnx" changeset="1"><nd ref="7619712797" /><nd ref="10931205596" /><tag k="lanes" v="1" /><tag k="name" v="Calle de Ferraz" /><tag k="oneway" v="yes" /><tag k="highway" v="residential" /><tag k="maxspeed" v="30" /></way></osm>